mbs_id,mbs_oracle_sys_id,mbs_run_ldr_pct,mbs_ldr_prsn,mbs_ldr_calculated_pct,mbs_ldr_adjustment_pct,updated_at,updated_by
000fdf50-e711-4a4e-b9f4-dfccb14f8481,202402630,3.0000,3.0000,3.0000,,2026-09-07 14:24:16.976218+07,migration_000506_backfill
00179716-822e-43ad-9169-1b01aa644bd0,202603767,2.0000,2.0000,2.0000,,2026-09-08 09:21:50.2908+07,migration_000508_backfill
003727e9-4f4c-4dcc-9b61-3da26a5b855e,202410983,2.0000,2.0000,2.0000,,2026-09-08 09:21:50.2908+07,migration_000508_backfill
005d5f30-8a79-432f-9838-ee03d83ebc1e,202408858,1.1500,1.5000,1.5000,,2026-09-07 14:24:16.976218+07,migration_000506_backfill
00907668-3d0d-4d3b-b3e7-0b9f0937ab8b,,,,2.5000,,2026-09-09 08:52:39.893543+07,admin
0099d288-f3e3-4169-8ea8-015540cd5805,202104400,1.6700,,1.6500,,2026-09-09 08:52:44.854599+07,admin
00a2a0b5-825a-4bef-8ae4-8189bec15cf0,202208905,2.0600,2.0000,2.0000,,2026-09-07 14:24:16.976218+07,migration_000506_backfill
00e29833-82a4-4e34-8dcd-d21e94ce9945,202502203,8.5000,8.5000,8.5000,,2026-09-08 09:21:50.2908+07,migration_000508_backfill
00f09170-62fe-4a7c-aa84-2a691ffd8416,202601699,4.0000,4.0000,4.0000,,2026-09-08 09:21:50.2908+07,migration_000508_backfill
00ff5a7f-910f-4e18-8fb8-2a5256b1c55e,202411036,2.0000,2.0000,2.0000,,2026-09-08 09:21:50.2908+07,migration_000508_backfill
010baf71-4a7a-4ff2-9c77-fc9e23d379fe,202104412,4.1000,,4.0000,,2026-09-09 08:52:49.697807+07,admin
012e2dc9-da69-4a9d-9471-4c40061c2fa1,202512627,5.0000,5.0000,5.0000,,2026-09-08 09:21:50.2908+07,migration_000508_backfill
01529819-14f1-4edd-bb63-d68303855830,202507423,2.5000,2.5000,2.5000,,2026-09-08 09:21:50.2908+07,migration_000508_backfill
01598ae8-6a96-47b3-ac54-de96dc7ab8ce,202204804,1.7800,1.5000,1.5000,,2026-09-07 14:24:16.976218+07,migration_000506_backfill
0166d85a-070e-4789-87e0-5336dd24801e,202408834,3.5000,3.5000,3.5000,,2026-09-08 09:21:50.2908+07,migration_000508_backfill
01687906-7bfd-417e-b9a1-fdc360cca975,202301125,5.3000,5.1000,5.1000,,2026-09-07 14:24:16.976218+07,migration_000506_backfill
01729ea5-e3f1-4c17-a687-73987c216805,202110592,2.0100,2.0000,2.0000,,2026-09-07 14:24:16.976218+07,migration_000506_backfill
017310fb-ace4-47df-8aeb-e0fc56e97766,202207883,1.5000,1.5000,1.5000,,2026-09-07 14:24:16.976218+07,migration_000506_backfill
01a5c08a-b682-4744-a255-560d37f96767,,,,1.4800,,2026-09-09 08:52:38.349619+07,admin
01ad79b8-7b80-4249-89e1-7e4bab2093ba,202508438,2.0800,2.0000,2.0000,,2026-09-08 09:21:50.2908+07,migration_000508_backfill
01b51368-ea76-4a9e-87c2-2cebc311e1ef,202104231,1.5000,,1.5000,,2026-09-09 08:52:51.88681+07,admin
01bc8d21-072c-4255-bbcb-d96dc20067cb,202312562,2.1000,2.0000,2.0000,,2026-09-08 09:21:50.2908+07,migration_000508_backfill
01bda782-14ca-408f-9d21-e2fbb5fc59a7,202506325,4.0000,4.0000,4.0000,,2026-09-08 09:21:50.2908+07,migration_000508_backfill
01df0ad1-2bb7-4468-ac4e-d86ec2cb3c86,202309488,2.2300,2.1600,2.1600,,2026-09-08 09:21:50.2908+07,migration_000508_backfill
0210c4b4-10bc-4c4a-96b6-b20ab43e8b17,202509506,1.5000,1.5000,1.5000,,2026-09-08 09:21:50.2908+07,migration_000508_backfill
024f735c-b7ae-4a55-b95f-a37acf94e169,202308424,1.5000,1.5000,1.5000,,2026-09-07 14:24:16.976218+07,migration_000506_backfill
025144c7-3d21-487c-be5f-d9e2d678d7bd,202206856,2.5000,,2.5000,,2026-09-07 14:24:16.976218+07,migration_000506_backfill
027bbdff-8917-41a4-96b9-e8232396d962,202104512,1.3500,,1.5000,,2026-09-09 08:52:58.710762+07,admin
0292742b-aa2b-49b4-a262-cfe18ea2cae1,202602745,1.5000,2.0000,2.0000,,2026-09-08 09:21:50.2908+07,migration_000508_backfill
02e7c33e-a544-48d8-ae37-be117fe8a7e9,202309452,3.5000,3.5000,3.5000,,2026-09-07 14:24:16.976218+07,migration_000506_backfill
02f245c7-cfde-4736-a902-947c0073da3e,202301117,2.3200,2.0000,2.0000,,2026-09-07 14:24:16.976218+07,migration_000506_backfill
02f3d7cb-fdaf-46ad-a721-e113f4d29a07,202604859,1.5000,1.5000,1.5000,,2026-09-08 09:21:50.2908+07,migration_000508_backfill
0314dfe6-e86c-4d97-888e-45d24a402775,202403641,3.0000,3.0000,3.0000,,2026-09-08 09:21:50.2908+07,migration_000508_backfill
034ed617-3e12-44ca-82cd-83886d3ea91c,202501081,1.0000,1.0000,1.0000,,2026-09-08 09:21:50.2908+07,migration_000508_backfill
03614a91-48c5-4346-be1f-c33759223b1c,202302140,2.2500,,,,2023-02-14 00:00:00+07,SINTIA
0361e499-a1ab-411a-a82e-be0cd4c9bc71,202409899,3.0000,3.0000,3.0000,,2026-09-08 09:21:50.2908+07,migration_000508_backfill
03778263-2ef5-4bd6-aff7-1a6da7127a57,202301106,2.0400,1.5000,1.5000,,2026-09-07 14:24:16.976218+07,migration_000506_backfill
03838138-535b-4f14-8f65-ce1707846890,202310513,1.9200,1.5000,1.5000,,2026-09-08 09:21:50.2908+07,migration_000508_backfill
03a77c6e-4b1a-4c2e-9ecd-b2efab519804,202403639,6.0000,5.0000,5.0000,,2026-09-08 09:21:50.2908+07,migration_000508_backfill
03aae525-5656-4821-a0b8-204b5852f621,202206859,3.0000,,3.0000,,2026-09-07 14:24:16.976218+07,migration_000506_backfill
03ad47f8-5428-4a96-aa79-12a8d7730fe9,202508437,2.2200,2.0000,2.0000,,2026-09-08 09:21:50.2908+07,migration_000508_backfill
03ec83d8-73c7-49f0-a7f0-d1fd7a55cf87,202507414,1.5000,1.5000,1.5000,,2026-09-08 09:21:50.2908+07,migration_000508_backfill
042590fe-cec2-478b-b839-5641c7e3a1e3,202411045,3.8300,4.0000,4.0000,,2026-09-08 09:21:50.2908+07,migration_000508_backfill
042ce85d-64e6-459b-b84b-cbc427185be2,202306283,1.5000,1.5000,1.5000,,2026-09-08 09:21:50.2908+07,migration_000508_backfill
043bfe71-b750-4d9d-aab0-d4ae10143239,202408828,1.0000,1.0000,1.0000,,2026-09-07 14:24:16.976218+07,migration_000506_backfill
043ce5b9-0516-4b12-85e2-36c1a0105d1e,202501161,2.0000,2.0000,2.0000,,2026-09-08 09:21:50.2908+07,migration_000508_backfill
04673948-d604-4525-8a89-e2e3e8d1bd06,202308406,3.5000,3.5000,3.5000,,2026-09-08 09:21:50.2908+07,migration_000508_backfill
046e09ea-2578-452b-b2ad-bbf876247ded,202604848,1.5000,1.5000,1.5000,,2026-09-08 09:21:50.2908+07,migration_000508_backfill
04761aef-c002-4e6f-9938-559dfc0ee1ca,202110611,1.8300,1.5000,1.5000,,2026-09-07 14:24:16.976218+07,migration_000506_backfill
047db2e5-7cd9-47ed-a53f-cc880372dad2,202104319,3.2400,,3.2500,,2026-09-09 08:52:38.775867+07,admin
0481b248-c627-440a-95b6-9dcbacfb7505,202507385,3.0000,3.0000,3.0000,,2026-09-08 09:21:50.2908+07,migration_000508_backfill
0489c70e-db59-4a4a-98f2-e8557376179e,202411044,3.8000,4.0000,4.0000,,2026-09-08 09:21:50.2908+07,migration_000508_backfill
04a3b49d-038d-43a4-adb2-405d2ab120b8,202208912,2.0000,2.0000,2.0000,,2026-09-07 14:24:16.976218+07,migration_000506_backfill
04a7af49-0971-40b4-8ecd-a0d81d8bcb76,202212077,1.9000,1.8000,1.8000,,2026-09-07 14:24:16.976218+07,migration_000506_backfill
04b3b015-4a90-479c-94b8-198b979677a8,202511580,2.5000,2.5000,2.5000,,2026-09-08 09:21:50.2908+07,migration_000508_backfill
04c7cb12-aecd-4f0b-ac5a-95661b6c8719,202309495,2.4000,,1.8400,,2026-09-09 08:52:45.193902+07,admin
04c9eff1-864e-45af-831a-9b2af33a237e,202308372,3.5000,3.5000,3.5000,,2026-09-08 09:21:50.2908+07,migration_000508_backfill
04daed88-39d1-47e3-9172-0dc7d3743328,202406747,3.5000,3.5000,3.5000,,2026-09-08 09:21:50.2908+07,migration_000508_backfill
04fd1049-53f8-4925-a660-0312faa8c498,202206873,1.5000,1.5000,1.5000,,2026-09-07 14:24:16.976218+07,migration_000506_backfill
05053a39-6bfb-4a8a-995d-d7a27723ad0b,202203756,2.0000,2.0000,2.0000,,2026-09-07 14:24:16.976218+07,migration_000506_backfill
0528802f-a350-4a6e-baf3-0b9ab96f32c6,,,,1.7000,,2026-09-09 08:52:39.624642+07,admin
05452b14-e520-48c3-a76d-436a0b40ade8,202501170,4.0000,4.0000,4.0000,,2026-09-08 09:21:50.2908+07,migration_000508_backfill
0562027d-bb0b-4816-b339-30224aec7b0d,202509537,1.6500,2.0000,2.0000,,2026-09-08 09:21:50.2908+07,migration_000508_backfill
05a45fa1-4b72-4c85-8c87-34ab81be7986,202507405,5.0000,5.0000,5.0000,,2026-09-08 09:21:50.2908+07,migration_000508_backfill
05bb3940-293e-40a4-ab8a-80f229be88d3,202207887,4.0000,4.0000,4.0000,,2026-09-07 14:24:16.976218+07,migration_000506_backfill
05d7c4a0-3e3c-4139-ac8c-31d92724199c,202106525,1.7300,1.5000,1.5000,,2026-09-09 08:52:54.179234+07,admin
060ce5c0-f213-4cc9-af57-5c434a85953c,202104348,4.3000,,4.3000,,2026-09-09 08:52:47.422594+07,admin
060d5346-20c6-411d-908d-2d737b985378,,,,2.0000,,2026-09-09 08:52:39.974897+07,admin
061e7329-ae31-41eb-95c5-e8783b5a6460,202502190,1.9000,,1.8000,,2026-09-09 08:52:41.589758+07,admin
0622ff8c-9cd0-44d4-a39e-5ac9c7ff7de4,202104019,1.8800,,1.8800,,2026-09-08 09:21:50.2908+07,migration_000508_backfill
0624457f-f6e1-4e13-8933-79e6007e457d,202104212,2.2500,,2.2000,,2026-09-08 09:21:50.2908+07,migration_000508_backfill
062705f5-319f-422e-ac9b-6f550df7c2ef,202411996,2.3400,2.0000,2.0000,,2026-09-08 09:21:50.2908+07,migration_000508_backfill
062c4805-7742-47b2-a69c-4a3f6cddf035,202505265,4.4600,5.0000,5.0000,,2026-09-08 09:21:50.2908+07,migration_000508_backfill
062d2fe1-0c1e-4028-8006-0604db19c2ac,202104438,1.4500,,1.4500,,2026-09-09 08:52:43.959997+07,admin
06347509-b728-42e3-b8ac-426a2a310ff6,202506296,3.5000,3.5000,3.5000,,2026-09-08 09:21:50.2908+07,migration_000508_backfill
063e7646-9758-436a-874e-f436f5d836e8,202210984,4.0000,4.0000,4.0000,,2026-09-07 14:24:16.976218+07,migration_000506_backfill
0640794f-5e02-4df3-9605-c5691bf65374,202304220,1.5000,1.5000,1.5000,,2026-09-07 14:24:16.976218+07,migration_000506_backfill
065879d9-2d67-4a8e-b22e-f40a2795ebad,202605904,2.0000,2.0000,2.0000,,2026-09-08 09:21:50.2908+07,migration_000508_backfill
0676666f-0e8c-40e3-a3a4-c6c8d7f12666,202310528,1.8000,2.5000,2.5000,,2026-09-09 08:52:39.893543+07,admin
06786076-f0d2-40c7-9964-1911adc538ae,202411042,4.0000,,4.0000,,2026-09-07 14:24:16.976218+07,migration_000506_backfill
068d0de0-e62d-4c7a-b6e5-ee582d0c8f21,202506321,1.9800,2.0000,2.0000,,2026-09-08 09:21:50.2908+07,migration_000508_backfill
069ad845-b5c4-498f-a6d6-2bf38eab05f5,202602748,2.0000,2.0000,2.0000,,2026-09-08 09:21:50.2908+07,migration_000508_backfill
06a11b8d-f4da-4366-aca7-2e10f13bbe16,202104361,1.0500,,1.1100,,2026-09-09 08:52:51.059342+07,admin
06a61713-3244-46db-9f7e-3d9798fd4e6f,202606921,2.0000,2.0000,2.0000,,2026-09-08 09:21:50.2908+07,migration_000508_backfill
06d83f0a-bae6-4436-952f-488b9c283e24,202508478,1.5000,2.0000,2.0000,,2026-09-07 14:24:16.976218+07,migration_000506_backfill
06ecbf10-c9e2-46c4-96fb-a763fd327a4e,202308422,1.5000,1.5000,1.5000,,2026-09-08 09:21:50.2908+07,migration_000508_backfill
06fe3c47-12cb-42d0-be46-995aa53db452,202409883,3.0000,3.0000,3.0000,,2026-09-08 09:21:50.2908+07,migration_000508_backfill
070a7909-b21e-437a-a8a6-5153d5589681,202210994,2.0000,2.0000,2.0000,,2026-09-07 14:24:16.976218+07,migration_000506_backfill
0713694f-a008-4498-a1a0-207cc2e5b156,202605905,6.0000,6.0000,6.0000,,2026-09-08 09:21:50.2908+07,migration_000508_backfill
071da5d3-eb8f-40a5-91d9-155a3e947618,202501104,1.9000,2.0000,2.0000,,2026-09-08 09:21:50.2908+07,migration_000508_backfill
072011ad-bd5d-4bb3-9c9f-d6a354804cb3,202202745,3.5700,,3.5700,,2026-09-08 09:21:50.2908+07,migration_000508_backfill
072c7311-b991-40a0-b2ab-c6f4f5c108f1,202104179,2.8000,,2.8000,,2026-09-08 09:21:50.2908+07,migration_000508_backfill
073ac256-d21f-4ec5-a69c-8cfa3a2fc5b5,202104354,1.2300,,1.2300,,2026-09-09 08:52:44.900099+07,admin
073e06d6-836f-42c5-b9a5-c6344e3a64aa,202104222,1.5000,,1.4700,,2026-09-09 08:52:47.284341+07,admin
0769e210-0051-4be7-b823-b61c335dc20d,202304221,1.2000,1.2000,1.2000,,2026-09-07 14:24:16.976218+07,migration_000506_backfill
07d73954-a89d-49a3-8ed7-fff4e13b074e,202501079,1.2500,1.5000,1.5000,,2026-09-07 14:24:16.976218+07,migration_000506_backfill
08052c63-6af4-4fbf-8acf-7a6e34e198a1,202506300,6.0000,6.0000,6.0000,,2026-09-08 09:21:50.2908+07,migration_000508_backfill
0819f19b-49a4-43f4-8ad4-c7c27d5d9f2d,202305258,3.0900,,2.3000,,2026-09-09 08:52:46.098125+07,admin
081c31ba-c084-4b25-ad9c-9da68759a70e,202409869,3.5700,,3.5700,,2026-09-08 09:21:50.2908+07,migration_000508_backfill
081e57cb-3345-41e1-be9e-c794fb67e572,202508472,2.0000,2.0000,2.0000,,2026-09-08 09:21:50.2908+07,migration_000508_backfill
085876a4-2d4d-4e05-9df3-4fe82b5878f4,202110620,1.5000,1.5000,1.5000,,2026-09-07 14:24:16.976218+07,migration_000506_backfill
0861d297-ee0c-4f4a-a5f8-3acdbf92b0f6,202208924,1.8200,,1.6600,,2026-09-08 09:21:50.2908+07,migration_000508_backfill
088c092b-8efd-4e88-81d7-00cf9b5f12cf,202212084,1.5000,1.5000,1.5000,,2026-09-07 14:24:16.976218+07,migration_000506_backfill
088cd402-9e3b-4bd2-a794-9269ef6072db,202408860,3.3500,3.0000,3.0000,,2026-09-07 14:24:16.976218+07,migration_000506_backfill
08935a4f-8bc8-4652-bf9e-c57de906f6c5,202501148,2.0000,2.0000,2.0000,,2026-09-08 09:21:50.2908+07,migration_000508_backfill
089a2d4b-f1f0-4790-b1d2-02eaeb10b8c3,202507381,2.5000,2.5000,2.5000,,2026-09-08 09:21:50.2908+07,migration_000508_backfill
089bd726-3ade-4080-838c-e1f1b6eb2f15,202407779,1.0000,1.0000,1.0000,,2026-09-07 14:24:16.976218+07,migration_000506_backfill
08a5a3eb-aa36-4b4b-aae0-504a2b98dda7,,,,3.1000,,2026-09-09 08:52:38.867918+07,admin
08c1a380-84db-456e-9eb6-d7b0985ecd8a,202104076,1.8900,,1.8900,,2026-09-09 08:52:46.175643+07,admin
08d4ad8a-441c-4855-a729-000c6c16c7bf,202210965,1.5000,1.5000,1.5000,,2026-09-07 14:24:16.976218+07,migration_000506_backfill
08e17033-7f2a-47d8-bf55-910bad1b152a,202104236,1.7500,,1.8600,,2026-09-09 08:52:48.075641+07,admin
0917b9a5-c0ed-4f6f-835c-410aee3335a2,202506337,2.0000,2.0000,2.0000,,2026-09-08 09:21:50.2908+07,migration_000508_backfill
0920c38e-95a1-438a-9edc-2cce57ce7177,202402618,2.5000,2.5000,2.5000,,2026-09-07 14:24:16.976218+07,migration_000506_backfill
0935db5d-17c8-4690-a547-0c9b6a51d238,202307332,1.5000,1.5000,1.5000,,2026-09-08 09:21:50.2908+07,migration_000508_backfill
093bb061-22c5-4238-bbda-9f1e59780316,202104446,1.0300,,1.0300,,2026-09-09 08:52:52.93947+07,admin
09881e86-4e09-40b2-add9-86f9b0ee9948,202411009,4.0000,4.0000,4.0000,,2026-09-08 09:21:50.2908+07,migration_000508_backfill
099ac5ad-5f2e-41a7-800a-51f248b4adb2,202104364,3.1700,,3.5000,,2026-09-09 08:52:48.236114+07,admin
09a9cf81-9506-46c8-b69d-4e111743910d,202212078,1.8000,1.8000,1.8000,,2026-09-07 14:24:16.976218+07,migration_000506_backfill
09b84fcd-0a0f-49b1-8e55-52ecdf79a72d,202206871,1.3500,1.5000,1.5000,,2026-09-07 14:24:16.976218+07,migration_000506_backfill
09f6a220-6926-4ac7-81a1-724011d8b0b4,202311547,2.0000,2.0000,2.0000,,2026-09-08 09:21:50.2908+07,migration_000508_backfill
09ff41ba-6821-489d-a72f-15b99911e31b,202104101,2.2000,,2.2000,,2026-09-09 08:52:41.669758+07,admin
0a058c49-7053-436f-afdf-f93583ce9d17,202603792,2.0000,2.0000,2.0000,,2026-09-08 09:21:50.2908+07,migration_000508_backfill
0a39f7df-61bf-4895-a9b8-8369c4c9ca89,,,,1.2700,,2026-09-09 08:52:41.248826+07,admin
0a531c44-6ad8-446b-833b-078aed30ca98,202212093,2.8000,2.8000,2.8000,,2026-09-07 14:24:16.976218+07,migration_000506_backfill
0a614a40-3775-4877-b126-1123532a1691,202501163,4.0000,4.0000,4.0000,,2026-09-08 09:21:50.2908+07,migration_000508_backfill
0a6c3f8c-3eb4-4d98-aa22-30337d884531,,,,,,,
0a7d5a64-8a80-4b34-9d5c-1829ad463f85,202501171,2.1600,2.0000,2.0000,,2026-09-07 14:24:16.976218+07,migration_000506_backfill
0abcbead-aa32-475b-b0ea-66514b848f2a,202307346,3.5000,3.1500,3.1500,,2026-09-07 14:24:16.976218+07,migration_000506_backfill
0afbb19b-b0bd-44bb-8a59-70dec2fe04aa,,,,2.5700,,2026-09-09 08:52:40.4221+07,admin
0b031989-f066-4cc6-87af-403621a706ed,202208896,1.4900,,1.7800,,2026-09-09 08:52:38.629978+07,admin
0b156451-4c7c-42b4-96bd-4ba1d2f83558,202211020,4.0000,4.0000,4.0000,,2026-09-08 09:21:50.2908+07,migration_000508_backfill
0b4a3784-e288-42ca-94f4-7053b8c84048,202104250,3.7200,,3.7200,,2026-09-09 08:52:52.565847+07,admin
0b4a40e9-4e51-4414-aa4b-ff804cd2d1ee,202104067,1.1800,,1.1800,,2026-09-09 08:52:44.808514+07,admin
0b645eaf-578e-42c4-bac7-c241d5b7396c,202307363,1.5000,1.5000,1.5000,,2026-09-07 14:24:16.976218+07,migration_000506_backfill
0b8fac33-8f5e-4d12-990d-8c64afb43c2b,202410988,2.0000,2.0000,2.0000,,2026-09-08 09:21:50.2908+07,migration_000508_backfill
0bbe5b7d-33a7-4a6c-b797-ab96ffc33194,202104129,3.3000,,3.3000,,2026-09-09 08:52:45.712818+07,admin
0bd43d1b-dd3d-433c-b514-f59de5ae332b,202604844,5.0000,5.0000,5.0000,,2026-09-08 09:21:50.2908+07,migration_000508_backfill
0be272b0-4c6a-47b7-9ed4-8d42100d94b8,202104413,4.0000,,4.0000,,2026-09-09 08:52:49.697807+07,admin
0bfae62e-df05-4f77-8ce8-9a1b31772467,202307342,4.0000,4.0000,4.0000,,2026-09-08 09:21:50.2908+07,migration_000508_backfill
0bfb67ba-73e6-410f-97fa-aa26834d56e7,202104011,2.3800,,2.4500,,2026-09-09 08:52:54.096309+07,admin
0bfba99d-08ee-42ee-9bb3-161ef171ebdc,202603771,2.0000,2.0000,2.0000,,2026-09-08 09:21:50.2908+07,migration_000508_backfill
0c154ad7-5c12-4ca9-8083-2df6838585c0,202104524,3.5700,,3.5700,,2026-09-08 09:21:50.2908+07,migration_000508_backfill
0c507e76-e1c6-4f2d-8095-8bc823a7ba05,202201726,1.4500,1.5000,1.5000,,2026-09-09 08:52:57.547847+07,admin
0c56f03c-8599-444a-a395-30d5091978b0,202508446,1.0000,1.0000,1.0000,,2026-09-08 09:21:50.2908+07,migration_000508_backfill
0c6f6e38-f621-4738-aefa-d56db26d6243,202104020,1.2800,,,,2026-05-13 00:00:00+07,1437
0c852a5f-3e1f-43e5-bb06-ef8de70e9b1f,202305233,1.5000,1.5000,1.5000,,2026-09-08 09:21:50.2908+07,migration_000508_backfill
0cae9517-a8f6-442c-9934-509ed3beb571,202408856,1.2000,1.0000,1.0000,,2026-09-08 09:21:50.2908+07,migration_000508_backfill
0d0a6efc-7181-452f-99ee-75518e63f98f,202505254,6.3300,6.0000,6.0000,,2026-09-08 09:21:50.2908+07,migration_000508_backfill
0d0ab08e-4bed-459b-aa12-f0a0691369e3,202506342,2.0000,2.0000,2.0000,,2026-09-08 09:21:50.2908+07,migration_000508_backfill
0d1966d8-db64-4552-a4e5-5b2e3e2718e4,202104215,1.3700,,1.3700,,2026-09-08 09:21:50.2908+07,migration_000508_backfill
0d45f73f-e43f-415e-8174-16f9f6c57a49,202409866,2.0000,2.0000,2.0000,,2026-09-07 14:24:16.976218+07,migration_000506_backfill
0d5d510f-dce4-4b8c-86c8-b13fc51c6a28,202603801,2.0000,2.0000,2.0000,,2026-09-08 09:21:50.2908+07,migration_000508_backfill
0d8d5b6e-df9f-4d6e-a39d-a5efaee341c1,202509524,4.0000,4.0000,4.0000,,2026-09-08 09:21:50.2908+07,migration_000508_backfill
0de093d0-fe89-4b50-a987-2bc499abbe8f,202104029,1.6000,,1.5800,,2026-09-09 08:52:57.088249+07,admin
0e37f556-df3e-4018-bcfc-6ed35c03a84c,,,,1.8300,,2026-09-09 08:52:39.216185+07,admin
0e67b64e-8c31-474f-9f18-d4ccf5072bfa,202312589,1.5000,1.0000,1.5000,,2026-09-07 14:24:16.976218+07,migration_000506_backfill
0e91540f-0451-47e4-9188-93e92d7c1e06,202104143,2.4000,,2.4000,,2026-09-09 08:53:00.268411+07,admin
0e985d25-7b70-4f9e-8143-ad71d9917cc9,202507431,3.0300,2.1000,2.1000,,2026-09-09 08:52:54.389751+07,admin
0ea95c40-f37a-46df-aeee-97a4c3676a04,202411025,3.0000,3.0000,3.0000,,2026-09-08 09:21:50.2908+07,migration_000508_backfill
0ebb747c-ec54-476c-94a9-b225aef24085,202509522,2.0000,2.0000,2.0000,,2026-09-08 09:21:50.2908+07,migration_000508_backfill
0ebf77ec-e3e8-414e-9d34-bfd1019e8267,202211004,1.1000,1.1000,1.1000,,2026-09-07 14:24:16.976218+07,migration_000506_backfill
0ee16efc-f334-4e70-b852-84152883d735,202206826,3.5000,,3.5000,,2026-09-07 14:24:16.976218+07,migration_000506_backfill
0eeddd91-8437-4233-9c17-34bf95145e02,202301121,2.0000,2.0000,2.0000,,2026-09-07 14:24:16.976218+07,migration_000506_backfill
0ef7e80e-a034-4a63-a9b9-db7513597055,202104251,2.6000,,2.6000,,2026-09-09 08:52:41.294405+07,admin
0f06dccb-3bf2-4711-9e0f-afb22ddc207c,202204769,2.2000,2.2000,2.2000,,2026-09-07 14:24:16.976218+07,migration_000506_backfill
0f479640-c374-4bf5-b364-f08771116907,202509503,2.0000,2.0000,2.0000,,2026-09-08 09:21:50.2908+07,migration_000508_backfill
0f6bdec1-2a01-4759-853c-1f6a683ebcc1,202104453,4.0000,,4.0000,,2026-09-09 08:52:41.414106+07,admin
0f8967c0-2c34-4eb8-be7d-6b41f3fe3ee8,202409916,1.0000,1.0000,1.0000,,2026-09-08 09:21:50.2908+07,migration_000508_backfill
0f8bbeaf-e378-4aff-9f2d-fb062c9b87c8,202501127,2.0000,2.0000,2.0000,,2026-09-08 09:21:50.2908+07,migration_000508_backfill
0f8e5154-aa90-4a77-8f53-3f7f528b59c2,202211012,1.5000,1.5000,1.5000,,2026-09-08 09:21:50.2908+07,migration_000508_backfill
0f9eb0bc-b3f1-4549-81e0-f60ada73ca39,202104518,2.3200,,2.3500,,2026-09-09 08:52:42.651807+07,admin
0fa0680a-d67d-4ff1-86ce-197f1eccdbbc,202406748,1.7500,1.5000,1.5000,,2026-09-09 08:52:56.75182+07,admin
0fa8986e-3128-4faa-8b66-c2e394af30d1,202606919,3.5000,3.5000,3.5000,,2026-09-08 09:21:50.2908+07,migration_000508_backfill
0faa7cd4-378c-4301-ad27-ce8e269ec5f0,202104309,1.0000,,1.7800,,2026-09-09 08:52:38.629978+07,admin
0faf0182-678c-4ce7-82f1-4aa7265b7e27,202104237,1.8600,,1.8600,,2026-09-09 08:52:48.075641+07,admin
0fbec6d9-8ace-4dc1-8043-5c6627e212ff,202505239,2.3000,2.0000,2.0000,,2026-09-07 14:24:16.976218+07,migration_000506_backfill
0fc203b5-0444-4dde-8d5c-0920a4f54b54,202202748,3.5700,,3.5700,,2026-09-08 09:21:50.2908+07,migration_000508_backfill
0fd6207b-f525-4ee9-990e-4cf4f6abb714,202509485,2.3700,2.5000,2.5000,,2026-09-08 09:21:50.2908+07,migration_000508_backfill
0fd868c8-67f0-4618-ae71-9d034e84b009,202303186,2.0000,2.0000,2.0000,,2026-09-07 14:24:16.976218+07,migration_000506_backfill
0ffed696-df49-465a-b050-251f73b05eb5,202204776,1.3000,1.6000,1.6000,,2026-09-07 14:24:16.976218+07,migration_000506_backfill
1013601f-8fa0-4453-8c8b-ee76de94c71c,202303201,3.5000,3.5000,3.5000,,2026-09-07 14:24:16.976218+07,migration_000506_backfill
105658d2-1edf-4299-aa7b-e29af7ed1243,202507390,2.0000,2.0000,2.0000,,2026-09-08 09:21:50.2908+07,migration_000508_backfill
105b79e2-41d7-41ac-b295-d5bab640ab39,202604834,5.0000,5.0000,5.0000,,2026-09-08 09:21:50.2908+07,migration_000508_backfill
1066c7b0-ee38-4317-a5b4-fcc5831f01b8,202108546,4.0000,4.5000,4.5000,,2026-09-09 08:52:48.999078+07,admin
108cb3fa-28e0-4a94-ba84-11c2a2c13ad3,202511593,4.0000,4.0000,4.0000,,2026-09-08 09:21:50.2908+07,migration_000508_backfill
10b22649-0524-4748-a9b3-56174603d9cf,202602727,2.0000,2.0000,2.0000,,2026-09-08 09:21:50.2908+07,migration_000508_backfill
10b9371f-392f-4e4d-80f7-aa26983aa890,202111641,2.1800,,2.1800,,2026-09-09 08:52:39.672925+07,admin
10c0b72e-feb5-40da-bba7-27f486a5c0cf,202410958,2.0000,2.0000,2.0000,,2026-09-08 09:21:50.2908+07,migration_000508_backfill
10c5bccb-a363-4e80-85d7-780804149201,202104491,1.6400,,1.5000,,2026-09-09 08:52:53.018655+07,admin
10e46577-8869-412d-b081-5913bb4a570e,,,,1.7000,,2026-09-09 08:52:38.96755+07,admin
10ef4c54-2bc6-4490-99e6-f5807970cebb,202408831,3.0000,3.0000,3.0000,,2026-09-08 09:21:50.2908+07,migration_000508_backfill
11153f43-9322-42d8-b108-bb36cb652eff,202506327,3.5000,3.5000,3.5000,,2026-09-08 09:21:50.2908+07,migration_000508_backfill
11251077-a3f3-4f24-bede-1f7475f1dde3,202512624,1.0000,1.0000,1.0000,,2026-09-08 09:21:50.2908+07,migration_000508_backfill
11429ace-a508-435e-b502-8932d60c9e85,202104379,1.4300,,1.3900,,2026-09-09 08:52:42.985293+07,admin
1153e903-1c2a-4b71-9620-b01c89a68101,202206849,1.4700,1.5000,1.5000,,2026-09-08 09:21:50.2908+07,migration_000508_backfill
115dec3a-d0a0-4860-8b4c-aad808b061ea,202602744,2.0000,2.0000,2.0000,,2026-09-08 09:21:50.2908+07,migration_000508_backfill
11733b4d-6801-42bc-b545-d4e119a2f67c,202605896,2.0000,2.0000,2.0000,,2026-09-08 09:21:50.2908+07,migration_000508_backfill
118ded5b-b14b-4c20-ac62-5f5ce9b4c9f3,202507413,2.0000,2.0000,2.0000,,2026-09-08 09:21:50.2908+07,migration_000508_backfill
11a521be-7f8f-45fb-b1f2-736e2ef00a1c,202206845,1.5000,1.5000,1.5000,,2026-09-07 14:24:16.976218+07,migration_000506_backfill
11b5d654-63a0-4b10-93bd-174e250dbad8,202605877,5.0000,5.0000,5.0000,,2026-09-08 09:21:50.2908+07,migration_000508_backfill
11bb4753-16de-435a-8004-831f2c15f834,202501126,2.0000,2.0000,2.0000,,2026-09-08 09:21:50.2908+07,migration_000508_backfill
11d0a9c2-56cc-4476-ab9f-be6345074d8a,202510558,3.0000,3.0000,3.0000,,2026-09-08 09:21:50.2908+07,migration_000508_backfill
11d47648-a662-4b4a-8a08-9fae738cf259,202407811,6.0000,6.0000,6.0000,,2026-09-07 14:24:16.976218+07,migration_000506_backfill
11df8635-4d09-4c9f-a648-9bc9aeda933c,202410981,3.5500,3.0000,3.0000,,2026-09-08 09:21:50.2908+07,migration_000508_backfill
11ee7310-fb7f-41a6-9aa8-e5b1e63a2811,202402625,2.0000,2.0000,2.0000,,2026-09-07 14:24:16.976218+07,migration_000506_backfill
11f8080d-f672-4161-8768-2577804565a4,202509497,3.0000,3.0000,3.0000,,2026-09-08 09:21:50.2908+07,migration_000508_backfill
1213b33f-8827-46f1-856f-7b205e622bc9,202511594,4.0000,4.0000,4.0000,,2026-09-08 09:21:50.2908+07,migration_000508_backfill
123b9a15-6208-41fb-9e64-cf29d91e7ec7,202606924,2.8000,2.0000,2.0000,,2026-09-08 09:21:50.2908+07,migration_000508_backfill
12450651-64d6-454e-b66b-61688036f9db,202206846,1.5000,1.5000,1.5000,,2026-09-07 14:24:16.976218+07,migration_000506_backfill
126cdda9-970c-4dd4-bb17-fb0c677826a7,202506303,2.7500,3.0000,3.0000,,2026-09-08 09:21:50.2908+07,migration_000508_backfill
1278febf-85e5-4c5d-904a-772272c0adaf,202104089,2.4600,,2.4600,,2026-09-09 08:52:45.03397+07,admin
128a505c-979d-43f5-a3c2-e1286cb5c406,202407780,2.0000,2.0000,2.0000,,2026-09-07 14:24:16.976218+07,migration_000506_backfill
12b10af2-af57-4f0a-bcae-fae49e89d22b,202208916,2.0000,2.0000,2.0000,,2026-09-07 14:24:16.976218+07,migration_000506_backfill
12be9514-48bd-4239-9c77-2a5dff3d0515,202302133,1.5000,1.5000,1.5000,,2026-09-07 14:24:16.976218+07,migration_000506_backfill
12ca9f98-ee70-42ac-b63e-7b3c4481ff23,202509536,3.5700,,2.6500,,2026-09-09 08:52:44.128641+07,admin
12e0af0d-6953-497c-8f45-9b684b3c5167,202501133,2.0000,2.0000,2.0000,,2026-09-08 09:21:50.2908+07,migration_000508_backfill
12e24a92-c26a-4d52-9133-f5d9ceb36e00,202307349,2.0000,,2.0000,,2026-09-09 08:52:55.563121+07,admin
12e84b63-421d-4953-b94d-fb9462f4efd2,202104495,1.3500,,1.0000,,2026-09-09 08:52:54.505594+07,admin
12ee4f80-9550-4d78-b496-4232e89fddc7,202206844,2.0000,2.0000,2.0000,,2026-09-07 14:24:16.976218+07,migration_000506_backfill
12fa653f-7710-4be3-86e7-26ab520e0fcf,202503217,3.5000,,3.5000,,2026-09-08 09:21:50.2908+07,migration_000508_backfill
132bdbef-caf7-44d0-9d14-f72ecfd294c8,202407797,2.0000,2.0000,2.0000,,2026-09-07 14:24:16.976218+07,migration_000506_backfill
133872cc-ebe8-40a9-9ebf-17b30bb55fae,202604824,4.0000,4.0000,4.0000,,2026-09-08 09:21:50.2908+07,migration_000508_backfill
134d7044-ae4e-4209-ade8-082e5c020c80,202210989,3.9500,,3.8700,,2026-09-08 09:21:50.2908+07,migration_000508_backfill
1364d659-d935-4cdd-96de-2731cb8da566,202604866,1.5000,1.5000,1.5000,,2026-09-08 09:21:50.2908+07,migration_000508_backfill
13718047-9803-438f-812a-f2785700cae0,202512615,4.0000,,12.0000,,2026-09-07 14:24:16.976218+07,migration_000506_backfill
13728d69-5713-4838-92d5-3da4a5188200,202509508,2.0000,2.0000,2.0000,,2026-09-08 09:21:50.2908+07,migration_000508_backfill
13795a73-2b68-4f85-bd38-9850143926ad,202403655,1.5700,1.3600,1.3600,,2026-09-09 08:52:47.517449+07,admin
138a72b3-9275-4ab1-b9b3-f6791adc19a7,202603761,1.9500,2.0000,2.0000,,2026-09-08 09:21:50.2908+07,migration_000508_backfill
13908e4c-4197-49e5-9734-4b9a9fc0b7c2,202104283,1.7300,,1.4800,,2026-09-09 08:52:47.326616+07,admin
1395a323-ecb6-4581-8ea1-9fa7990f4572,202212104,3.5000,,3.7500,,2026-09-09 08:52:53.887127+07,admin
13d52d55-248c-48cc-b45e-36fc597adca8,202306271,4.5000,,4.5000,,2026-09-07 14:24:16.976218+07,migration_000506_backfill
13de4506-40a4-4f33-aad1-3970846e8279,202604825,5.0000,5.0000,5.0000,,2026-09-08 09:21:50.2908+07,migration_000508_backfill
13e38915-b0bd-4efd-a2a8-d29affb14f80,202104167,2.2800,,2.2800,,2026-09-09 08:52:41.045743+07,admin
14010d66-8e32-4be9-9ab7-6db970bb84e2,202308400,3.1500,3.1500,3.1500,,2026-09-07 14:24:16.976218+07,migration_000506_backfill
14132e22-a094-47e7-b603-25167f133b8b,202407815,1.5000,1.5000,1.5000,,2026-09-07 14:24:16.976218+07,migration_000506_backfill
141efe15-0a2a-44dc-9042-e70d06941545,202604856,1.5000,1.5000,1.5000,,2026-09-08 09:21:50.2908+07,migration_000508_backfill
14207ee2-e887-433e-959d-babda56a1e0b,202409934,1.5000,1.5000,1.5000,,2026-09-08 09:21:50.2908+07,migration_000508_backfill
14418a3e-b225-4868-9ad5-b8353a0d3749,202409915,1.5000,,1.5000,,2026-09-08 09:21:50.2908+07,migration_000508_backfill
144685f2-3d14-48cc-894c-99f3c129164d,202603768,3.0000,3.0000,3.0000,,2026-09-08 09:21:50.2908+07,migration_000508_backfill
14532187-59c1-431d-9c5d-b1cbdc56c5e0,202308374,1.5000,1.5000,1.5000,,2026-09-08 09:21:50.2908+07,migration_000508_backfill
1487ad3f-8923-4c16-905a-6eafaa565d4e,202108555,2.1200,2.0000,2.0000,,2026-09-09 08:52:47.129664+07,admin
1488b1b8-9b11-4a73-9ec5-14a42cf49bee,202404678,4.3000,,2.6500,,2026-09-09 08:52:44.128641+07,admin
148eff25-8ea5-4a5c-bfe2-85b86c55691a,202104359,1.8500,,1.8200,,2026-09-09 08:52:55.007671+07,admin
149edb6c-0c24-4db8-ada0-0965f6d8de3a,202506324,3.9700,4.0000,4.0000,,2026-09-08 09:21:50.2908+07,migration_000508_backfill
14b747de-9312-4727-a459-e7e5fe6e95f4,202409889,2.0000,,2.0000,,2026-09-08 09:21:50.2908+07,migration_000508_backfill
14bebcd0-1d4d-43e8-997e-6b947c597fcd,202512621,4.0000,4.0000,4.0000,,2026-09-08 09:21:50.2908+07,migration_000508_backfill
14c11e5d-9847-408e-bfdc-2b411ada6129,202301116,1.0600,1.0000,1.0000,,2026-09-07 14:24:16.976218+07,migration_000506_backfill
14d18359-879a-4e6d-aba7-4d1a88175477,202507397,2.2000,2.5000,2.5000,,2026-09-08 09:21:50.2908+07,migration_000508_backfill
14dba995-ba1b-469f-b97f-12ba912dd84f,202308409,1.2500,1.2000,1.2000,,2026-09-07 14:24:16.976218+07,migration_000506_backfill
1500b30a-63d2-4414-91f2-d35d2aad8597,202402623,3.0000,3.0000,3.0000,,2026-09-07 14:24:16.976218+07,migration_000506_backfill
1531d82c-79ae-4475-8d02-3e9c77682e61,202510565,2.0000,2.0000,2.0000,,2026-09-08 09:21:50.2908+07,migration_000508_backfill
1535fab9-40b7-44ce-ac43-de1569416cfa,202308394,1.5000,1.5000,1.5000,,2026-09-08 09:21:50.2908+07,migration_000508_backfill
153aa2c1-7fbe-412d-b857-3409bb3b73c8,202104028,3.1500,,3.1200,,2026-09-09 08:52:50.171951+07,admin
153ed94e-b9bc-4038-9266-462402791da4,202505282,1.5000,1.5000,1.5000,,2026-09-08 09:21:50.2908+07,migration_000508_backfill
154d298c-6f1e-4ad5-9a02-ac792e33fb06,202104272,3.8000,,3.8000,,2026-09-09 08:52:49.903195+07,admin
15516a25-089c-498c-9714-2d477488ce52,202307352,3.5000,3.0000,3.0000,,2026-09-07 14:24:16.976218+07,migration_000506_backfill
155ad80f-b699-4d6a-ac48-73c33a5bfff8,202408861,2.1600,2.0000,2.0000,,2026-09-07 14:24:16.976218+07,migration_000506_backfill
1563bbfd-6d5f-40d8-9a51-83276d35f235,202104135,2.0500,,2.0000,,2026-09-09 08:52:45.946281+07,admin
15757188-7e2a-4e44-99fb-1d7e480330d2,202104395,1.8300,,1.7300,,2026-09-09 08:52:51.356927+07,admin
15f42d05-789a-412b-a3e7-aae2c86c1a51,202112670,1.7900,,1.9000,,2026-09-09 08:52:42.695864+07,admin
1607eed2-95ac-4ff4-8a2b-483814bc9c65,202210966,5.0000,5.0000,5.0000,,2026-09-07 14:24:16.976218+07,migration_000506_backfill
1615e6ae-0bc7-4473-b0bc-7d31aaec0bea,202606938,1.4000,1.4000,1.4000,,2026-09-08 09:21:50.2908+07,migration_000508_backfill
16421bdc-f284-44fe-9b13-7b21329ccb46,202508454,2.0000,2.0000,2.0000,,2026-09-08 09:21:50.2908+07,migration_000508_backfill
16505e7b-b99f-43d6-a99a-5b61cb4654cf,202307323,1.8000,1.8000,1.8000,,2026-09-08 09:21:50.2908+07,migration_000508_backfill
167cd246-29dd-4862-9e48-0c5d15a2afcc,202511600,2.0000,2.0000,2.0000,,2026-09-08 09:21:50.2908+07,migration_000508_backfill
16aecf08-9158-487e-9b63-6c0591727a10,202206841,3.0000,3.0000,3.0000,,2026-09-07 14:24:16.976218+07,migration_000506_backfill
16b2555c-beaf-4d4a-8126-361c6f8e1914,202304223,1.5000,1.5000,1.5000,,2026-09-07 14:24:16.976218+07,migration_000506_backfill
16b4b984-0db9-4d6d-aadd-dae2240e7c3b,202604863,1.5000,1.5000,1.5000,,2026-09-08 09:21:50.2908+07,migration_000508_backfill
16c2468a-125f-4152-99da-9dd34547d02f,202602723,2.0000,2.0000,2.0000,,2026-09-08 09:21:50.2908+07,migration_000508_backfill
16c481a1-9ab0-437f-bd06-80380e3e29ae,202509543,1.5500,2.0000,2.0000,,2026-09-08 09:21:50.2908+07,migration_000508_backfill
16cc4709-3c92-4001-8e42-d0b191b698ac,202309446,2.0000,2.0000,2.0000,,2026-09-08 09:21:50.2908+07,migration_000508_backfill
16de776b-3c75-446f-9cf0-1f89fdc003eb,202508476,2.1200,2.0000,2.0000,,2026-09-08 09:21:50.2908+07,migration_000508_backfill
16deb5e0-8489-4cff-afcd-3179ee2c835a,202504228,2.0000,2.0000,2.0000,,2026-09-08 09:21:50.2908+07,migration_000508_backfill
16f8748e-96aa-44e6-b3f9-9d39e416dd9a,202209951,4.0000,4.0000,4.0000,,2026-09-07 14:24:16.976218+07,migration_000506_backfill
16fb89c5-a1a0-4f58-92bd-6068732196d8,202302155,1.5000,1.5000,1.5000,,2026-09-07 14:24:16.976218+07,migration_000506_backfill
172093a5-3a7f-4a72-8050-1e2e33a60c93,202104056,2.1300,,2.1000,,2026-09-09 08:52:54.389751+07,admin
173188b5-d2ac-4175-b21d-2f0bb7928e9d,202508455,4.0000,4.0000,4.0000,,2026-09-08 09:21:50.2908+07,migration_000508_backfill
173a7caf-ca85-4732-b30f-465bcccda066,202604850,2.0000,2.0000,2.0000,,2026-09-08 09:21:50.2908+07,migration_000508_backfill
173ab2ae-9f6e-43b5-a299-b1937d72324c,202104191,1.4700,,1.4700,,2026-09-08 09:21:50.2908+07,migration_000508_backfill
173ea2a8-e24a-4339-8663-4139cc10bf90,202403668,1.5000,1.5000,1.5000,,2026-09-08 09:21:50.2908+07,migration_000508_backfill
1752401b-c21a-4d77-af11-2c4ee9db1645,,,,2.6400,,2026-09-09 08:52:40.015608+07,admin
1755ab1a-626b-4458-903c-5d39ddeef5eb,202409893,1.0000,,1.0000,,2026-09-08 09:21:50.2908+07,migration_000508_backfill
1774a650-a919-4884-9b93-d5d1439d7662,202407754,1.5000,1.5000,1.5000,,2026-09-08 09:21:50.2908+07,migration_000508_backfill
177e9b9e-b8f4-47e2-910b-01a47278c05b,202308390,1.0000,1.5000,1.5000,,2026-09-08 09:21:50.2908+07,migration_000508_backfill
178002b1-79b8-4773-a356-a32f3667f08c,202108553,1.9000,1.9000,2.0000,,2026-09-09 08:52:59.893012+07,admin
17c5ea6d-3088-44eb-9c33-24eb56f42d5c,202512618,2.0000,2.0000,2.0000,,2026-09-08 09:21:50.2908+07,migration_000508_backfill
17ca4395-5d97-4f2c-8f8d-201fa93e0d23,202505244,2.5300,,3.4500,,2026-09-09 08:53:01.17533+07,admin
17d6ff53-5969-4878-866e-c7570e3f7d53,202204779,2.3200,2.5000,2.5000,,2026-09-07 14:24:16.976218+07,migration_000506_backfill
17dae867-ef69-4521-be92-d1ed83cdcc10,202501144,4.1500,4.0000,4.0000,,2026-09-08 09:21:50.2908+07,migration_000508_backfill
1816bd54-5d0b-49f1-904e-240199075d6e,202203755,2.0500,2.0000,2.0000,,2026-09-07 14:24:16.976218+07,migration_000506_backfill
1819a124-3fac-426a-ae68-8e35657fdbf7,202407793,2.0000,2.0000,2.0000,,2026-09-07 14:24:16.976218+07,migration_000506_backfill
18259574-a064-4e86-86b8-1fcba9036a90,202104068,2.0800,,2.0800,,2026-09-09 08:52:59.854289+07,admin
185bf0c2-adf9-4e02-a7af-9ad4b72ef0c9,202604860,1.5000,1.5000,1.5000,,2026-09-08 09:21:50.2908+07,migration_000508_backfill
186af78d-a518-4a58-a2a1-307573e76d3a,202210973,1.9200,2.0000,2.0000,,2026-09-09 08:52:43.630607+07,admin
189761a2-4e84-4c8a-9d94-5da388c3a73c,202601681,4.0000,4.0000,4.0000,,2026-09-08 09:21:50.2908+07,migration_000508_backfill
18c8cc27-f635-43ce-afc7-29af2d7d21d4,202409876,2.2400,2.0000,2.0000,,2026-09-08 09:21:50.2908+07,migration_000508_backfill
18d9ee47-8a24-4497-8d32-ce75b3c75577,202309455,4.0000,4.0000,4.0000,,2026-09-07 14:24:16.976218+07,migration_000506_backfill
18f59035-5e52-49fb-9c76-7c613dc21fac,202408843,3.0000,3.0000,3.0000,,2026-09-07 14:24:16.976218+07,migration_000506_backfill
19038c15-0ec8-4a10-9363-835133aae0b2,202104267,3.1000,,3.1000,,2026-09-09 08:52:40.922862+07,admin
190af637-40e0-4f95-8f12-3a6d976fdcd8,202501138,2.3100,2.0000,2.0000,,2026-09-08 09:21:50.2908+07,migration_000508_backfill
190fc5f6-4aa2-45c2-9ffa-1bc1a4a2f5be,202104063,1.3000,,1.3000,,2026-09-09 08:52:53.45199+07,admin
192be6ef-2f7e-4af6-b4a5-b0f6b6938db9,202501131,2.0000,2.0000,2.0000,,2026-09-08 09:21:50.2908+07,migration_000508_backfill
194ff2a0-aa89-465f-a1a2-fb76346474a1,202104139,1.8500,,1.8500,,2026-09-09 08:52:58.564434+07,admin
196a2ae0-e9ec-40f4-b350-ed09127aed2c,202211013,1.5000,1.5000,1.5000,,2026-09-08 09:21:50.2908+07,migration_000508_backfill
198460fc-8a03-418d-b286-67746b2cb338,202206869,1.5000,1.5000,1.5000,,2026-09-07 14:24:16.976218+07,migration_000506_backfill
19aafedd-3d6b-44bc-8f08-6f836dcebfb8,202111657,1.5400,1.5000,1.5000,,2026-09-07 14:24:16.976218+07,migration_000506_backfill
19c0e486-7a68-48d6-b0a1-207c8db5a9fc,202104444,0.8000,,1.0000,,2026-09-09 08:52:58.929139+07,admin
19c10a29-3d06-434f-81d9-1349aedd9a3e,202501078,6.0000,,6.0000,,2026-09-08 09:21:50.2908+07,migration_000508_backfill
19eee044-5c94-4952-8704-1fa6bc9f2b64,202212064,2.7800,,2.4000,,2026-09-09 08:52:46.697712+07,admin
1a0bf274-5b3b-4ebc-97fc-484f18ba677f,202104417,3.0000,,3.0000,,2026-09-09 08:52:56.366198+07,admin
1a188c2f-c18a-4faa-bc02-751a65d7750d,202312584,1.5000,1.5000,1.5000,,2026-09-07 14:24:16.976218+07,migration_000506_backfill
1a213a32-050d-4b68-b21c-6a251a58a5f3,202406734,1.5000,1.5000,1.5000,,2026-09-07 14:24:16.976218+07,migration_000506_backfill
1a398507-8a52-45cf-979b-e42aa54ef875,202309506,2.7300,2.5000,2.5000,,2026-09-07 14:24:16.976218+07,migration_000506_backfill
1a3c3117-eed9-46ac-88e6-3a2935952e96,,,,3.1000,,2026-09-09 08:52:40.922862+07,admin
1a41b04a-4068-46c8-9336-c0520948d246,202306300,1.0000,1.0000,1.0000,,2026-09-08 09:21:50.2908+07,migration_000508_backfill
1a5b57d6-9a42-47c2-91b9-c6de0a7252b6,202605884,5.0000,4.0000,4.0000,,2026-09-08 09:21:50.2908+07,migration_000508_backfill
1a81e61c-4fee-4a27-b8a9-b9f8f0ffc90f,202104218,1.2500,,1.3100,,2026-09-08 09:21:50.2908+07,migration_000508_backfill
1a8db084-b012-405f-9e18-92361ca5a94f,202104148,1.6400,,1.7200,,2026-09-09 08:52:56.406057+07,admin
1ab28f91-5e7a-45de-8c52-318cc51c867b,202204778,2.3000,2.3000,2.3000,,2026-09-07 14:24:16.976218+07,migration_000506_backfill
1ac00999-76bc-405f-b54f-5b17069a0fd4,202301123,1.5000,1.5000,1.5000,,2026-09-07 14:24:16.976218+07,migration_000506_backfill
1ac72476-92e4-4181-9a13-1fbb2bea268f,202601686,4.0000,4.0000,4.0000,,2026-09-08 09:21:50.2908+07,migration_000508_backfill
1acace4a-df78-454e-9078-e12363cc68ce,202311548,1.8400,2.0000,2.0000,,2026-09-08 09:21:50.2908+07,migration_000508_backfill
1ad389b1-8eed-486e-b8e9-f5ef781e5bda,202409932,1.1000,1.0000,1.0000,,2026-09-08 09:21:50.2908+07,migration_000508_backfill
1ae0e0da-ef9d-45be-abad-1a07903a42a8,202407790,2.0000,2.0000,2.0000,,2026-09-07 14:24:16.976218+07,migration_000506_backfill
1ae6e02d-0797-4ed5-816e-d741ad46efd6,202104421,4.0000,,4.0000,,2026-09-09 08:52:49.783767+07,admin
1b39ee76-2e86-4517-9540-6fc2572a4863,202305260,1.9600,2.0000,2.0000,,2026-09-07 14:24:16.976218+07,migration_000506_backfill
1b6c56ed-147d-4244-b401-42058a610884,202508457,2.0000,2.0000,2.0000,,2026-09-08 09:21:50.2908+07,migration_000508_backfill
1bab1e15-788f-4999-af22-c9f0429d1b21,202602720,3.8700,4.0000,4.0000,,2026-09-08 09:21:50.2908+07,migration_000508_backfill
1bb82c33-4e33-4136-bcca-2c839445fbb6,202104490,2.0700,2.0000,2.0700,,2026-09-09 08:52:52.980967+07,admin
1bc362f7-f434-406d-acef-89cb57be8d93,202204785,3.5000,3.5000,3.5000,,2026-09-07 14:24:16.976218+07,migration_000506_backfill
1bc94cd1-978b-4900-8e5f-7d718060741a,202204781,2.0000,2.0000,2.0000,,2026-09-07 14:24:16.976218+07,migration_000506_backfill
1c361aaf-6c83-4344-b3dd-661125c9c908,202308433,2.0000,2.0000,2.0000,,2026-09-07 14:24:16.976218+07,migration_000506_backfill
1cb9d888-463a-4ed4-9e7e-479c7f684f03,202406738,2.6000,,2.6000,,2026-09-08 09:21:50.2908+07,migration_000508_backfill
1cba21c3-5e05-4fa9-a346-f47b80620c9b,202104323,1.2000,,1.2000,,2026-09-09 08:52:38.271138+07,admin
1cd18640-20ca-487c-b1d6-25af7336dc34,202308395,1.5000,1.5000,1.5000,,2026-09-08 09:21:50.2908+07,migration_000508_backfill
1cdc13ca-7c8d-4dac-ae74-ac541ce18167,202510567,2.2000,2.0000,2.0000,,2026-09-08 09:21:50.2908+07,migration_000508_backfill
1ce02e64-2774-4290-a3b4-fa2b806d29ab,202104519,1.8100,,,,2021-04-22 00:00:00+07,SINTIA
1cea996a-df5e-4f89-ae9e-6ec24c5fa39f,202404690,5.0000,,4.0500,,2026-09-07 14:24:16.976218+07,migration_000506_backfill
1d039540-647f-42bf-bd1c-98c8499a74c2,202104427,2.5000,,2.5000,,2026-09-09 08:53:00.87066+07,admin
1d1748df-1316-406c-83a1-cc1870e0a9e7,202408857,2.1400,2.0000,2.0000,,2026-09-08 09:21:50.2908+07,migration_000508_backfill
1d2d3656-38e7-44d0-9f8b-fe36592ea863,202512623,1.4400,1.5000,1.5000,,2026-09-07 14:24:16.976218+07,migration_000506_backfill
1d75242a-7302-4f2a-b6f9-047d66a029ba,202104399,1.6700,,1.5300,,2026-09-09 08:52:45.673563+07,admin
1da2aa4a-1cf7-4a35-8d24-02a8dcff98c1,202410990,3.4000,3.0000,3.0000,,2026-09-08 09:21:50.2908+07,migration_000508_backfill
1dabce43-977f-44cb-9466-f2069a1cfcdc,202211035,2.0000,2.0000,2.0000,,2026-09-07 14:24:16.976218+07,migration_000506_backfill
1db2e3e6-2611-46e6-9a7c-f77ffe459fba,202310535,6.0000,6.0000,6.0000,,2026-09-08 09:21:50.2908+07,migration_000508_backfill
1dcb51b5-b114-4156-82df-f6aa384a7c72,202507410,2.0000,2.0000,2.0000,,2026-09-08 09:21:50.2908+07,migration_000508_backfill
1de8e7f6-7424-4af9-8fb6-6c68f002d019,202208925,1.5600,,,,2025-06-13 00:00:00+07,1437
1e00f2e5-a03a-4630-9079-d480209e18dd,202104432,1.6800,,1.6800,,2026-09-09 08:52:54.265091+07,admin
1e063ee5-dee3-4261-853a-37be8b4e3178,202104118,1.0000,,1.0000,,2026-09-09 08:52:45.985303+07,admin
1e0f4f6a-90a1-499c-9684-5d8970131506,202602743,2.5000,3.0000,3.0000,,2026-09-08 09:21:50.2908+07,migration_000508_backfill
1e1e52ad-923d-424a-8a7a-d480bdd3a4af,202506371,4.0000,,4.0000,,2026-09-08 09:21:50.2908+07,migration_000508_backfill
1e4549a3-4d07-4967-8bb4-1df3bad2b1ee,202310511,2.0000,2.0000,2.0000,,2026-09-08 09:21:50.2908+07,migration_000508_backfill
1e6d293c-d407-4af6-94d9-aeb4a6f3c244,202206838,2.2500,2.0000,2.0000,,2026-09-07 14:24:16.976218+07,migration_000506_backfill
1e8423e5-d1da-41e0-b8df-1e079dff5d31,202302174,1.5000,1.5000,1.5000,,2026-09-07 14:24:16.976218+07,migration_000506_backfill
1e89d548-7657-4f09-bd54-6a77e2bc500c,202604809,6.0000,6.0000,6.0000,,2026-09-08 09:21:50.2908+07,migration_000508_backfill
1e8a94f8-20de-4a53-ab9e-71c99eb22201,202407822,5.0000,5.0000,5.0000,,2026-09-08 09:21:50.2908+07,migration_000508_backfill
1e8cd0cb-a153-4f05-91e4-734fdf0541c8,202210981,1.4000,1.2000,1.2000,,2026-09-07 14:24:16.976218+07,migration_000506_backfill
1e974420-a38d-45b6-968f-f390e4eccf5d,202104186,6.0000,,6.0000,,2026-09-09 08:52:50.72258+07,admin
1eae9b5d-841d-48c7-a8c4-bc6c335fc400,202206882,3.5000,3.5000,3.5000,,2026-09-07 14:24:16.976218+07,migration_000506_backfill
1ecd0004-961e-4432-a79f-83eb3b667706,202501152,2.0000,2.0000,2.0000,,2026-09-08 09:21:50.2908+07,migration_000508_backfill
1ed7eafd-f48a-4202-a0e8-aa77976f34c3,202309485,2.1000,2.1500,2.1500,,2026-09-07 14:24:16.976218+07,migration_000506_backfill
1f27c2f0-877d-47bb-af9b-6ed0b21cbaef,202511591,2.0000,2.0000,2.0000,,2026-09-08 09:21:50.2908+07,migration_000508_backfill
1f3f82c9-244a-462b-a06e-ec1518601171,202104008,2.0000,,2.0000,,2026-09-09 08:52:41.959729+07,admin
1f400f71-cd13-4803-9727-4582d4d90837,202104057,0.8900,,0.8300,,2026-09-09 08:52:49.146557+07,admin
1f435911-cb30-4a62-9dc8-dc4bb3f625c5,202104458,1.5100,,1.5000,,2026-09-09 08:52:43.229519+07,admin
1f4ac7c0-7329-4c83-9582-354184fb820c,202501122,4.0000,4.0000,4.0000,,2026-09-08 09:21:50.2908+07,migration_000508_backfill
1f4b75d9-a85f-4889-b250-0d2b07f36a65,202603786,2.0000,2.0000,2.0000,,2026-09-08 09:21:50.2908+07,migration_000508_backfill
1f80df3f-43f0-4475-92bd-6c4684675db3,,,,1.4800,,2026-09-09 08:52:40.129453+07,admin
1f92677c-afe5-4970-81a5-bc948f5d7973,202104340,1.3700,,1.3700,,2026-09-09 08:52:38.729471+07,admin
1f9aeb67-2991-44e9-ba7b-b296a5fd8a70,202502177,2.0000,2.0000,2.0000,,2026-09-07 14:24:16.976218+07,migration_000506_backfill
1fbd7345-de31-40e6-9163-702f1d35a500,202108558,3.6700,3.5000,3.6700,,2026-09-09 08:52:49.072444+07,admin
1fceb6c6-4561-41b8-b4a1-1cd82ae07cf1,202604826,5.0000,5.0000,5.0000,,2026-09-08 09:21:50.2908+07,migration_000508_backfill
1fd8831b-30d8-42b4-971b-791d87af92b0,,,,2.2800,,2026-09-09 08:52:41.045743+07,admin
1fdedef2-eecd-4dbd-bc85-4560b02d44a5,202412065,2.0500,2.0000,2.0000,,2026-09-08 09:21:50.2908+07,migration_000508_backfill
1ffb5396-e7e9-4927-9628-d5a24dc38de3,202410940,6.0000,6.0000,6.0000,,2026-09-08 09:21:50.2908+07,migration_000508_backfill
2024083f-73ff-46fb-b8ea-9f3b694bc9cf,202403638,6.0000,6.0000,6.0000,,2026-09-08 09:21:50.2908+07,migration_000508_backfill
202f811d-ef89-47e5-9696-0458c7419311,202502178,5.0000,5.0000,5.0000,,2026-09-07 14:24:16.976218+07,migration_000506_backfill
2051aff6-da14-4953-bb4e-aabdf75a8ca1,202302158,1.5500,1.5000,1.5000,,2026-09-07 14:24:16.976218+07,migration_000506_backfill
208ddd05-4a1d-4f1a-b159-332f723f3e9e,202204794,1.8000,1.8000,1.8000,,2026-09-07 14:24:16.976218+07,migration_000506_backfill
2092d1f9-8b52-42c2-b525-428b8df1bbe3,202212069,3.0000,3.0000,3.0000,,2026-09-07 14:24:16.976218+07,migration_000506_backfill
20a2f3f1-5f3f-4095-bacf-4af8925dab81,202305261,2.0000,2.0000,2.0000,,2026-09-08 09:21:50.2908+07,migration_000508_backfill
20e0e6c6-0a0e-4ec0-8a68-375328f05d39,202505262,6.2200,6.0000,6.0000,,2026-09-08 09:21:50.2908+07,migration_000508_backfill
20e4643b-a344-4f3e-9090-7f822dd6df46,202306310,0.7760,,0.8900,,2026-09-09 08:52:53.295139+07,admin
20f06c38-a231-4f77-bfef-77c820bd5d05,202509517,6.0000,6.0000,6.0000,,2026-09-08 09:21:50.2908+07,migration_000508_backfill
210d79c1-d1db-4389-a9da-99632394bca6,202506347,3.4000,4.0000,4.0000,,2026-09-08 09:21:50.2908+07,migration_000508_backfill
21444753-eaec-4e81-8e1c-cbe2e3bf2d8d,202307361,1.8200,1.5000,1.5000,,2026-09-07 14:24:16.976218+07,migration_000506_backfill
215da52f-0f07-49e4-826e-cdfd781d6b4c,202104478,1.7000,,,,2021-04-24 00:00:00+07,SINTIA
2160b979-18a6-4c8d-b592-51d65936133e,202212096,2.1700,,2.1600,,2026-09-09 08:52:41.872207+07,admin
217afa4d-96e1-43d8-8075-7d110aa4422f,202208914,5.0000,5.0000,5.0000,,2026-09-07 14:24:16.976218+07,migration_000506_backfill
2186142d-87cc-44f7-9f1d-629350066725,,,,2.3000,,2026-09-09 08:52:40.217644+07,admin
2186fb00-6899-4ebe-89db-97deec26f524,202206828,2.5000,,2.5000,,2026-09-07 14:24:16.976218+07,migration_000506_backfill
218812a1-3da3-4ce7-a288-7a416fbf3a8b,202302167,1.5000,1.5000,1.5000,,2026-09-07 14:24:16.976218+07,migration_000506_backfill
219269fd-8bdf-460f-89e7-e5863034c9b2,202211046,3.0000,3.0000,3.0000,,2026-09-07 14:24:16.976218+07,migration_000506_backfill
21ca3339-b5fa-40b2-af4a-2f6494a8947b,202109587,1.2000,1.0000,1.0000,,2026-09-07 14:24:16.976218+07,migration_000506_backfill
2204c349-0e55-415f-a460-3bb354f3ee84,202104381,0.8500,,0.8500,,2026-09-09 08:52:38.683226+07,admin
22198ca7-5f1d-4146-887c-b560e9c45655,202111662,2.0000,1.5000,1.5000,,2026-09-07 14:24:16.976218+07,migration_000506_backfill
222a97e8-df40-46ea-b132-412b1e560b9b,202111660,4.0000,4.0000,4.0000,,2026-09-09 08:52:48.723184+07,admin
22376c3e-df87-4be3-b7eb-5577e1b9444c,202509531,5.0000,5.0000,5.0000,,2026-09-08 09:21:50.2908+07,migration_000508_backfill
22633b01-591f-4cdd-b45c-d076922caac4,202211022,1.5000,1.5000,1.5000,,2026-09-08 09:21:50.2908+07,migration_000508_backfill
22719333-b288-41ba-95a8-31ee33861042,202507416,2.0000,2.0000,2.0000,,2026-09-08 09:21:50.2908+07,migration_000508_backfill
22721a8c-2096-4a92-b4bd-3092108eecae,202403636,6.0000,5.0000,5.0000,,2026-09-08 09:21:50.2908+07,migration_000508_backfill
22753c4f-f8e5-4506-b5c2-97486305093d,202311556,2.0000,,2.0000,,2026-09-07 14:24:16.976218+07,migration_000506_backfill
227cf1f4-cdc9-43d6-9095-b5f7910e273b,202212085,1.5300,1.5000,1.5000,,2026-09-07 14:24:16.976218+07,migration_000506_backfill
228e69be-0085-4b84-8ebd-18b4c545abc1,202401608,1.5700,,2.2000,,2026-09-09 08:52:56.091959+07,admin
228ec3e3-cd6c-46f6-8c1e-01e4ab310897,202509502,2.0000,2.0000,2.0000,,2026-09-08 09:21:50.2908+07,migration_000508_backfill
228f84dd-c6fb-4264-a881-36d4f7197811,,,,2.4000,,2026-09-09 08:52:39.052657+07,admin
22b4635f-74d0-4981-8dc8-f7f740d9378d,202209941,1.8000,2.0000,2.0000,,2026-09-07 14:24:16.976218+07,migration_000506_backfill
22c08fad-0d9d-49d7-be16-5cf93c9450dc,202505257,2.4800,1.5000,1.5000,,2026-09-08 09:21:50.2908+07,migration_000508_backfill
22dcbaa2-ff52-49fe-b1e1-f5a235f56e19,202511576,2.0000,2.0000,2.0000,,2026-09-08 09:21:50.2908+07,migration_000508_backfill
22f0fcd6-85d1-414f-bef5-3a3638c1962b,202307362,1.5000,1.5000,1.5000,,2026-09-07 14:24:16.976218+07,migration_000506_backfill
22ffc75f-1085-4016-88b5-3d37c4c53067,202506316,5.4000,5.0000,5.0000,,2026-09-08 09:21:50.2908+07,migration_000508_backfill
2328fbe8-652c-477d-ac41-4f51fd8abb9a,202209958,3.7000,3.7000,3.7000,,2026-09-09 08:52:59.782885+07,admin
232db19d-f41d-4c94-aa33-1949dc2ab4f6,202303214,1.5000,1.5000,1.5000,,2026-09-07 14:24:16.976218+07,migration_000506_backfill
233611cc-344d-40f6-b8bf-d2ae4d755ecb,,,,1.0200,,2026-09-09 08:52:39.166129+07,admin
2376ba2d-a224-4bff-b9bb-7d8d8432da01,202104366,1.2500,,1.2500,,2026-09-09 08:52:56.019157+07,admin
238ba813-54e5-43f9-ba1c-ef652cdc1d88,202109581,1.7100,,1.8000,,2026-09-09 08:52:59.960628+07,admin
23c85de7-82c6-4940-a229-1d3264d3a6a1,202601667,2.0000,2.0000,2.0000,,2026-09-08 09:21:50.2908+07,migration_000508_backfill
23e2c576-984e-452f-955a-011fe543f485,202206833,2.0000,,2.0000,,2026-09-07 14:24:16.976218+07,migration_000506_backfill
23e660af-bec9-41d6-8092-e43987828220,202501164,3.0000,3.0000,3.0000,,2026-09-08 09:21:50.2908+07,migration_000508_backfill
240ad332-12e0-400c-a162-d1dcecc627b0,202603776,2.0000,2.0000,2.0000,,2026-09-08 09:21:50.2908+07,migration_000508_backfill
243aa041-97e4-4e88-9c8a-88222ceebeba,202408853,2.3000,2.0000,2.0000,,2026-09-07 14:24:16.976218+07,migration_000506_backfill
247be9cb-4f9a-4962-927d-7500f7a4bd9f,,,,1.9600,,2026-09-09 08:52:39.581604+07,admin
24b3a035-5232-4e06-a487-990fee7727e3,202404682,1.9000,2.0000,2.0000,,2026-09-08 09:21:50.2908+07,migration_000508_backfill
24c3ea95-240b-43b4-a719-cf317489b79f,202104388,4.0000,,4.0000,,2026-09-09 08:52:40.176253+07,admin
2533b6e7-700e-4483-a35e-2a46efc1851b,202104214,1.7500,,1.7500,,2026-09-08 09:21:50.2908+07,migration_000508_backfill
25522f74-c712-409d-afff-2a7e522b67f6,202502200,2.0000,2.0000,2.0000,,2026-09-08 09:21:50.2908+07,migration_000508_backfill
256a9cb5-7adc-4855-ba31-990bb94a27d7,202210992,3.0000,3.0000,3.0000,,2026-09-07 14:24:16.976218+07,migration_000506_backfill
2584509e-ec91-4627-acf3-2e0c7c0e5d97,202501134,2.2000,2.0000,2.0000,,2026-09-08 09:21:50.2908+07,migration_000508_backfill
258a8cc4-8d42-4625-a6aa-3b77dcacf9f7,202408824,0.6500,,,,2024-08-01 00:00:00+07,SINTIA
259e477f-bb87-467f-9f77-f2948192d373,202306282,1.8500,2.0000,2.0000,,2026-09-08 09:21:50.2908+07,migration_000508_backfill
25ceea31-a9ce-45a8-8dd0-f1ac18d54b2f,202208902,1.5000,1.5000,1.5000,,2026-09-07 14:24:16.976218+07,migration_000506_backfill
25d1a20b-8da6-4501-9e49-1b2785d884ae,202201703,1.6000,,1.6000,,2026-09-07 14:24:16.976218+07,migration_000506_backfill
25dff61f-1b38-4d9b-a4d8-8443ee1f3cb2,202411046,3.1000,3.0000,3.0000,,2026-09-08 09:21:50.2908+07,migration_000508_backfill
25f8e742-4777-4fcf-97a0-937ecae1d016,202501096,2.3000,2.0000,2.0000,,2026-09-08 09:21:50.2908+07,migration_000508_backfill
2618b311-1f70-444a-a838-30ab3ab55f8d,202509509,2.0000,2.0000,2.0000,,2026-09-08 09:21:50.2908+07,migration_000508_backfill
263f774d-4242-4faa-ae6e-3bff67837275,202104173,3.7800,,2.6500,,2026-09-09 08:52:44.128641+07,admin
2648fac7-6308-4901-bb06-7591c606fb65,202508453,2.0000,2.0000,2.0000,,2026-09-08 09:21:50.2908+07,migration_000508_backfill
26669c2a-122a-4359-9ba7-06732624e0c8,202606926,2.0000,2.0000,2.0000,,2026-09-08 09:21:50.2908+07,migration_000508_backfill
26ab30df-828a-4d05-8f60-f2b09c7b1b42,202104132,3.3800,,3.3800,,2026-09-09 08:52:42.605408+07,admin
26b497c0-2fab-4d47-9d66-995b9a807ff9,202412055,3.5000,3.5000,3.5000,,2026-09-08 09:21:50.2908+07,migration_000508_backfill
26dcb4fc-d765-45f9-bd67-7a8c6675b2f4,202511613,4.0000,4.0000,4.0000,,2026-09-08 09:21:50.2908+07,migration_000508_backfill
26ecf8f2-a9ad-4ec5-9cfe-461c2f16d0fe,202410979,2.2500,2.0000,2.0000,,2026-09-08 09:21:50.2908+07,migration_000508_backfill
27114b1b-eb8c-4422-8a19-f06037f49f63,202104112,2.2700,,2.2700,,2026-09-09 08:52:50.287484+07,admin
272678d7-6f57-45a2-be9c-12418a869542,202410976,1.7500,2.0000,2.0000,,2026-09-08 09:21:50.2908+07,migration_000508_backfill
2735defc-3c0b-445e-89bf-383a23605151,202509532,4.0000,4.0000,4.0000,,2026-09-08 09:21:50.2908+07,migration_000508_backfill
2748269e-f7a2-4296-8164-130d3f857bd1,202412070,5.8000,5.0000,5.0000,,2026-09-07 14:24:16.976218+07,migration_000506_backfill
2795ae7f-e8b4-4b11-a653-d078ba766c52,202604807,2.0000,2.0000,2.0000,,2026-09-08 09:21:50.2908+07,migration_000508_backfill
279a50a0-f0ce-4921-87dc-a217d3942e9a,202407772,1.5000,1.5000,1.5000,,2026-09-08 09:21:50.2908+07,migration_000508_backfill
27a952c4-11ff-4623-9443-641343b1eadf,,,,1.5000,,2026-09-09 08:52:41.793184+07,admin
27af272d-6154-43d6-8ee6-81a85639a996,202305236,2.9000,3.0000,3.0000,,2026-09-08 09:21:50.2908+07,migration_000508_backfill
27b7949b-8c42-408e-b302-e4ccb574088a,202308377,1.2000,1.2000,1.2000,,2026-09-08 09:21:50.2908+07,migration_000508_backfill
27c5c78b-a198-443c-8d56-4bc5c6eb8408,202602721,6.0000,6.0000,6.0000,,2026-09-08 09:21:50.2908+07,migration_000508_backfill
27d59246-ad1c-4529-b375-dadc3dd019fe,202104170,1.5900,,1.8000,,2026-09-09 08:52:41.915475+07,admin
27d9ecc2-305b-46c6-a8c1-db27643138f9,202104448,2.1500,,2.1500,,2026-09-09 08:52:50.329287+07,admin
27f079fd-0ada-46d5-96ab-c1ee55bfea5f,202104103,1.7300,,1.7300,,2026-09-08 09:21:50.2908+07,migration_000508_backfill
27f6128b-5470-4888-aada-9c1f25ec8d61,202104138,1.5000,,1.5000,,2026-09-09 08:52:55.524407+07,admin
27fa6dea-2335-40c8-810f-d0bcbb89ccbe,202211040,1.5000,1.5000,1.5000,,2026-09-07 14:24:16.976218+07,migration_000506_backfill
28118201-90d1-44f3-8a91-f3a7266c1df5,202406751,3.7000,3.5000,3.5000,,2026-09-08 09:21:50.2908+07,migration_000508_backfill
2850bd91-431e-48c5-b14b-79a80c1ffce3,202407801,4.0000,4.0000,4.0000,,2026-09-07 14:24:16.976218+07,migration_000506_backfill
28538f31-6ea8-4f68-ab4e-0ffa6819090d,202305227,3.4500,2.5000,3.4500,,2026-09-08 09:21:50.2908+07,migration_000508_backfill
2867a7ae-1e0b-43d2-9f10-65659cbf76f3,202306288,1.5000,1.5000,1.5000,,2026-09-08 09:21:50.2908+07,migration_000508_backfill
286f4f28-88e9-48a2-b9d1-67e703b89587,202208901,1.5000,1.5000,1.5000,,2026-09-07 14:24:16.976218+07,migration_000506_backfill
28792323-715d-4f39-8d7a-817d6902843a,,,,2.0000,,2026-09-09 08:52:41.001029+07,admin
2882a70d-192e-485d-94f3-24ccdb025f6e,202512642,2.0000,2.0000,2.0000,,2026-09-08 09:21:50.2908+07,migration_000508_backfill
2898965d-1335-4e2e-a4dd-8466fdaae70d,202201695,2.2500,2.1500,2.1500,,2026-09-07 14:24:16.976218+07,migration_000506_backfill
28d24ed8-639b-409b-9a13-c6f3b8f87280,202602747,2.0000,2.0000,2.0000,,2026-09-08 09:21:50.2908+07,migration_000508_backfill
29001d14-003a-4e12-8f99-2ab28ed4c087,202104080,2.6000,,2.6000,,2026-09-09 08:52:45.872475+07,admin
2926d505-6f71-46fa-a636-9bc56714df41,202409910,1.0000,,1.0000,,2026-09-08 09:21:50.2908+07,migration_000508_backfill
2939b47a-189b-4b8e-913d-96438dfe2643,202210972,1.6400,1.5000,1.5000,,2026-09-09 08:52:59.01566+07,admin
2939efbc-d73b-43ba-8007-298c59b487a7,202411048,4.1700,4.0000,4.0000,,2026-09-08 09:21:50.2908+07,migration_000508_backfill
294a8998-121f-47db-980b-2a3b8d928add,202104091,1.1600,,1.1600,,2026-09-09 08:53:00.229587+07,admin
29822564-30b8-4611-972c-0fae99058178,202303204,2.0000,2.0000,2.0000,,2026-09-07 14:24:16.976218+07,migration_000506_backfill
29861ed4-a115-4116-9b34-23d5498142ea,202104365,1.4500,,1.4900,,2026-09-09 08:52:49.346728+07,admin
2986e442-4183-48c0-9680-dac9fecc2278,202603803,3.7000,,,,2026-03-30 00:00:00+07,SINTIA
298751a3-1b2e-4c78-83e4-64a4b8efe0b0,202404684,2.5000,2.5000,2.5000,,2026-09-08 09:21:50.2908+07,migration_000508_backfill
29999302-a4c7-43b5-be91-364cbd6a93ac,202509513,2.0000,2.0000,2.0000,,2026-09-08 09:21:50.2908+07,migration_000508_backfill
299cc695-08f7-4403-a7ae-3cef20d3f6ff,202507394,3.0000,3.0000,3.0000,,2026-09-08 09:21:50.2908+07,migration_000508_backfill
29a00b83-9499-47a6-a2c9-1647a8c2a39b,202203757,2.0000,2.0000,2.0000,,2026-09-07 14:24:16.976218+07,migration_000506_backfill
29cc318f-b99d-4181-bd3f-972200c5197d,202104409,2.9000,,2.8000,,2026-09-09 08:52:46.855843+07,admin
29f06957-165f-46c4-9601-5d7a50916d0d,202112672,1.5600,,,,2022-11-22 00:00:00+07,1437
29fe5fb9-1323-473b-ac0d-2fdc0bb65c71,202311552,2.3000,,2.3400,,2026-09-09 08:52:45.358875+07,admin
2a0408c1-31a6-4c27-86c6-2e3efe43eb3f,202505261,1.5000,1.5000,1.5000,,2026-09-08 09:21:50.2908+07,migration_000508_backfill
2a05b9d3-663a-495e-814d-099be5e19946,202104291,1.6100,,1.2700,,2026-09-09 08:52:41.248826+07,admin
2a348a91-aba5-4469-8462-f621dc471aff,202303195,1.3200,,1.2500,,2026-09-07 14:24:16.976218+07,migration_000506_backfill
2a386213-b67c-41d1-967e-e58d6d6efdc0,202104436,3.6700,,3.6000,,2026-09-09 08:52:52.848499+07,admin
2a6ce993-1ce7-492d-90a4-065c15b98d84,202508442,3.0000,3.0000,3.0000,,2026-09-08 09:21:50.2908+07,migration_000508_backfill
2a9b6cc7-17c2-4c3e-b188-8a746df13648,202411037,1.7000,2.0000,2.0000,,2026-09-07 14:24:16.976218+07,migration_000506_backfill
2aa5f4c0-2dae-4d99-8ad5-a601f34c3b9b,,,,3.2800,,2026-09-09 08:52:39.301453+07,admin
2abbe771-214d-463b-8a93-63b0295033fc,202303208,2.0000,2.0000,2.0000,,2026-09-07 14:24:16.976218+07,migration_000506_backfill
2add33af-80a0-4684-bead-cc15fdcf4b99,202403665,2.0000,2.0000,2.0000,,2026-09-08 09:21:50.2908+07,migration_000508_backfill
2b3e1327-8a9b-49e9-87e5-83f2ec13129e,202504227,2.0000,2.0000,2.0000,,2026-09-08 09:21:50.2908+07,migration_000508_backfill
2b414b8c-9d20-4b2e-968a-ab9499fbd4af,202104115,1.4900,,,,2026-02-28 00:00:00+07,1437
2b4efccb-d2e9-4eb0-bc84-32de4d2307e4,202601698,2.0000,2.0000,2.0000,,2026-09-08 09:21:50.2908+07,migration_000508_backfill
2b601bb0-9974-428d-9380-df7cb3ed42d4,202408846,4.6200,4.5000,4.5000,,2026-09-08 09:21:50.2908+07,migration_000508_backfill
2b6b8e57-3619-4ffc-bf62-81346571a40b,202104498,2.0500,,,,2021-04-24 00:00:00+07,SINTIA
2b754f15-9fe4-48c5-8f68-6e50e35a9225,202305231,1.5000,1.5000,1.5000,,2026-09-08 09:21:50.2908+07,migration_000508_backfill
2bca8c2e-d3e9-4123-9824-73c43ef7e602,202307335,1.0000,1.0000,1.0000,,2026-09-08 09:21:50.2908+07,migration_000508_backfill
2bd0f2d2-c946-4093-b375-bb2b4ec944d7,202404681,2.2000,2.5000,2.5000,,2026-09-08 09:21:50.2908+07,migration_000508_backfill
2be350c5-6ae6-40ae-8db2-c1097ded8070,202411995,2.4500,2.3000,2.3000,,2026-09-08 09:21:50.2908+07,migration_000508_backfill
2c0c10a7-801e-44ec-a3b1-737951ff57a5,202311554,1.5000,,1.5000,,2026-09-07 14:24:16.976218+07,migration_000506_backfill
2c0dc31c-a160-4116-abdc-addbfe3b5f95,202410974,3.7700,,3.1000,,2026-09-08 09:21:50.2908+07,migration_000508_backfill
2c3ce2d5-4773-4b77-9104-810962d78eaa,202204795,1.5000,1.5000,1.5000,,2026-09-07 14:24:16.976218+07,migration_000506_backfill
2c462630-0db7-4de3-a19a-9f6d8d878055,,,,2.0300,,2026-09-09 08:52:38.211581+07,admin
2c4e78f7-2ccb-44b9-918d-2e3fce23993e,202104402,2.0900,,2.1400,,2026-09-09 08:52:54.847892+07,admin
2c580fb4-9d12-4e07-95c7-7c0a767ff4ec,202510555,2.1500,2.0000,2.0000,,2026-09-08 09:21:50.2908+07,migration_000508_backfill
2c67d8ec-bc56-42bb-b77f-8ffd49fc36f0,202201680,1.0900,,1.0900,,2026-09-09 08:52:56.787836+07,admin
2c6c944d-fbfc-4eae-ac4e-e1e50c82a7e6,202212074,4.0000,4.0000,4.0000,,2026-09-07 14:24:16.976218+07,migration_000506_backfill
2c81a071-bc8a-4bb8-b14c-e20b42e6b782,202507396,2.0000,2.0000,2.0000,,2026-09-08 09:21:50.2908+07,migration_000508_backfill
2c9c2fa4-9c6b-43b4-b498-fde0c9127581,202303206,1.5000,1.5000,1.5000,,2026-09-07 14:24:16.976218+07,migration_000506_backfill
2ca22684-1cb0-45b5-ac74-d4d0e388da82,202504222,2.0000,,2.0000,,2026-09-08 09:21:50.2908+07,migration_000508_backfill
2ca94a7d-14a4-48fb-bbc2-79caeed514b1,202409880,2.0000,2.0000,2.0000,,2026-09-08 09:21:50.2908+07,migration_000508_backfill
2cb5587e-21a3-4aef-98ac-df140aeb5edf,202509504,2.0000,2.0000,2.0000,,2026-09-08 09:21:50.2908+07,migration_000508_backfill
2cf00881-a4f5-481c-8af5-7f0034913779,202308388,1.5000,1.5000,1.5000,,2026-09-08 09:21:50.2908+07,migration_000508_backfill
2d07f62a-ac3e-4dae-a126-6b22e6896855,202203759,1.5000,1.5000,1.5000,,2026-09-07 14:24:16.976218+07,migration_000506_backfill
2d1e692e-57d4-4aef-ad62-c151920bf0a2,202201714,1.7300,1.6000,1.6000,,2026-09-09 08:52:59.169586+07,admin
2d44b49c-12fa-461d-946d-9944dcc9679e,202407813,5.0000,5.0000,5.0000,,2026-09-07 14:24:16.976218+07,migration_000506_backfill
2d46f78a-9f13-440f-8a3f-6b51bacfe9f6,202305249,1.5700,1.5000,1.5000,,2026-09-08 09:21:50.2908+07,migration_000508_backfill
2d6ba37a-07b9-4613-8765-e4ed53ddd307,202605876,4.6000,5.0000,5.0000,,2026-09-08 09:21:50.2908+07,migration_000508_backfill
2d7eb023-1fe4-4e53-8469-a527ab29603b,202407802,1.0000,1.0000,1.0000,,2026-09-07 14:24:16.976218+07,migration_000506_backfill
2d902ce3-4ec5-43ca-8343-0a2457e81ad8,202310536,1.9200,4.0000,4.0000,,2026-09-08 09:21:50.2908+07,migration_000508_backfill
2da12c58-f8e3-4d98-be8b-680308b7d490,202304224,1.5000,1.5000,1.5000,,2026-09-07 14:24:16.976218+07,migration_000506_backfill
2dc97755-f56f-42a7-b558-c70bf3aa63b4,202201681,1.7600,,1.4800,,2026-09-09 08:52:38.349619+07,admin
2df0a96b-b6bf-443a-ad04-ba9100572193,202104180,3.3000,,3.3000,,2026-09-08 09:21:50.2908+07,migration_000508_backfill
2e1ee38a-7a79-46c1-975e-f47230e85312,202501137,2.0000,2.0000,2.0000,,2026-09-08 09:21:50.2908+07,migration_000508_backfill
2e37a872-84f8-4950-afbe-a45e510a777d,202104178,1.8000,,1.8000,,2026-09-08 09:21:50.2908+07,migration_000508_backfill
2e388041-9e6a-4b50-bf79-0ee4d2eeb6f0,202303212,1.5000,1.5000,1.5000,,2026-09-07 14:24:16.976218+07,migration_000506_backfill
2e3a3a7c-a3ee-48a1-b272-09ad0b097f37,202206825,3.5000,,3.5000,,2026-09-07 14:24:16.976218+07,migration_000506_backfill
2e4a4814-fed6-4811-9c85-8e25eecbc8d1,202604813,1.9000,2.0000,2.0000,,2026-09-08 09:21:50.2908+07,migration_000508_backfill
2e81bd88-b766-4cb7-b137-6a03fd677e63,,,,,,,
2ec4ec93-07c3-4f4f-95a2-9549d1af0ed6,202409862,1.1500,1.5000,1.5000,,2026-09-07 14:24:16.976218+07,migration_000506_backfill
2ed1490e-ff07-4878-bc3d-528bdd38bc16,202104357,1.5800,,1.5400,,2026-09-09 08:52:57.388199+07,admin
2f06550d-6f81-4879-ad97-83b1c6375625,202408836,3.8000,4.0000,4.0000,,2026-09-08 09:21:50.2908+07,migration_000508_backfill
2f468015-3ef4-4242-822c-966afdb7beba,202306295,2.0000,2.0000,2.0000,,2026-09-08 09:21:50.2908+07,migration_000508_backfill
2f4b2f18-bdee-4754-96c5-f7f7204c29d2,202208903,2.0000,2.0000,2.0000,,2026-09-07 14:24:16.976218+07,migration_000506_backfill
2f5ab219-6ce2-4df3-81f2-57b8075091cc,202605883,6.0000,6.0000,6.0000,,2026-09-08 09:21:50.2908+07,migration_000508_backfill
2f7e9a6f-f156-4496-acd1-706741a35839,202303192,2.1500,,2.2500,,2026-09-07 14:24:16.976218+07,migration_000506_backfill
2fb27e33-a6ee-4618-89c8-ba1c265d4891,202104155,4.0000,,4.0000,,2026-09-09 08:53:00.419092+07,admin
2fec585a-6e70-4817-b66b-4dad81beaffd,202602717,4.0000,4.0000,4.0000,,2026-09-08 09:21:50.2908+07,migration_000508_backfill
300e1f5b-0915-424e-909d-93c1078d4db5,202303196,3.2000,3.2000,3.2000,,2026-09-07 14:24:16.976218+07,migration_000506_backfill
302c0166-adf6-4bb4-be92-cceab27138e6,202211009,1.0000,,1.1600,,2026-09-09 08:52:50.40847+07,admin
302c3f7e-7244-4a41-bec0-26253e275f0a,202410985,2.2000,2.0000,2.0000,,2026-09-07 14:24:16.976218+07,migration_000506_backfill
306cfbfc-95f0-4155-9c51-9c8ed0c3c867,202402620,2.0000,2.0000,2.0000,,2026-09-07 14:24:16.976218+07,migration_000506_backfill
30730624-41ee-4e25-aaca-ad789a742dc4,202606925,1.5200,1.5000,1.5000,,2026-09-07 14:24:16.976218+07,migration_000506_backfill
307bb56d-7d16-4079-b1c1-770653b45c6c,202104116,3.6700,,,,,
3099ffb9-3e7c-4947-a582-17baca4fcf36,202205814,3.0000,3.5000,3.5000,,2026-09-07 14:24:16.976218+07,migration_000506_backfill
30a9aeb2-c6e2-4e5e-9981-023d5b5b19b0,202409906,1.5000,,1.5000,,2026-09-08 09:21:50.2908+07,migration_000508_backfill
30ad3c03-9feb-4395-9bae-7bb601b66728,202104205,3.0000,,3.0000,,2026-09-09 08:52:53.570986+07,admin
30b73280-108e-45dd-bd93-845987b561e1,202506362,4.0000,4.0000,4.0000,,2026-09-07 14:24:16.976218+07,migration_000506_backfill
30cd91d1-6c16-4f08-99e6-2bd858085d31,202506320,2.0000,2.0000,2.0000,,2026-09-08 09:21:50.2908+07,migration_000508_backfill
30d98a2d-e9b3-47e0-ac16-5a69481bb689,202104443,0.9000,,1.0000,,2026-09-09 08:52:54.810383+07,admin
311cfaf0-c1b0-4d8f-90e4-c5825540fbe1,202306301,2.3700,2.3000,2.3000,,2026-09-08 09:21:50.2908+07,migration_000508_backfill
311f4eba-a8e3-4fce-a937-f9f8b4a65dea,202312575,1.5000,1.5000,1.5000,,2026-09-08 09:21:50.2908+07,migration_000508_backfill
312a94a0-11cb-4085-abca-61747f7b44d4,202501080,1.0000,1.0000,1.0000,,2026-09-08 09:21:50.2908+07,migration_000508_backfill
3132c604-1129-4dc5-9853-40ca8ceb85ec,202111633,2.2100,2.2600,2.0000,,2026-09-09 08:52:59.43981+07,admin
313cb164-1198-4607-b5a3-7b9c7f894a82,202505259,5.2100,5.0000,5.0000,,2026-09-08 09:21:50.2908+07,migration_000508_backfill
313ee991-f315-4ec2-abe7-b0e1c067dd9e,202512616,6.0000,,12.0000,,2026-09-07 14:24:16.976218+07,migration_000506_backfill
31466ad1-68bc-4121-90c3-f90a98e9f8ca,202604870,11.0000,,,,2026-04-30 00:00:00+07,SINTIA
31602c9f-3987-4376-8db9-408b58005526,202308404,5.4000,5.0000,5.0000,,2026-09-07 14:24:16.976218+07,migration_000506_backfill
318bcf39-328d-4b9f-9950-611c2faa0779,202511579,5.8000,5.8000,5.8000,,2026-09-08 09:21:50.2908+07,migration_000508_backfill
318d16dd-0448-4053-9b3e-18b761168804,202206864,1.5000,1.5000,1.5000,,2026-09-07 14:24:16.976218+07,migration_000506_backfill
31d1cb85-eaed-4acf-9106-160c2e919791,202207889,2.0000,2.0000,2.0000,,2026-09-07 14:24:16.976218+07,migration_000506_backfill
31e5bed8-d551-45f6-a732-2c09536e3a4d,202104223,1.4800,,1.5800,,2026-09-08 09:21:50.2908+07,migration_000508_backfill
31e78a05-efbd-4a79-82fb-9fee6ec184e0,202104046,3.4600,,3.4600,,2026-09-09 08:52:50.367779+07,admin
32204a18-8a9c-4421-b64a-a1e36edd0a8b,202305242,1.6300,,2.0300,,2026-09-09 08:52:38.211581+07,admin
3222b67d-0fb0-4cf2-998b-8b3c3dc96646,202311540,2.0000,2.0000,2.0000,,2026-09-07 14:24:16.976218+07,migration_000506_backfill
3240e83c-44c6-48c9-b616-1d6bc56cd1e9,202104189,2.5700,,2.5700,,2026-09-09 08:52:40.4221+07,admin
325063c0-930e-4876-98b8-0140a99997da,202212091,1.8500,,2.2000,,2026-09-09 08:52:56.091959+07,admin
32adf390-bb81-47f6-81d2-a93aeaa14a77,202512641,2.0000,2.0000,2.0000,,2026-09-08 09:21:50.2908+07,migration_000508_backfill
32be4c94-fbef-4471-b810-4583a546ac59,202502202,6.0000,6.0000,6.0000,,2026-09-08 09:21:50.2908+07,migration_000508_backfill
32c92b42-1d6e-4c30-b89f-83869225edf4,202306302,2.0000,2.0000,2.0000,,2026-09-08 09:21:50.2908+07,migration_000508_backfill
32d0ef0c-fd2d-4b22-a481-ef41a8b35778,202502196,2.0000,2.0000,2.0000,,2026-09-07 14:24:16.976218+07,migration_000506_backfill
32d6386e-dd6f-4e24-bd3b-b0c9e87d1d00,202104061,3.1500,,3.1500,,2026-09-09 08:52:43.545355+07,admin
32e49b72-f2b1-491e-bbc9-e9f0cac29bb9,202509538,1.9600,2.0000,2.0000,,2026-09-08 09:21:50.2908+07,migration_000508_backfill
3312ffa4-a633-475c-8e83-c93d7d71d04c,202112671,2.2000,2.0000,2.0000,,2026-09-07 14:24:16.976218+07,migration_000506_backfill
33245c4b-c902-4d9b-a814-a4408d689c5c,202602756,2.5000,2.0000,2.0000,,2026-09-08 09:21:50.2908+07,migration_000508_backfill
332ea382-3286-4007-ab55-ba52c94b3f71,202503213,5.0000,5.0000,5.0000,,2026-09-07 14:24:16.976218+07,migration_000506_backfill
3341a685-fc46-49e8-8169-4021b57f4621,202104013,6.0000,,6.0000,,2026-09-09 08:52:50.211196+07,admin
334501cb-d5d1-4e53-a1e9-29dcea807fe4,202308375,2.2000,,2.2000,,2026-09-07 14:24:16.976218+07,migration_000506_backfill
3346e68c-7fed-494d-af7f-41cc7df0957f,202404686,2.0000,2.0000,2.0000,,2026-09-08 09:21:50.2908+07,migration_000508_backfill
334b0d55-b5b3-4db4-87ca-6c9107fbe124,202104372,1.8500,,,,,
33673689-b536-4e49-a162-a863ec864352,202604818,5.0000,5.0000,5.0000,,2026-09-08 09:21:50.2908+07,migration_000508_backfill
3370a860-dc9b-4dd9-805c-ae05320fa62c,202601677,4.0000,4.0000,4.0000,,2026-09-08 09:21:50.2908+07,migration_000508_backfill
3370a906-66ae-49b9-a87c-aa251a18185d,202501149,4.0000,4.0000,4.0000,,2026-09-08 09:21:50.2908+07,migration_000508_backfill
33859f21-8a66-482b-91bf-2d0c12476c06,202211032,2.1000,,1.9800,,2026-09-09 08:52:41.128875+07,admin
3385ce2b-6eb3-4b9a-bab9-df2d86b8edb3,202309450,1.5000,1.5000,1.5000,,2026-09-07 14:24:16.976218+07,migration_000506_backfill
338dd554-5094-4fc4-878f-3a66ae3ffa7a,202104510,1.3800,,1.8000,,2026-09-09 08:52:57.97347+07,admin
340789d6-6e98-46b3-9bf9-d2d0ab069259,202111658,1.9000,1.9000,1.9000,,2026-09-07 14:24:16.976218+07,migration_000506_backfill
340f91a3-8706-4ce9-bd64-1c98b8d44087,202308419,1.5000,1.5000,1.5000,,2026-09-07 14:24:16.976218+07,migration_000506_backfill
3432c508-6af6-4f17-9247-ef0da54a61c6,202306279,1.5000,1.5000,1.5000,,2026-09-08 09:21:50.2908+07,migration_000508_backfill
345059dd-ae39-4726-af77-178f070d008e,202506368,4.5000,4.5000,4.5000,,2026-09-09 08:53:00.076976+07,admin
3452fcc9-fa80-4e31-a4c7-47fe26bf7ea3,202104131,4.3000,,4.3000,,2026-09-09 08:52:57.855935+07,admin
345ba175-baa6-4027-9a5f-99780b76c444,202104033,1.7000,,1.7500,,2026-09-09 08:52:46.737348+07,admin
345d3a67-d51b-49d3-a0c3-b36e18d8fa5c,202104152,1.1500,,1.1500,,2026-09-09 08:52:43.501111+07,admin
3475a361-3a58-41d1-a165-e415a7fcd54d,202104232,1.7000,,1.6500,,2026-09-09 08:52:53.848739+07,admin
3479ba31-dc8a-4bb6-bac6-0c0939f3285c,202305247,6.0000,6.0000,6.0000,,2026-09-08 09:21:50.2908+07,migration_000508_backfill
3485fd16-e50e-4fa3-96ef-c0add97ea880,202104177,1.8500,,1.8500,,2026-09-08 09:21:50.2908+07,migration_000508_backfill
34a5e4df-9854-4641-979a-ec8509a279e3,202104258,2.0000,,2.0000,,2026-09-09 08:52:39.850891+07,admin
34baa08e-ba9a-4e1f-87ba-5ddc3a7378fd,202210999,1.5000,1.5000,1.5000,,2026-09-07 14:24:16.976218+07,migration_000506_backfill
34d9be0a-16b0-4b79-af89-863d5c735665,202408850,1.5000,1.5000,1.5000,,2026-09-07 14:24:16.976218+07,migration_000506_backfill
34f275a3-e153-449f-a3be-65874bcc17d3,202603783,2.0000,2.0000,2.0000,,2026-09-08 09:21:50.2908+07,migration_000508_backfill
3522b55b-8d15-42ae-893d-3151267bb412,202601692,5.5000,5.5000,5.5000,,2026-09-08 09:21:50.2908+07,migration_000508_backfill
353183b1-5d5e-4fca-9074-e290c79a99e9,,,,2.0000,,2026-09-09 08:52:40.8753+07,admin
353b30e3-7c17-42b2-ba06-dd972c49ccbc,202110613,1.5400,1.5000,1.5000,,2026-09-07 14:24:16.976218+07,migration_000506_backfill
35513bab-4d59-4aea-a3e0-07c5c8ae5180,202104455,1.3500,1.5000,1.3500,,2026-09-09 08:52:42.369301+07,admin
357d13fb-913f-4fa1-94c8-20b700742f73,202202744,3.0700,,,,2025-11-22 00:00:00+07,1437
3581888b-8c3d-45da-88b4-41d4d5e94303,202104004,1.9500,,2.0000,,2026-09-09 08:52:44.993522+07,admin
3588617d-1fef-4baa-8c60-9d53eff5b9c1,202505243,1.3300,1.6000,1.6000,,2026-09-07 14:24:16.976218+07,migration_000506_backfill
358dc581-faa2-42ce-a36b-dbbc1e8702a3,202602737,2.0000,2.0000,2.0000,,2026-09-08 09:21:50.2908+07,migration_000508_backfill
35acc7e7-2140-45ea-9b57-cc42c94eb072,202104235,2.8200,,3.0000,,2026-09-09 08:52:51.833874+07,admin
35f7a378-cefc-4a52-bc22-ebd34f1c79dc,202209952,2.5000,2.5000,2.5000,,2026-09-07 14:24:16.976218+07,migration_000506_backfill
362bbc31-2bf2-4c95-8055-0f1c2e872eef,202403632,5.0000,5.0000,5.0000,,2026-09-07 14:24:16.976218+07,migration_000506_backfill
363d9593-15f8-46cf-83a3-51c346fee122,202605902,5.5000,5.5000,5.5000,,2026-09-08 09:21:50.2908+07,migration_000508_backfill
364427f0-0449-4916-8d13-65b756ff2e3d,202208926,1.1500,1.2000,1.2000,,2026-09-07 14:24:16.976218+07,migration_000506_backfill
365e798b-3356-4346-9713-9205c7ff71db,202308428,1.6500,2.0000,2.0000,,2026-09-08 09:21:50.2908+07,migration_000508_backfill
3667a39b-ea8b-4eaf-b086-c2e5bb7e8179,202104352,2.1000,,1.9600,,2026-09-09 08:52:39.581604+07,admin
366a1a0f-cafe-4910-be79-e50b4bb3e721,202312576,1.5000,1.5000,1.5000,,2026-09-08 09:21:50.2908+07,migration_000508_backfill
3679a52d-46c4-443c-a7cc-cd928ee326b2,202211042,2.0000,2.0000,2.0000,,2026-09-07 14:24:16.976218+07,migration_000506_backfill
368c6d8b-04bf-483e-80bd-a21e9c3ef3f1,202104480,1.6000,,2.0000,,2026-09-09 08:52:48.537145+07,admin
3697e3fd-447f-4573-bd19-069af660da93,202601700,2.0000,2.0000,2.0000,,2026-09-08 09:21:50.2908+07,migration_000508_backfill
36ab117f-e9aa-4ee4-abff-97f12c65e92a,,,,,,,
36d61071-d21f-4d71-a0c6-4a8455f0a17d,202508458,2.0000,2.0000,2.0000,,2026-09-08 09:21:50.2908+07,migration_000508_backfill
36e134f3-2c1d-4fba-bd7d-86f4f356942c,202405718,1.3500,1.5000,1.5000,,2026-09-07 14:24:16.976218+07,migration_000506_backfill
36e445de-a745-4f6c-b1c2-efbc9607f1bb,202601664,2.0800,2.3000,2.3000,,2026-09-07 14:24:16.976218+07,migration_000506_backfill
37175c00-f80f-4f44-9957-6b0114fa0f83,202401609,5.1500,4.5000,4.5000,,2026-09-07 14:24:16.976218+07,migration_000506_backfill
372f7b31-900a-46e1-b56b-bd9dc5718341,202309505,5.4000,5.0000,5.0000,,2026-09-07 14:24:16.976218+07,migration_000506_backfill
374234dc-dac7-43a8-9208-cbba21d0b7ae,202302170,1.5000,1.5000,1.5000,,2026-09-07 14:24:16.976218+07,migration_000506_backfill
376094d5-7ebe-417b-bd84-56ea1b941d48,202104107,1.8800,,1.8400,,2026-09-09 08:52:55.644916+07,admin
378af50f-52b0-45a3-be2a-06d668f46fe9,202507422,3.0000,3.0000,3.0000,,2026-09-08 09:21:50.2908+07,migration_000508_backfill
38287f7d-f40f-4f04-b648-54bed8d83842,202507425,1.8700,2.0000,2.0000,,2026-09-08 09:21:50.2908+07,migration_000508_backfill
38327957-4919-4db7-a44c-933703a357e8,202104099,1.0400,,1.0400,,2026-09-08 09:21:50.2908+07,migration_000508_backfill
3856b126-a99e-4c04-a278-22134fe0f7b0,202506364,1.5600,,,,2025-06-24 00:00:00+07,1437
385f68eb-3be8-4202-bf8b-7c8f7f467015,202302161,1.5000,1.5000,1.5000,,2026-09-07 14:24:16.976218+07,migration_000506_backfill
38a51a10-eb18-4012-8d36-963b33c81826,202506298,3.5000,3.5000,3.5000,,2026-09-08 09:21:50.2908+07,migration_000508_backfill
38ab70cf-2a79-42e4-ab9c-06cb46b6c530,202501165,1.9300,1.5000,1.5000,,2026-09-08 09:21:50.2908+07,migration_000508_backfill
38b0a0fd-67c0-49ef-8921-28ef48578cda,202104064,1.4000,,1.4000,,2026-09-09 08:52:46.458649+07,admin
38b460ce-5fd7-404c-883d-ccf12cea94ff,202506322,5.0000,5.0000,5.0000,,2026-09-08 09:21:50.2908+07,migration_000508_backfill
38e1d96e-e8b9-415b-8e46-2f01aa909af9,202212067,1.6000,,1.3900,,2026-09-09 08:52:42.985293+07,admin
38fe0248-8faf-4f6c-8183-84c75efb24e1,202206877,1.5000,1.5000,1.5000,,2026-09-07 14:24:16.976218+07,migration_000506_backfill
390b1694-3455-42e8-a27c-92d03411adfd,202505268,2.1000,2.0000,2.0000,,2026-09-08 09:21:50.2908+07,migration_000508_backfill
391b8e2a-ad5a-451d-878e-33231454f0f5,202104240,2.0800,,2.1600,,2026-09-09 08:52:41.872207+07,admin
3920c932-39b2-404b-8533-48f385885281,202308431,3.0000,3.0000,3.0000,,2026-09-07 14:24:16.976218+07,migration_000506_backfill
39221e41-1c2c-404b-a9f6-2c51e76d3253,202201690,1.5400,2.0000,2.0000,,2026-09-09 08:52:45.633864+07,admin
39359b39-f7ae-45ca-988c-e74d058532ec,202310522,2.0000,2.0000,2.0000,,2026-09-07 14:24:16.976218+07,migration_000506_backfill
39682422-c991-4b52-856b-94519294da12,202202732,1.2500,,1.1300,,2026-09-09 08:52:39.502033+07,admin
3974a691-cb36-4727-aece-925006b32828,202109582,2.0400,2.0000,2.0000,,2026-09-07 14:24:16.976218+07,migration_000506_backfill
39819511-d7a7-45d7-b76b-f67dade4312b,202104351,1.5200,,1.4700,,2026-09-09 08:52:50.904404+07,admin
3982d936-32f3-4f6b-a068-550d5ffd1f84,202501160,5.0000,5.0000,5.0000,,2026-09-08 09:21:50.2908+07,migration_000508_backfill
39955403-846b-4e5b-8320-b3127065b0cd,202411001,2.1000,,1.5000,,2026-09-09 08:52:55.30422+07,admin
399d71d7-b6ed-434a-92ff-19a20d6e4f56,202409867,2.0000,2.0000,2.0000,,2026-09-07 14:24:16.976218+07,migration_000506_backfill
39a8c818-2bbf-401f-92bc-45bfc5f1a940,202110610,1.5000,1.5000,1.5000,,2026-09-07 14:24:16.976218+07,migration_000506_backfill
39b5fdc8-2183-42c1-a3d6-34cac6355060,202110623,1.7900,1.5000,1.5000,,2026-09-07 14:24:16.976218+07,migration_000506_backfill
39bb5843-bea2-4d0f-a6fd-743eba2ca9f7,202411047,4.2200,4.0000,4.0000,,2026-09-08 09:21:50.2908+07,migration_000508_backfill
39fa109d-9ced-4621-adc8-4652f27c8ac5,202210978,1.6000,1.5000,1.5000,,2026-09-09 08:52:58.11077+07,admin
3a137d55-3247-4af8-bef8-97dbdb773a4e,202104150,3.2500,,4.5000,,2026-09-09 08:52:41.75193+07,admin
3a180076-ab95-4190-8faf-05943983f242,202104284,3.0000,,3.4500,,2026-09-09 08:52:43.26638+07,admin
3a1b7c95-650b-4c15-88d3-02ac680c46fa,,,,1.2900,,2026-09-09 08:52:41.087215+07,admin
3a1e1cbf-e32e-4372-aa53-ab78328a4da7,,,,,,,
3a441d4c-0af9-43bf-8bed-c3b0d1f0f7f1,202104039,1.2600,,1.1600,,2026-09-09 08:52:50.40847+07,admin
3a4b1111-4898-4e11-a6c8-961080996bee,202407818,3.0000,3.0000,3.0000,,2026-09-08 09:21:50.2908+07,migration_000508_backfill
3a7726bc-12ae-4f49-855c-13cadf158cbc,202201709,1.3500,1.5000,1.5000,,2026-09-07 14:24:16.976218+07,migration_000506_backfill
3a99a5c2-0e39-4cc5-ae8e-d6b66a67cc82,202403653,6.0000,6.0000,6.3000,,2026-09-08 09:21:50.2908+07,migration_000508_backfill
3aae88bc-42f2-4ed2-9abc-4d5f1351f389,202605901,4.5000,4.5000,4.5000,,2026-09-08 09:21:50.2908+07,migration_000508_backfill
3acdf770-a8dd-4017-993d-b0544f662b92,202104049,3.2000,,3.2000,,2026-09-09 08:52:51.73898+07,admin
3ae494bd-276d-4b3e-89b4-a3dc95765c96,202207886,2.3800,,,,2024-11-26 00:00:00+07,SINTIA
3b072d3a-236c-4784-86c2-afd49cee9707,202212080,1.5000,1.5000,1.5000,,2026-09-07 14:24:16.976218+07,migration_000506_backfill
3b402f72-7f18-464e-944b-2ff428b06600,202412072,1.8000,2.0000,2.0000,,2026-09-08 09:21:50.2908+07,migration_000508_backfill
3b428dfa-e9e2-4dcc-b5f2-a4f41999a0b0,202509526,3.2500,3.0000,3.0000,,2026-09-08 09:21:50.2908+07,migration_000508_backfill
3b44c8b2-aaa4-4269-a1ca-0631a3d25a58,202104492,2.0000,2.0000,2.0000,,2026-09-09 08:52:53.33814+07,admin
3b468efe-8901-4ca6-adb9-7c52dad386c9,202112674,3.9000,3.9000,3.9000,,2026-09-07 14:24:16.976218+07,migration_000506_backfill
3b491ee1-b982-43a5-85d0-07271ecdf963,202104069,2.8600,,2.8600,,2026-09-09 08:52:46.413843+07,admin
3b9d8073-2662-4137-97c1-f3e5c3258f8e,202305235,1.5000,1.5000,1.5000,,2026-09-08 09:21:50.2908+07,migration_000508_backfill
3bc0b705-8e08-4773-a540-0ce0f817352e,202104265,1.9000,,1.9000,,2026-09-09 08:52:42.695864+07,admin
3bc6be48-b7ca-470a-865e-da7068986c35,202402628,6.3000,6.0000,6.3000,,2026-09-08 09:21:50.2908+07,migration_000508_backfill
3be1af99-faf9-4c71-b1c7-7d32562fdac9,202309470,2.0000,2.0000,2.0000,,2026-09-07 14:24:16.976218+07,migration_000506_backfill
3bfa1a42-c587-49c5-ac5c-12bcd4f1ebaf,202305232,1.5000,1.5000,1.5000,,2026-09-08 09:21:50.2908+07,migration_000508_backfill
3c01e2c0-aff9-4190-90c8-2e4b1d415c9e,202109589,1.0000,,1.1600,,2026-09-09 08:52:50.40847+07,admin
3c0642b7-ce6a-456c-a650-a7375e463b4c,202405703,1.8200,1.0000,1.0000,,2026-09-08 09:21:50.2908+07,migration_000508_backfill
3c6380e0-41bf-4bdc-812b-8b82d60e387d,202508460,12.0000,,12.0000,,2026-09-07 14:24:16.976218+07,migration_000506_backfill
3c695d2f-2214-4463-9500-0889ce8f5bb5,202202741,1.6800,2.0000,2.0000,,2026-09-08 09:21:50.2908+07,migration_000508_backfill
3c7325b1-dcd6-4cc5-95cc-b38b29eb0f76,202409939,3.1000,,,,2024-09-30 00:00:00+07,SINTIA
3c8ad427-c82d-4f70-9d82-256d0d73c97d,,,,1.8000,,2026-09-09 08:52:42.039798+07,admin
3c8eb4ca-f8cb-498c-8161-9cfeb0ddefe5,202510564,2.0000,2.0000,2.0000,,2026-09-08 09:21:50.2908+07,migration_000508_backfill
3cab6f45-bc5c-4ce8-8d37-f497e2e6a2d2,202208918,1.5000,1.5000,1.5000,,2026-09-07 14:24:16.976218+07,migration_000506_backfill
3cadf28a-7ca5-4b56-8257-74c1221f18b0,202309479,3.5000,3.5000,3.5000,,2026-09-08 09:21:50.2908+07,migration_000508_backfill
3cb16945-7dfb-4a42-9905-ff5b2aae5c3d,202502194,2.0000,2.0000,2.0000,,2026-09-08 09:21:50.2908+07,migration_000508_backfill
3cb89d9c-7ab1-42b1-a4e1-0fcb96970044,202302156,1.5000,1.5000,1.5000,,2026-09-07 14:24:16.976218+07,migration_000506_backfill
3cdcc4fa-ce88-4155-95d2-647aed18d0a0,202204783,2.5000,2.5000,2.5000,,2026-09-07 14:24:16.976218+07,migration_000506_backfill
3cfd1a70-253f-4c79-ae43-e9245c7c2532,202302137,2.0000,2.0000,2.0000,,2026-09-07 14:24:16.976218+07,migration_000506_backfill
3d119f23-2907-47ab-b2c2-95741e756285,202501143,5.0000,5.0000,5.0000,,2026-09-08 09:21:50.2908+07,migration_000508_backfill
3d43213d-0b94-49b6-9015-fc07dc4dd465,202408835,2.3000,2.0000,2.0000,,2026-09-08 09:21:50.2908+07,migration_000508_backfill
3d5b1e1b-6d79-4ef2-866c-5861dae82b61,202504237,2.7000,3.0000,3.0000,,2026-09-08 09:21:50.2908+07,migration_000508_backfill
3d5e95b2-e730-4d22-aff4-01c523c82be6,202410971,1.7000,,1.7000,,2026-09-08 09:21:50.2908+07,migration_000508_backfill
3d8a89b1-427a-4418-9772-db0c02355445,202407823,2.0000,2.0000,2.0000,,2026-09-08 09:21:50.2908+07,migration_000508_backfill
3d8f6bef-7146-4da8-91e0-2c8e0253cc8a,202410972,2.5400,,1.5000,,2026-09-08 09:21:50.2908+07,migration_000508_backfill
3dc60954-58ca-4e1c-9016-8a52632c4e29,202511610,5.0000,5.0000,5.0000,,2026-09-08 09:21:50.2908+07,migration_000508_backfill
3dccc52f-7fb6-495a-96ea-62c60a668036,202303203,2.0000,2.0000,2.0000,,2026-09-07 14:24:16.976218+07,migration_000506_backfill
3ddb5699-7c86-4c4c-99cf-5386ab854aa1,202405723,2.9500,,3.5700,,2026-09-08 09:21:50.2908+07,migration_000508_backfill
3df41245-ad47-49a8-b65e-6be983861f0f,202306280,6.0000,6.0000,6.0000,,2026-09-08 09:21:50.2908+07,migration_000508_backfill
3e363651-91a5-4025-b1c4-58c9029f861f,202506353,2.0000,2.0000,2.0000,,2026-09-08 09:21:50.2908+07,migration_000508_backfill
3e439a22-d126-4291-bef5-9145b2dc05e1,202104452,2.1000,,1.8000,,2026-09-09 08:52:42.039798+07,admin
3e676357-ecc5-4c5d-87be-e57858d7df68,202308380,1.5000,1.5000,1.5000,,2026-09-08 09:21:50.2908+07,migration_000508_backfill
3e6922e4-f31c-406b-840a-9625bb8a7604,202606922,1.7900,2.0000,2.0000,,2026-09-08 09:21:50.2908+07,migration_000508_backfill
3e710c92-5dd6-4f6b-9567-8e76b6e745d6,202603762,2.0000,2.0000,2.0000,,2026-09-08 09:21:50.2908+07,migration_000508_backfill
3e80b765-779b-4185-a90d-3f9961bd2689,202104471,2.7000,,2.3400,,2026-09-09 08:52:45.358875+07,admin
3e83e27d-ee54-4fed-a6d4-574e84458b34,202412071,2.2000,2.0000,2.0000,,2026-09-08 09:21:50.2908+07,migration_000508_backfill
3e8d9978-232e-440b-90b8-ed3e734c1c1e,202411033,5.5000,5.5000,5.5000,,2026-09-08 09:21:50.2908+07,migration_000508_backfill
3e91a053-463a-459b-a75d-02851676a578,202104396,1.5800,,1.5500,,2026-09-09 08:52:50.526634+07,admin
3ea53845-ba6e-4fc7-ad64-edd60280a9cb,202409902,1.0000,1.0000,1.0000,,2026-09-08 09:21:50.2908+07,migration_000508_backfill
3ea5b28f-b8d2-4347-a2bb-022002d2ea8b,202604822,2.0000,2.0000,2.0000,,2026-09-08 09:21:50.2908+07,migration_000508_backfill
3ea6fff0-0a52-4830-ac4a-09ba94a77a14,202110608,2.4000,2.0000,2.0000,,2026-09-07 14:24:16.976218+07,migration_000506_backfill
3ee49987-23e7-4838-b54c-8d12b33812a2,202209936,1.7500,1.7500,1.7500,,2026-09-07 14:24:16.976218+07,migration_000506_backfill
3efd9729-c6f6-4262-85fa-65c096212e51,202110618,1.7300,1.5000,1.5000,,2026-09-07 14:24:16.976218+07,migration_000506_backfill
3f11a3fb-688d-4ead-a687-18c66583f5fc,202506313,2.0000,2.0000,2.0000,,2026-09-08 09:21:50.2908+07,migration_000508_backfill
3f28f101-5f8e-465e-8cb8-0eee789f657e,202104363,1.9000,,1.9000,,2026-09-09 08:52:48.39012+07,admin
3f4eba56-47aa-41b2-99a2-34a8ea624360,202104122,2.6500,,2.6500,,2026-09-09 08:52:51.516362+07,admin
3f580051-f879-4b05-91b9-7199a004df2d,202601680,3.0000,3.0000,3.0000,,2026-09-08 09:21:50.2908+07,migration_000508_backfill
3f73a1a9-dbfc-4e4a-ab29-a150a59dbf49,202408832,3.3000,3.0000,3.0000,,2026-09-08 09:21:50.2908+07,migration_000508_backfill
3fcf8ffd-102c-466c-b3e9-9f272ff5fe06,202104279,0.7100,,0.7100,,2026-09-09 08:52:52.293591+07,admin
3ff4b285-a462-49e1-9e8d-d18fa369ee14,202605895,5.0000,5.0000,5.0000,,2026-09-08 09:21:50.2908+07,migration_000508_backfill
3ffc01cb-d929-43cb-97d1-56831a34920b,202104206,2.0000,,2.0500,,2026-09-08 09:21:50.2908+07,migration_000508_backfill
40162173-b600-41e9-889e-20ab335a2ddb,202412077,1.9800,1.5000,1.5000,,2026-09-07 14:24:16.976218+07,migration_000506_backfill
402577d1-c3b5-4315-ab51-c6b4e3c5b674,202204782,2.5000,2.5000,2.5000,,2026-09-07 14:24:16.976218+07,migration_000506_backfill
4038dd4d-3032-4368-b1f5-e85b8fef73c6,202104509,1.6600,,1.5000,,2026-09-09 08:52:57.895637+07,admin
404e0846-dfd4-4130-92a1-1f7737cb7c33,202301119,2.1500,2.0000,2.0000,,2026-09-07 14:24:16.976218+07,migration_000506_backfill
40555c90-47aa-4a70-bf3e-89213a9af58e,202307343,2.0000,2.0000,2.0000,,2026-09-08 09:21:50.2908+07,migration_000508_backfill
405b8509-c192-4e7d-a43f-796f3f39b6a3,202104113,3.3000,,3.3000,,2026-09-09 08:52:43.070045+07,admin
405c94e6-4a97-4949-9dd9-e2fcca49c541,202206872,1.5000,1.5000,1.5000,,2026-09-07 14:24:16.976218+07,migration_000506_backfill
40b7a400-adda-4059-8c31-392f54f7e448,202406741,1.0000,1.0000,1.0000,,2026-09-08 09:21:50.2908+07,migration_000508_backfill
40c2aa39-2a12-4e62-81eb-b19b4821dd5a,202411049,6.0000,6.0000,6.0000,,2026-09-08 09:21:50.2908+07,migration_000508_backfill
40d0ef20-db35-4c66-9f00-757be7f8aee8,202405714,2.4600,3.0000,3.0000,,2026-09-09 08:52:43.753804+07,admin
40d8e2a6-0ec7-43eb-88e6-a6266c5688ca,202208911,3.9000,,,,2023-06-13 00:00:00+07,SINTIA
40f93f07-21ff-4d81-9d4f-20d25616f91a,202506317,3.0000,3.0000,3.0000,,2026-09-08 09:21:50.2908+07,migration_000508_backfill
4118a561-de51-4d50-ac75-954fa7dc1a95,202410984,5.5000,5.0000,5.0000,,2026-09-08 09:21:50.2908+07,migration_000508_backfill
411f4f5a-4bd7-41c2-8a41-1ad9f9532a98,202508479,1.5000,2.0000,2.0000,,2026-09-08 09:21:50.2908+07,migration_000508_backfill
4140732d-8715-4be6-bd24-30ca0c7b7e5a,202302165,1.5000,1.5000,1.5000,,2026-09-07 14:24:16.976218+07,migration_000506_backfill
4152d570-60f5-4d70-a0a7-48d822f2229d,,,,,,,
41553748-6abe-40b2-b78b-13d18cb3c685,202509523,2.0000,2.0000,2.0000,,2026-09-08 09:21:50.2908+07,migration_000508_backfill
41561715-2f91-4bd9-8c2a-bf7fbc59a8ca,202601670,2.0000,2.0000,2.0000,,2026-09-08 09:21:50.2908+07,migration_000508_backfill
416a6278-c559-4c2f-b641-45d17237a283,202104017,2.7000,,2.7000,,2026-09-09 08:52:53.093191+07,admin
416ad27f-b76e-4c2c-8833-48a6cd4d1936,202104494,1.2500,,,,2021-04-24 00:00:00+07,SINTIA
4171efaa-00a7-48b1-abc2-0bfcb798ed8b,202306291,1.5000,1.5000,1.5000,,2026-09-08 09:21:50.2908+07,migration_000508_backfill
41726cc9-e35f-4352-8f91-8a18176dd25c,202411038,1.9500,1.9500,1.9500,,2026-09-07 14:24:16.976218+07,migration_000506_backfill
4193492e-1ed5-43ea-b278-25ba5459b0bf,202507424,2.5000,2.5000,2.5000,,2026-09-08 09:21:50.2908+07,migration_000508_backfill
41a7ac78-9cd0-4621-8d40-91bf894ff6e6,202104190,1.7800,,1.9000,,2026-09-09 08:52:43.877089+07,admin
41a9fc37-9443-4e4a-ad7a-0b24e7675b7a,202402631,2.8000,,3.0000,,2026-09-07 14:24:16.976218+07,migration_000506_backfill
41bfba9d-9090-451e-83e4-84e234263c7e,202403646,5.0000,5.0000,5.0000,,2026-09-07 14:24:16.976218+07,migration_000506_backfill
41d16e35-1b17-48a2-a1ca-2adee1effe20,202407777,1.5300,1.5000,1.5000,,2026-09-07 14:24:16.976218+07,migration_000506_backfill
41ddf5f0-2382-416e-bb75-d5187a27c15a,202307360,1.6700,1.5000,1.5000,,2026-09-07 14:24:16.976218+07,migration_000506_backfill
41e7530f-59d2-4b50-85c2-7b01bc986e0f,202204787,4.0000,4.0000,4.0000,,2026-09-07 14:24:16.976218+07,migration_000506_backfill
4204b884-4557-4ff9-8e40-d073021b1fd1,202309462,2.0000,2.0000,2.0000,,2026-09-07 14:24:16.976218+07,migration_000506_backfill
423d17fb-16fe-4952-972b-181240f606c0,202104087,2.0000,,2.0000,,2026-09-09 08:52:40.8753+07,admin
423f3b27-458b-4809-83b6-ec9b49b99d60,202301113,1.6500,1.5000,1.5000,,2026-09-07 14:24:16.976218+07,migration_000506_backfill
42595062-7074-4f89-aefe-131c8a6a1c5d,202408845,4.5000,4.5000,4.5000,,2026-09-08 09:21:50.2908+07,migration_000508_backfill
426ce6e8-4c1f-47f4-b330-281d2582e77a,202306315,2.0000,2.0000,2.0000,,2026-09-08 09:21:50.2908+07,migration_000508_backfill
429e23b2-b74e-45cc-9449-aeb3ca0b260d,202506345,2.0000,2.0000,2.0000,,2026-09-08 09:21:50.2908+07,migration_000508_backfill
42c1be19-5e63-4c22-ab71-81f3826d2382,202301105,2.0000,,2.0000,,2026-09-07 14:24:16.976218+07,migration_000506_backfill
42c393b0-a1ae-4f7a-bc72-31ae285e1230,202308364,2.0300,2.0000,2.0000,,2026-09-08 09:21:50.2908+07,migration_000508_backfill
42c420e0-6995-4d90-a07d-73630f634baa,202111629,1.6500,1.6000,1.6000,,2026-09-07 14:24:16.976218+07,migration_000506_backfill
42d75454-997c-4249-9bae-dc81a3080105,202303213,1.5000,1.5000,1.5000,,2026-09-07 14:24:16.976218+07,migration_000506_backfill
42d935cd-6cba-48cc-9dff-f8a3083e1549,202604847,1.5000,1.5000,1.5000,,2026-09-08 09:21:50.2908+07,migration_000508_backfill
42d9fec8-c6c3-43d8-a862-516d7c0305d0,202512644,2.0000,2.0000,2.0000,,2026-09-08 09:21:50.2908+07,migration_000508_backfill
42ef3c43-1e11-4e72-8814-c78b464533ef,202511612,6.0000,6.0000,6.0000,,2026-09-08 09:21:50.2908+07,migration_000508_backfill
430a274b-4814-4a32-8d4f-d1736d7e9613,202104385,3.6400,,2.3000,,2026-09-07 14:24:16.976218+07,migration_000506_backfill
434aaa7f-bef6-4d53-94d9-2ea4f0f9a9dd,202204786,4.0000,4.0000,4.0000,,2026-09-07 14:24:16.976218+07,migration_000506_backfill
435a2acb-d9d0-4b62-998c-29802526045b,202104362,1.2800,,1.3100,,2026-09-09 08:52:47.20293+07,admin
437149f2-4eb6-46e4-bcf5-7c021de6a4bf,202303202,1.5000,1.5000,1.5000,,2026-09-07 14:24:16.976218+07,migration_000506_backfill
4374b1eb-45e0-4fb2-a2f0-894e7626c91b,202104031,0.9300,,0.9300,,2026-09-09 08:52:46.061602+07,admin
43a812dd-7a3d-40ed-b8b3-b8320e219dc3,202308432,3.0000,3.0000,3.0000,,2026-09-07 14:24:16.976218+07,migration_000506_backfill
43df191f-3049-43ef-89d7-255fe2b8576b,202505287,2.1200,2.0000,2.0000,,2026-09-08 09:21:50.2908+07,migration_000508_backfill
43dfb6d9-986b-4eb6-895c-7d553b627d13,202411010,4.0000,4.0000,4.0000,,2026-09-08 09:21:50.2908+07,migration_000508_backfill
43fcfec1-14bc-4407-9ca6-9242a7a2718d,202404673,4.5000,,,,2024-04-03 00:00:00+07,SINTIA
44193588-4dd8-43be-ae7c-f6952b476279,202601682,4.0000,4.0000,4.0000,,2026-09-08 09:21:50.2908+07,migration_000508_backfill
44648536-376d-4bdc-b256-033cfa91fd69,202601687,2.0000,2.0000,2.0000,,2026-09-08 09:21:50.2908+07,migration_000508_backfill
448489ff-4523-4d71-b677-a5d246546dbf,202312602,3.8000,3.0000,3.0000,,2026-09-07 14:24:16.976218+07,migration_000506_backfill
44887e96-03af-46b2-aaf2-218b4352191d,202505290,5.0000,5.0000,5.0000,,2026-09-08 09:21:50.2908+07,migration_000508_backfill
449d7b79-901c-4547-8347-a2cbf06d35e7,202104045,1.8200,,1.8200,,2026-09-09 08:52:45.756276+07,admin
44acfc85-6633-4d77-a707-57d7a1b7b6d5,202509494,2.1000,2.0000,2.0000,,2026-09-08 09:21:50.2908+07,migration_000508_backfill
44ad0b1a-3598-40be-97b2-946b4a76ff3a,202405700,1.5000,1.5000,1.5000,,2026-09-07 14:24:16.976218+07,migration_000506_backfill
44d9e939-2206-4ae9-bb05-b10a30a4515b,202511587,1.8500,2.0000,2.0000,,2026-09-08 09:21:50.2908+07,migration_000508_backfill
44e3b9eb-0d55-4865-9047-8a51e95a0427,,,,1.3500,,2026-09-09 08:52:42.369301+07,admin
44f2c691-a89d-46b0-876e-a4913c3178b6,202403664,5.0000,5.0000,5.0000,,2026-09-08 09:21:50.2908+07,migration_000508_backfill
44fb566d-2243-44a4-9f03-46b7353b2ef5,202509518,2.0000,2.0000,2.0000,,2026-09-08 09:21:50.2908+07,migration_000508_backfill
4500db38-cb59-4703-a1c2-55da2e1f0d0b,202508473,2.0000,2.0000,2.0000,,2026-09-08 09:21:50.2908+07,migration_000508_backfill
4531a5d9-1518-43f2-aec8-b5407f23f521,202508462,2.6300,2.0000,2.0000,,2026-09-08 09:21:50.2908+07,migration_000508_backfill
455e1945-f846-435a-876f-e25141974a19,202507403,2.0000,2.0000,2.0000,,2026-09-08 09:21:50.2908+07,migration_000508_backfill
4565da09-ea8d-4d08-9c2b-5f53ed144276,202104483,3.0000,,3.0000,,2026-09-09 08:52:49.535281+07,admin
458687ff-6e89-474e-b862-6d2c001bc72d,202301112,2.0000,2.0000,2.0000,,2026-09-07 14:24:16.976218+07,migration_000506_backfill
459724ae-4e21-48cf-83bc-c710288c2b23,202104254,1.0200,,0.9600,,2026-09-09 08:52:58.331727+07,admin
45b17ea9-09e8-46a9-9be6-59fd0f8fc972,202511603,2.0000,2.0000,2.0000,,2026-09-08 09:21:50.2908+07,migration_000508_backfill
45e1cb28-9053-454e-bf86-96f00c3b09fa,202104484,1.6000,1.5000,1.5000,,2026-09-09 08:52:50.091392+07,admin
45f62bd1-8046-4cc4-8b05-def960e8e09c,202204770,3.0000,3.0000,3.0000,,2026-09-07 14:24:16.976218+07,migration_000506_backfill
45facf9c-ef94-4de7-a25c-07cc1afb3df9,202204772,2.0000,2.0000,2.0000,,2026-09-07 14:24:16.976218+07,migration_000506_backfill
46278859-47e0-4b12-9b86-7426c80583b6,202411016,4.0000,,4.0000,,2026-09-08 09:21:50.2908+07,migration_000508_backfill
463d5391-c36a-4504-b5cd-2174653641c0,202309478,3.0000,3.0000,3.0000,,2026-09-07 14:24:16.976218+07,migration_000506_backfill
467df5e7-67f6-45b1-8541-e5299c805d70,202206852,3.2800,,3.5700,,2026-09-08 09:21:50.2908+07,migration_000508_backfill
469788e3-4a06-4abd-9b44-17de90f0be4c,202104090,1.5000,,1.5000,,2026-09-09 08:52:55.191673+07,admin
46c81212-81da-4497-97df-d95df36c3a8a,202411998,1.0000,1.0000,1.0000,,2026-09-08 09:21:50.2908+07,migration_000508_backfill
470471ac-31a9-4d2d-9267-5cf132ea7bad,202303217,1.9000,2.0000,2.0000,,2026-09-07 14:24:16.976218+07,migration_000506_backfill
471769d8-365e-4424-8400-2a83fef1179b,202501117,3.0000,3.0000,3.0000,,2026-09-08 09:21:50.2908+07,migration_000508_backfill
4724ec60-bdb3-4dae-847d-0f9ef17bcd14,202604864,1.5000,1.5000,1.5000,,2026-09-08 09:21:50.2908+07,migration_000508_backfill
47491259-6b89-4250-9521-ec350c8c9c41,,,,,,,
47557a02-6a25-4149-bbe7-906e863cace0,202507391,2.0000,2.0000,2.0000,,2026-09-08 09:21:50.2908+07,migration_000508_backfill
476b9c2a-2993-4e57-9ce0-486270aee828,202601693,2.1000,2.0000,2.0000,,2026-09-09 08:52:58.013432+07,admin
47d98e4c-d697-4184-b19b-e29135c1f055,202104489,3.0000,,2.9700,,2026-09-09 08:52:52.40047+07,admin
47e566d2-2a7e-4fa8-aaac-c5edc8b85d9b,202411051,2.3000,2.0000,2.0000,,2026-09-08 09:21:50.2908+07,migration_000508_backfill
47f412fa-b25d-4850-a414-34aba208d4e3,202109585,2.3200,2.0000,2.0000,,2026-09-07 14:24:16.976218+07,migration_000506_backfill
47f524a6-d41c-4017-9e98-abedf58abc9e,202210963,1.6100,1.8000,1.8000,,2026-09-07 14:24:16.976218+07,migration_000506_backfill
47f66b8c-17fc-4dfb-ae1f-0b3db1e00bce,202501109,2.0500,2.0000,2.0000,,2026-09-08 09:21:50.2908+07,migration_000508_backfill
4824be76-0122-40f0-96a3-9ac45b503beb,202412073,6.0000,6.0000,6.0000,,2026-09-07 14:24:16.976218+07,migration_000506_backfill
483405ca-0c61-4404-ab60-321317d8cf48,202412075,1.5000,1.5000,1.5000,,2026-09-08 09:21:50.2908+07,migration_000508_backfill
484d0b9a-f50c-428c-9abe-5678fa9738e0,202507387,3.0000,3.0000,3.0000,,2026-09-08 09:21:50.2908+07,migration_000508_backfill
484f41c8-fdcc-44e3-9766-ed43338b4e08,202508452,2.0000,2.0000,2.0000,,2026-09-08 09:21:50.2908+07,migration_000508_backfill
487e1f19-3414-4626-8793-9616909eca31,202202742,1.1000,,1.7800,,2026-09-09 08:52:38.629978+07,admin
48c65ed0-76b7-44e2-b076-1eab0af1d4cc,,,,2.4000,,2026-09-09 08:52:40.339137+07,admin
48cf3a8b-074b-4c99-9af7-900243395ce1,202312595,1.0000,1.0000,1.0000,,2026-09-07 14:24:16.976218+07,migration_000506_backfill
48d2860d-db66-4c1a-9ade-1c82e2095acf,202404671,4.2000,4.0000,4.0000,,2026-09-08 09:21:50.2908+07,migration_000508_backfill
4904730b-4afe-4a60-809c-e15532021c33,202506343,2.0000,2.0000,2.0000,,2026-09-08 09:21:50.2908+07,migration_000508_backfill
490f40ce-cf4d-450a-813c-393e777c0590,202508436,2.4500,3.0000,3.0000,,2026-09-08 09:21:50.2908+07,migration_000508_backfill
492ac3af-d26c-494b-aa1a-a3de07c3c458,202604846,3.0000,3.0000,3.0000,,2026-09-08 09:21:50.2908+07,migration_000508_backfill
49374d04-7826-4157-9e49-fac7004d30d6,202601688,2.0000,2.0000,2.0000,,2026-09-08 09:21:50.2908+07,migration_000508_backfill
49381d0e-2b22-4bab-aae5-c0b994177e0b,202309481,3.1000,3.1000,3.1000,,2026-09-08 09:21:50.2908+07,migration_000508_backfill
4938cfb3-898d-4a3a-ad51-ec656a5da31d,202408839,3.0000,3.0000,3.0000,,2026-09-08 09:21:50.2908+07,migration_000508_backfill
495d2339-ca1e-4310-b4ae-88b3aead7018,202206836,2.0000,,2.0000,,2026-09-07 14:24:16.976218+07,migration_000506_backfill
4972c87b-372e-4459-939d-30de3a2e4c0e,202206862,1.5000,1.5000,1.5000,,2026-09-07 14:24:16.976218+07,migration_000506_backfill
497cc399-5946-48e3-8782-62e74ead6101,202104485,2.5400,,2.5000,,2026-09-09 08:52:50.570426+07,admin
4986f1e2-741f-41d7-b6e1-ec0c5b2d9de7,202409879,2.0000,2.0000,2.0000,,2026-09-08 09:21:50.2908+07,migration_000508_backfill
49887e58-c3f3-4561-870d-c4e5f5df5f7b,202212103,2.1500,,1.4800,,2026-09-09 08:52:38.349619+07,admin
4990b3a6-15eb-45f7-9302-4c5cfc81b698,202511575,1.9000,2.0000,2.0000,,2026-09-08 09:21:50.2908+07,migration_000508_backfill
4994e461-af98-40ea-b780-0793c57db90f,202301110,1.5000,,1.5000,,2026-09-08 09:21:50.2908+07,migration_000508_backfill
4996d525-f290-42da-b425-d1b188056b8f,202202740,1.2000,,1.1600,,2026-09-09 08:52:50.40847+07,admin
49a46c6d-9c37-4cef-aca3-f6b11502d043,202201724,1.5000,1.5000,1.5000,,2026-09-09 08:52:40.964485+07,admin
49cb3f97-04a3-4968-bc7b-41022ff37126,202308386,1.5000,1.5000,1.5000,,2026-09-08 09:21:50.2908+07,migration_000508_backfill
49f2a295-18ec-40d5-9abf-f999ecf74bd8,202208895,1.1700,,1.7800,,2026-09-09 08:52:38.629978+07,admin
4a21a71f-ecc0-47ce-955f-890f22e9512e,202104447,2.1500,,2.1500,,2026-09-09 08:53:00.563526+07,admin
4a287747-854f-4f42-b7dc-e32a41fe0d0b,202104227,1.5800,,1.5200,,2026-09-09 08:53:00.831048+07,admin
4a7bd099-63cd-416a-bdcd-63cc2b39b51d,202302151,5.2400,4.2000,4.2000,,2026-09-07 14:24:16.976218+07,migration_000506_backfill
4a83d99f-cc7b-4f06-beea-cfe3b3572216,202206868,1.5000,1.5000,1.5000,,2026-09-07 14:24:16.976218+07,migration_000506_backfill
4a86dbad-0255-4b8b-a6c2-c128de8ff8db,202511604,6.0000,6.0000,6.0000,,2026-09-08 09:21:50.2908+07,migration_000508_backfill
4af8ccca-c3cc-4786-bb77-7f2f664bdc06,202104371,1.5200,,,,2022-11-21 00:00:00+07,1437
4b346874-7545-4be5-b575-0664aa84362d,202209946,4.0000,,,,2022-11-22 00:00:00+07,1437
4b38aa06-b6fc-448a-803d-108ef2337f86,202509530,2.3000,2.0000,2.0000,,2026-09-08 09:21:50.2908+07,migration_000508_backfill
4b3a2452-2c5e-429f-a6ae-3b4ea6329164,,,,2.5000,,2026-09-09 08:52:40.090841+07,admin
4b520fa7-7567-429d-b58e-f90496f6f04b,202204805,1.5000,,1.5000,,2026-09-09 08:52:59.366416+07,admin
4b5b8bb5-07a5-48e4-a33f-ec2104492ccf,202308401,3.5600,3.5600,3.5600,,2026-09-07 14:24:16.976218+07,migration_000506_backfill
4b5c1b44-a1d8-4ee1-bf86-ca2be583a41d,202104242,2.0000,,2.0000,,2026-09-09 08:52:55.563121+07,admin
4b6251dc-d460-4daf-9fab-58ae303c9cd5,,,,2.9000,,2026-09-09 08:52:42.078882+07,admin
4b686264-d283-4a7b-a621-ee62e7321e95,202406733,1.5900,1.5000,1.5000,,2026-09-07 14:24:16.976218+07,migration_000506_backfill
4b68c6f0-48a7-47dd-9bb8-61a073df1506,202110597,1.7000,1.5000,1.5000,,2026-09-07 14:24:16.976218+07,migration_000506_backfill
4b7034a3-98c1-4585-a65c-aa9a30cbcbc0,202301120,1.9800,2.0000,2.0000,,2026-09-07 14:24:16.976218+07,migration_000506_backfill
4b7af4c7-8fb3-4e4f-b12d-5614fd08d4e6,202210001,4.1000,4.0000,4.0000,,2026-09-07 14:24:16.976218+07,migration_000506_backfill
4bb7d96e-8231-47c8-8dcc-486612a820dd,202410962,5.6200,6.0000,6.0000,,2026-09-07 14:24:16.976218+07,migration_000506_backfill
4bc5d0f9-2ccc-48c8-8e7a-a8b747ddf50f,202409938,1.0000,1.0000,1.0000,,2026-09-08 09:21:50.2908+07,migration_000508_backfill
4bd186c4-cf1c-423f-aafc-3c6f2b64bbba,202508449,2.0000,2.0000,2.0000,,2026-09-08 09:21:50.2908+07,migration_000508_backfill
4bffbe63-027e-4de9-96e2-c1186cd2b872,202509528,2.0000,2.0000,2.0000,,2026-09-08 09:21:50.2908+07,migration_000508_backfill
4c021622-822d-4d4c-b7d5-e76e8b9c3706,202104350,2.1000,,2.1000,,2026-09-09 08:52:48.353286+07,admin
4c033e5d-646a-4a8b-8428-557b7b9f7be0,202111653,1.6000,1.8000,1.5000,,2026-09-07 14:24:16.976218+07,migration_000506_backfill
4c071932-6e87-496c-a519-80dfc24235a4,202403667,3.5000,3.5000,3.5000,,2026-09-08 09:21:50.2908+07,migration_000508_backfill
4c179b12-bad5-4f9f-971f-4f2010e1e04a,202109584,1.4200,1.5000,1.5000,,2026-09-07 14:24:16.976218+07,migration_000506_backfill
4c1cae93-36b1-4801-a586-e62c6e3eced4,202104422,2.8500,,2.8500,,2026-09-09 08:52:42.2033+07,admin
4c263274-298f-4107-8a11-1d1481a48472,202606918,3.5000,3.5000,3.5000,,2026-09-08 09:21:50.2908+07,migration_000508_backfill
4c2e5a53-8c91-4b65-9ab3-946d0ab2fe7e,202104430,2.4000,,2.4000,,2026-09-09 08:52:54.613861+07,admin
4c5a78a0-946f-49f7-8353-e494e850f322,202308393,1.5000,1.5000,1.5000,,2026-09-08 09:21:50.2908+07,migration_000508_backfill
4c611855-9e4a-488e-97ce-18487530bdb3,202402626,6.4000,6.0000,6.0000,,2026-09-07 14:24:16.976218+07,migration_000506_backfill
4c643919-db11-46b8-9af0-88c1c1ccb770,202309458,4.0000,4.0000,4.0000,,2026-09-07 14:24:16.976218+07,migration_000506_backfill
4cc54e35-153b-48f1-a052-0c045d9289ef,202507382,2.5000,2.5000,2.5000,,2026-09-08 09:21:50.2908+07,migration_000508_backfill
4cc7fbf1-3c86-4896-88d6-8f2429438fcb,202104307,1.8600,,1.9200,,2026-09-09 08:53:01.03349+07,admin
4d35b5bc-c456-4d0a-a12b-b2143194ab42,202407814,5.0000,5.0000,5.0000,,2026-09-07 14:24:16.976218+07,migration_000506_backfill
4d4bee37-bd80-41d4-a2f8-eb1af05891eb,202206842,2.0000,2.0000,2.0000,,2026-09-07 14:24:16.976218+07,migration_000506_backfill
4d5f894a-d71e-4959-993b-62c5aded96e1,202104249,3.0000,,3.0000,,2026-09-09 08:52:46.581954+07,admin
4d7bfe4c-6494-41cb-be4e-47c9003b61b2,,,,,,,
4d86f8de-5256-47a5-8be4-c5318d3e87c3,202407798,2.0000,2.0000,2.0000,,2026-09-07 14:24:16.976218+07,migration_000506_backfill
4d986050-bcd7-4fb1-98e4-569713512cc8,202507383,4.0000,4.0000,4.0000,,2026-09-08 09:21:50.2908+07,migration_000508_backfill
4db32bba-d1b0-4892-af97-d0865d771894,202104125,2.4000,,2.4000,,2026-09-09 08:52:48.462435+07,admin
4dbed48c-216f-4380-88f9-7cfbad6ee999,202604832,2.0000,2.0000,2.0000,,2026-09-08 09:21:50.2908+07,migration_000508_backfill
4dc274ff-3539-42a6-bc55-f8c9e7e1c117,202212102,1.6000,1.5000,1.5000,,2026-09-07 14:24:16.976218+07,migration_000506_backfill
4de9b887-faeb-49ae-b37f-63c1e6511b01,202104244,2.9000,,2.9000,,2026-09-09 08:52:56.827971+07,admin
4e3d5de3-9f57-42eb-85e3-86be5367ea3e,202410946,2.4500,2.0000,2.0000,,2026-09-08 09:21:50.2908+07,migration_000508_backfill
4e6ae7e8-6c8c-4cad-830b-867f84f3dc44,202509495,2.0000,2.0000,2.0000,,2026-09-08 09:21:50.2908+07,migration_000508_backfill
4e6d7b27-860a-4b1d-a632-5a9951c234ff,202507400,4.0000,4.0000,4.0000,,2026-09-08 09:21:50.2908+07,migration_000508_backfill
4e726f06-1c19-48f9-a046-d0425ed77484,202306289,1.5000,1.5000,1.5000,,2026-09-08 09:21:50.2908+07,migration_000508_backfill
4e744beb-5d33-40d8-935a-025329702342,202108560,3.1500,3.0000,3.0000,,2026-09-09 08:52:45.835448+07,admin
4e75a71c-a8e8-47a4-9713-af4b4b61afc4,202104024,1.7500,,1.8200,,2026-09-09 08:52:58.525844+07,admin
4e7a448f-7cc5-485a-b284-9f9f63f753d5,202104440,1.9700,,1.9500,,2026-09-09 08:52:50.487728+07,admin
4e827aa3-df4b-4fb3-bbfd-e9ac2535028f,202104424,2.4300,,2.4300,,2026-09-09 08:53:00.678871+07,admin
4e85c388-3369-44e4-bf30-2d86e925b93b,202204808,5.1000,,,,2023-01-14 00:00:00+07,SINTIA
4e871351-5601-44b4-9ef2-d8f077ec2e1e,202507419,2.0000,2.0000,2.0000,,2026-09-08 09:21:50.2908+07,migration_000508_backfill
4e939983-62f6-4a4e-8a8b-33ad50dcf328,202409931,1.2200,1.0000,1.0000,,2026-09-07 14:24:16.976218+07,migration_000506_backfill
4e981992-6780-4bd9-bc71-d2d829f4f6e1,202407784,3.5000,3.5000,3.5000,,2026-09-07 14:24:16.976218+07,migration_000506_backfill
4ea1c3f3-7f42-4925-a8fa-96bca71e1615,202204784,3.5000,3.5000,3.5000,,2026-09-07 14:24:16.976218+07,migration_000506_backfill
4ec6129a-6183-4ad0-a7cb-fce27814f8ef,202502191,4.1700,4.0000,4.1500,,2026-09-07 14:24:16.976218+07,migration_000506_backfill
4ee60edb-7732-44e5-b32d-29d704019e9d,202306285,1.5000,1.5000,1.5000,,2026-09-08 09:21:50.2908+07,migration_000508_backfill
4eff998a-4ad3-44f1-8aab-b26eb76057f3,202604862,1.5000,1.5000,1.5000,,2026-09-08 09:21:50.2908+07,migration_000508_backfill
4f01b81a-3d59-4f38-a20c-c192e2f85a51,202411034,5.0000,5.0000,5.0000,,2026-09-08 09:21:50.2908+07,migration_000508_backfill
4f078f65-ee9c-4151-b53a-1604175638a4,202407785,3.5000,3.5000,3.5000,,2026-09-07 14:24:16.976218+07,migration_000506_backfill
4f127187-c0d4-43c3-acfc-59160a5fda34,202108544,2.0000,2.0000,2.0000,,2026-09-09 08:52:41.549836+07,admin
4f2463b4-92b9-4436-a0cb-944d2a872a45,202311538,2.0000,2.0000,2.0000,,2026-09-07 14:24:16.976218+07,migration_000506_backfill
4f5148bf-f703-4c08-b371-ed43bbad0347,202104488,3.2000,,3.5000,,2026-09-09 08:52:51.206929+07,admin
4f787fa3-6415-41d2-9000-9b829ebc651f,202509496,2.0000,2.0000,2.0000,,2026-09-08 09:21:50.2908+07,migration_000508_backfill
4faa6695-b60b-4908-aea0-52b77ff4acab,202504221,11.0000,,,,2025-11-28 00:00:00+07,SINTIA
4fd0bab8-127f-4df5-925f-7db4f8209e46,202602739,2.0500,2.0000,2.0000,,2026-09-08 09:21:50.2908+07,migration_000508_backfill
4fed2396-1f5b-49be-b4c4-decd5800816d,202309460,4.0000,4.0000,4.0000,,2026-09-07 14:24:16.976218+07,migration_000506_backfill
5015c9cb-8e7d-4376-bb8b-109fad8b8a25,202605890,1.7900,,2.5000,,2026-09-09 08:52:58.975323+07,admin
50484fc7-cbfc-4b49-8ecf-302f84b8e2c2,202307324,4.5000,4.5000,4.5000,,2026-09-08 09:21:50.2908+07,migration_000508_backfill
50b0c41c-3b3a-4de3-945f-84737b375fbd,202605879,3.5700,,3.5700,,2026-09-07 14:24:16.976218+07,migration_000506_backfill
50d2d050-8964-449f-ab9b-84c305d92004,202404677,2.2500,,1.8000,,2026-09-09 08:52:59.960628+07,admin
50e58dcf-c2ce-4d73-81fc-b5dd1a9ba344,202104126,1.3500,,1.3500,,2026-09-09 08:52:43.029124+07,admin
50eb594b-40a1-486e-aca1-7c5830965421,202212079,1.5000,1.5000,1.5000,,2026-09-07 14:24:16.976218+07,migration_000506_backfill
50fa4c32-4219-4c3f-b23e-5751f46c9a9b,202507417,2.0000,2.0000,2.0000,,2026-09-08 09:21:50.2908+07,migration_000508_backfill
5127b03b-c4f2-42df-a1ff-dbd97d5e4210,202307334,3.5000,3.5000,3.5000,,2026-09-08 09:21:50.2908+07,migration_000508_backfill
5137ca3d-6e11-4878-8754-22a474260d3d,202306281,1.0000,1.0000,1.0000,,2026-09-08 09:21:50.2908+07,migration_000508_backfill
514ff702-9173-4cb1-817d-345be3f04d8f,202210993,3.0000,3.0000,3.0000,,2026-09-07 14:24:16.976218+07,migration_000506_backfill
517c9f3a-e3d0-4cea-afef-7cf95fdbe368,202104522,5.0000,,3.5700,,2026-09-08 09:21:50.2908+07,migration_000508_backfill
51cf7266-5be8-43cd-9b4f-810fc21c791a,202512617,11.0000,,,,2025-12-01 00:00:00+07,SINTIA
51fc5a3d-12c9-458d-958c-7d91f89f15c5,202104097,1.4500,,1.8700,,2026-09-09 08:52:58.852971+07,admin
521fdff4-067c-4d0b-9162-ef31265c99ad,202603784,2.0000,2.0000,2.0000,,2026-09-08 09:21:50.2908+07,migration_000508_backfill
525fd8f7-7ef4-4935-a1b7-f533842c1516,202104295,1.1000,,1.0800,,2026-09-09 08:52:46.657346+07,admin
52843a56-5930-4242-80d9-a0fb138e7d4f,202310525,5.5000,5.5000,5.5000,,2026-09-07 14:24:16.976218+07,migration_000506_backfill
528be0e8-01e2-4ab7-b229-e5610aad4ae9,202507374,2.8500,2.5000,2.5000,,2026-09-08 09:21:50.2908+07,migration_000508_backfill
52931e29-4c7a-4bc2-b71b-54b63ae47519,202604849,1.5000,1.5000,1.5000,,2026-09-08 09:21:50.2908+07,migration_000508_backfill
52e284b6-eb5f-4a99-ac1b-ff14c68a37f8,202508435,6.1600,6.0000,6.0000,,2026-09-08 09:21:50.2908+07,migration_000508_backfill
531e9c86-beee-4ca4-a1ac-9938749647c2,202307359,2.1000,1.5000,1.5000,,2026-09-07 14:24:16.976218+07,migration_000506_backfill
53250df7-b7e5-4baf-97e7-5bb72c64ad3d,202501091,1.5000,1.5000,1.5000,,2026-09-08 09:21:50.2908+07,migration_000508_backfill
534bbfaa-2f6a-449c-ad68-341acb8539c0,202303218,4.3000,4.3000,4.3000,,2026-09-07 14:24:16.976218+07,migration_000506_backfill
535da4cf-773d-455c-8fd2-aa973b7c1c9f,202104302,1.5600,,1.4800,,2026-09-09 08:52:38.349619+07,admin
5388d3da-a09b-4670-81ce-58fead37fb73,202412060,3.5000,3.5000,3.5000,,2026-09-07 14:24:16.976218+07,migration_000506_backfill
5398e4df-9392-4829-973d-8e84bd18cd81,,,,2.3000,,2026-09-09 08:52:40.382402+07,admin
539dd9db-553a-4979-8e54-5971a8d778f6,202501169,4.0000,4.0000,4.0000,,2026-09-08 09:21:50.2908+07,migration_000508_backfill
53aa4ccb-4b77-4d79-b4a3-11bf18e013ab,202602740,1.5000,1.5000,1.5000,,2026-09-08 09:21:50.2908+07,migration_000508_backfill
53b5479d-7d9c-47f6-acf1-be3aa8f7c0c0,202108561,1.6700,1.5000,1.5000,,2026-09-09 08:52:49.979899+07,admin
53cc104d-ce93-4a1f-a0cf-e330b76dff1f,202104037,1.2100,,1.1600,,2026-09-09 08:52:50.40847+07,admin
53ce86d7-b081-433a-8032-7adba7a87e4f,202512658,2.0000,2.0000,2.0000,,2026-09-08 09:21:50.2908+07,migration_000508_backfill
53d9f05c-fed2-4957-b1fa-9b3b9d11b7fa,202411026,5.0000,5.0000,5.0000,,2026-09-08 09:21:50.2908+07,migration_000508_backfill
53f0d5a1-6f62-40bf-96ed-03f92e6b560f,,,,2.8000,,2026-09-09 08:52:38.484761+07,admin
53fd6ace-cf6e-44ae-b6ee-98578df7fba0,202505264,2.0000,2.0000,2.0000,,2026-09-08 09:21:50.2908+07,migration_000508_backfill
5400166e-ae93-4062-a731-bca2ec71c45b,202504230,2.0000,2.0000,2.0000,,2026-09-07 14:24:16.976218+07,migration_000506_backfill
540e88d6-0dfd-4b48-8889-2d10c09b655a,202604854,1.5000,1.5000,1.5000,,2026-09-08 09:21:50.2908+07,migration_000508_backfill
547a2c99-d9da-4750-80bd-d417aea8ab16,,,,1.9800,,2026-09-09 08:52:41.128875+07,admin
54a45a0b-8966-4534-a894-bb4e12d94185,202507406,2.0000,2.0000,2.0000,,2026-09-08 09:21:50.2908+07,migration_000508_backfill
54d0033e-d72c-44b4-87a4-7e20088e196f,202505280,5.0000,5.0000,5.0000,,2026-09-08 09:21:50.2908+07,migration_000508_backfill
54d97045-a34f-4e04-b75b-7b65011f2713,202306307,1.5000,1.5000,1.5000,,2026-09-08 09:21:50.2908+07,migration_000508_backfill
54f95445-fa94-4f5c-b12a-8983436311dc,202104346,1.9500,,1.9500,,2026-09-09 08:52:41.210665+07,admin
55361260-f32a-40a8-8e45-6e4c0b797c68,202104505,1.4400,,1.5000,,2026-09-09 08:52:56.717041+07,admin
55729291-afa1-4dae-b9b0-ea38a8cfc95c,202306317,1.5000,,1.5000,,2026-09-07 14:24:16.976218+07,migration_000506_backfill
55dfa216-0349-41ea-a4ab-83ccdbbed6fa,202206851,1.0900,1.0700,2.5000,,2026-09-09 08:52:52.140982+07,admin
55f15bf7-9731-426e-a7c3-61a072f59091,202508475,2.0000,2.0000,2.0000,,2026-09-08 09:21:50.2908+07,migration_000508_backfill
55f70bc6-9033-4902-b28d-9e930fcdb900,202501158,5.0000,5.0000,5.0000,,2026-09-08 09:21:50.2908+07,migration_000508_backfill
55f7ec95-f7ad-4173-9cba-d24b1da00d20,202303205,3.5000,3.5000,3.5000,,2026-09-07 14:24:16.976218+07,migration_000506_backfill
5616e25a-a698-4dbe-9d8a-746b0e3ba1d4,202210991,2.0000,2.0000,2.0000,,2026-09-07 14:24:16.976218+07,migration_000506_backfill
562c2b5b-8e8d-4841-b5b6-499e26ac7de3,202309437,2.5000,,2.7000,,2026-09-08 09:21:50.2908+07,migration_000508_backfill
563544ff-26cd-493e-a326-9eaa37ee7eea,202305263,1.3700,1.5000,1.5000,,2026-09-08 09:21:50.2908+07,migration_000508_backfill
563f44db-506f-401c-bf6a-47b282c8447b,202311559,3.7000,3.7000,3.7000,,2026-09-09 08:52:54.053576+07,admin
5645a584-5359-4ca7-b059-77823490c7a4,202210985,1.1300,,1.1600,,2026-09-09 08:52:50.40847+07,admin
5646a605-5e28-469c-a273-2d9474d7bea3,202305259,1.6500,1.5000,1.5000,,2026-09-07 14:24:16.976218+07,migration_000506_backfill
5668228f-acc9-4555-b419-b926413f297e,202309502,2.1000,2.5000,2.5000,,2026-09-09 08:52:39.893543+07,admin
56805c2b-406d-4449-b1ec-d343768ebd43,202603775,3.0000,3.0000,3.0000,,2026-09-08 09:21:50.2908+07,migration_000508_backfill
5696a998-ec4e-4d85-b274-e5cb5dce5260,202305246,1.0600,,1.2300,,2026-09-09 08:52:44.900099+07,admin
569f86ca-0174-4e3e-989e-cdb8fbdeb5c2,202508450,1.5000,1.5000,1.5000,,2026-09-08 09:21:50.2908+07,migration_000508_backfill
56bfdd24-9f21-4d63-bd45-6c452c146b05,202407812,2.0000,2.0000,2.0000,,2026-09-07 14:24:16.976218+07,migration_000506_backfill
56ce09da-caf3-4318-973d-d21d2b700bc5,202512638,2.0000,2.0000,2.0000,,2026-09-08 09:21:50.2908+07,migration_000508_backfill
56e387bb-cee8-4195-ad21-eb86cafd131e,202312597,1.5000,1.5000,1.5000,,2026-09-07 14:24:16.976218+07,migration_000506_backfill
56eadb44-e2fd-40dc-82d7-40d282c085dd,202512659,2.0000,2.0000,2.0000,,2026-09-08 09:21:50.2908+07,migration_000508_backfill
5738e0ec-0645-4a0f-b7dc-0e9f8ed744b8,202510570,1.1500,,1.6500,,2026-09-09 08:52:53.848739+07,admin
575ad18f-47f2-41cf-a795-ab6e4736193f,202205809,1.7700,,3.5700,,2026-09-08 09:21:50.2908+07,migration_000508_backfill
575c69a9-749e-47cb-b47a-42ec894c9a60,202307344,1.5000,1.5000,1.5000,,2026-09-08 09:21:50.2908+07,migration_000508_backfill
57a69967-4064-45ce-bf5c-4e9ab3444b86,202411050,2.2000,2.0000,2.0000,,2026-09-08 09:21:50.2908+07,migration_000508_backfill
57ab9c25-1518-452c-920c-8d48b018dcc4,202307355,3.0000,3.0000,3.0000,,2026-09-08 09:21:50.2908+07,migration_000508_backfill
57c734ce-a18a-41a0-80bf-304cdecb15be,202312588,2.0000,2.0000,2.0000,,2026-09-08 09:21:50.2908+07,migration_000508_backfill
57ceab6e-ad68-4b85-982d-d84c52edb964,202412052,2.0000,2.0000,2.0000,,2026-09-08 09:21:50.2908+07,migration_000508_backfill
57d1e65b-7b26-48e0-ba5a-0a43642aae83,202108556,1.9500,1.5000,1.5000,,2026-09-09 08:52:55.98302+07,admin
57d2ebf7-3ae0-4916-a302-e264d20cfcb6,202604861,1.5000,1.5000,1.5000,,2026-09-08 09:21:50.2908+07,migration_000508_backfill
57dcb7c1-bfdc-4631-a6ff-445713474def,202603774,2.0000,2.0000,2.0000,,2026-09-08 09:21:50.2908+07,migration_000508_backfill
57eb81a0-7d04-4c04-b873-36906394d8fe,202606928,2.0000,2.0000,2.0000,,2026-09-08 09:21:50.2908+07,migration_000508_backfill
57ed01ad-d1ec-4de0-a030-0e01c7d5e0d1,202305267,3.0000,3.0000,3.0000,,2026-09-07 14:24:16.976218+07,migration_000506_backfill
580a2552-fe64-49f8-a923-39bb376f48d5,202406736,2.1000,2.0000,2.0000,,2026-09-07 14:24:16.976218+07,migration_000506_backfill
5815d1c2-5a7e-4ebb-934f-96fba6bfa7a1,202503211,4.0000,4.0000,4.0000,,2026-09-07 14:24:16.976218+07,migration_000506_backfill
5818f005-8139-4016-86a3-73929bdb4d99,202104408,1.9600,,1.9600,,2026-09-09 08:52:58.673713+07,admin
584a2f3d-8e39-4044-b139-ff14206634ec,202603785,2.0000,2.0000,2.0000,,2026-09-08 09:21:50.2908+07,migration_000508_backfill
584a465c-10cc-45d7-aba2-75daaf61a925,202505289,5.0000,5.0000,5.0000,,2026-09-08 09:21:50.2908+07,migration_000508_backfill
585befed-f8bb-45c9-afeb-107b54df5ab2,202403633,2.0000,2.0000,2.0000,,2026-09-07 14:24:16.976218+07,migration_000506_backfill
585e240f-88e9-472f-a4b9-3fb3d4e2094d,202104335,1.0200,,1.0200,,2026-09-09 08:52:39.166129+07,admin
58660759-73d1-49db-9de3-b5617e09e0a1,202505267,4.4000,5.0000,5.0000,,2026-09-08 09:21:50.2908+07,migration_000508_backfill
58673afe-3663-4f10-bc3a-36e34421e352,202602750,4.0000,4.0000,4.0000,,2026-09-08 09:21:50.2908+07,migration_000508_backfill
587d6213-fa71-46eb-ad50-8139c2399442,202310517,4.0000,,,,2023-10-13 00:00:00+07,SINTIA
5885c936-6ccc-408f-a5d2-2c4f30082c02,,,,,,,
589f0cc6-e3cd-4a6e-8e08-fb64ab4cd793,202201728,1.2000,1.2000,1.2000,,2026-09-07 14:24:16.976218+07,migration_000506_backfill
58a01137-2c95-4431-ae5f-f0574507c048,202104062,1.0800,,1.0800,,2026-09-09 08:52:45.274931+07,admin
58aaa825-2dc4-42a4-a0e1-2817163183b4,202310510,1.5000,1.5000,1.5000,,2026-09-08 09:21:50.2908+07,migration_000508_backfill
58b79f52-c428-4947-9b8e-2d9ddd287541,202104389,1.5000,,1.5000,,2026-09-09 08:52:59.513667+07,admin
58e3854a-58d4-43c6-af67-853dc400e4c5,202407820,5.0000,5.0000,5.0000,,2026-09-08 09:21:50.2908+07,migration_000508_backfill
58e70af6-84b6-4955-831a-f6a9787256d9,202409870,3.0000,,3.0000,,2026-09-07 14:24:16.976218+07,migration_000506_backfill
58e84510-7158-4960-a5ea-d2fcd6c88bc6,202412057,1.4300,,1.1500,,2026-09-09 08:52:45.401623+07,admin
58e8cb47-d946-4e1e-9c40-55e1f69076a1,202109580,2.1800,2.0000,2.0000,,2026-09-07 14:24:16.976218+07,migration_000506_backfill
590c6227-6f8b-4a9e-bbe4-9518d22006eb,202511573,5.0000,5.0000,5.0000,,2026-09-08 09:21:50.2908+07,migration_000508_backfill
59327125-ac45-4a67-b904-855fb7a47716,202512660,2.0000,2.0000,2.0000,,2026-09-08 09:21:50.2908+07,migration_000508_backfill
59552d7b-007b-4def-a120-8225949202ea,202408844,5.0000,4.5000,4.5000,,2026-09-07 14:24:16.976218+07,migration_000506_backfill
598fad01-7faf-4312-a27e-6fb0906362e3,202309475,1.5000,1.5000,1.5000,,2026-09-07 14:24:16.976218+07,migration_000506_backfill
59901fb3-8c81-4a50-a778-8416eda69423,202204792,2.5000,2.5000,2.5000,,2026-09-07 14:24:16.976218+07,migration_000506_backfill
59a9fada-cbab-462c-ad72-0591fe53fba0,202606933,2.0000,2.0000,2.0000,,2026-09-08 09:21:50.2908+07,migration_000508_backfill
59c04863-8b14-49c7-87b5-7c080242134e,202302143,3.8300,4.0000,4.0000,,2026-09-07 14:24:16.976218+07,migration_000506_backfill
5a1b8b41-cd34-4141-80e7-fdfc3dbadaa2,202403659,4.0000,4.0000,4.0000,,2026-09-08 09:21:50.2908+07,migration_000508_backfill
5a1d29a7-535a-417d-90c6-e0f3870c9574,202104105,1.9000,,1.9000,,2026-09-09 08:52:53.532213+07,admin
5a293460-a123-4e8b-91c4-86ab2297e815,202402627,5.8000,5.0000,5.0000,,2026-09-07 14:24:16.976218+07,migration_000506_backfill
5a2eafb4-aa25-40c7-af44-3cb1d9d0e72b,202306321,1.5000,,1.5000,,2026-09-07 14:24:16.976218+07,migration_000506_backfill
5a722be7-380f-4459-b33a-a4640ef8a816,202502192,2.0000,2.0000,2.0000,,2026-09-08 09:21:50.2908+07,migration_000508_backfill
5a77bedd-dd54-4c93-9599-684107a61f74,202606912,6.0000,6.0000,6.0000,,2026-09-08 09:21:50.2908+07,migration_000508_backfill
5aa03643-6e64-43be-8d93-eca2edb38858,202311550,2.0000,2.0000,2.0000,,2026-09-08 09:21:50.2908+07,migration_000508_backfill
5aa34dd7-4af7-4b9c-b93b-784618679c73,202501153,4.0000,4.0000,4.0000,,2026-09-08 09:21:50.2908+07,migration_000508_backfill
5ad10ead-2e2b-4c04-895c-ec0e79207e7d,202308396,1.3800,1.5000,1.5000,,2026-09-07 14:24:16.976218+07,migration_000506_backfill
5b18738d-3f94-4662-be35-6a3155054083,202104329,3.3300,,3.3300,,2026-09-09 08:52:46.258668+07,admin
5b1fea27-0191-42ad-a0bc-297bce1d2ab5,202307336,3.0000,3.0000,3.0000,,2026-09-08 09:21:50.2908+07,migration_000508_backfill
5bb150e3-7d0f-4945-90f1-c3130d51bd3d,202206843,2.0500,2.0000,2.0000,,2026-09-07 14:24:16.976218+07,migration_000506_backfill
5bb32a87-7c8e-4903-bca0-2700391f6abf,202409919,3.0000,3.0000,3.0000,,2026-09-08 09:21:50.2908+07,migration_000508_backfill
5bbfa14d-29e4-4a6c-b566-8dba6f5d8c2e,202508444,2.0000,2.0000,2.0000,,2026-09-08 09:21:50.2908+07,migration_000508_backfill
5bda729e-8d2b-41dd-94d4-16a0d6462259,202201718,2.8000,2.8000,2.5000,,2026-09-07 14:24:16.976218+07,migration_000506_backfill
5beb565f-7bef-44fa-b096-eddb31c7edaf,202201688,3.9000,4.0000,4.0000,,2026-09-09 08:53:00.000785+07,admin
5bf29606-b499-4d62-ada4-7543f7acd1b9,202511596,5.0000,5.0000,5.0000,,2026-09-08 09:21:50.2908+07,migration_000508_backfill
5bfe9c22-be49-4369-9bc2-475e9fd20516,202308378,1.5000,1.5000,1.5000,,2026-09-08 09:21:50.2908+07,migration_000508_backfill
5c098556-f7de-4ff4-9b9e-da8b8b13c722,202104513,2.1600,2.1000,2.1000,,2026-09-09 08:52:54.389751+07,admin
5c443312-0f63-4c39-a248-5cc6c7fda35e,202104157,1.4500,,1.4500,,2026-09-09 08:52:46.895455+07,admin
5c51816c-3372-4486-afc3-bb50bc051dc3,202505277,5.0000,5.0000,5.0000,,2026-09-08 09:21:50.2908+07,migration_000508_backfill
5c61d03a-c300-4014-a5f7-8182811637e0,202307340,1.5000,1.5000,1.5000,,2026-09-08 09:21:50.2908+07,migration_000508_backfill
5cafa7bf-ee9e-46c8-b9ed-855d610c1433,202302166,1.5000,1.5000,1.5000,,2026-09-07 14:24:16.976218+07,migration_000506_backfill
5cb7257f-62e3-4ab8-8ecf-ffc3eb85aa74,202508432,1.5000,1.5000,1.5000,,2026-09-08 09:21:50.2908+07,migration_000508_backfill
5cc319a0-dfaf-4c37-bfe5-2db5ef455694,202108554,1.5200,2.0000,2.0000,,2026-09-09 08:52:47.167838+07,admin
5cdd19a5-5b55-4aa3-946c-dbc9cee54593,202307358,2.6200,2.7000,2.7000,,2026-09-07 14:24:16.976218+07,migration_000506_backfill
5ce19e7f-2e09-4237-bf8b-50b88c6fd803,202204797,1.5500,,1.0200,,2026-09-09 08:53:01.106435+07,admin
5cf29a6a-27ea-4eec-8fd7-a7e0abdef90e,202508441,2.0000,2.0000,2.0000,,2026-09-08 09:21:50.2908+07,migration_000508_backfill
5cf53d01-14b9-4681-9232-0bf992b46b7f,202208923,1.7400,,1.8000,,2026-09-09 08:52:50.449376+07,admin
5cf69702-b0b5-4ef4-b836-d120df17e903,202305228,1.4200,1.5000,1.5000,,2026-09-08 09:21:50.2908+07,migration_000508_backfill
5d17cc72-a41b-4daa-a4a9-8f706ab86d77,202504233,1.6800,,,,2025-04-23 00:00:00+07,1437
5d1a8348-b81e-4a65-86e3-892a4c9c3d19,202602724,5.0000,5.0000,5.0000,,2026-09-08 09:21:50.2908+07,migration_000508_backfill
5d1eab7b-928d-4065-a7a4-4de22c75e751,202309447,1.5000,1.5000,1.5000,,2026-09-07 14:24:16.976218+07,migration_000506_backfill
5d3b7f26-9b06-4b0c-a99e-5f8403a499fc,202208898,4.5000,4.5000,4.5000,,2026-09-07 14:24:16.976218+07,migration_000506_backfill
5d4a9452-b187-4b76-a0c0-f5da35a53ee7,202512633,6.0000,6.0000,6.0000,,2026-09-08 09:21:50.2908+07,migration_000508_backfill
5d6e0960-f615-4ff0-b0c4-f61db36eab54,202204773,2.0000,2.0000,2.0000,,2026-09-07 14:24:16.976218+07,migration_000506_backfill
5d80ef74-b79c-4600-9275-10d4f0c530ac,202501140,3.0000,3.0000,3.0000,,2026-09-08 09:21:50.2908+07,migration_000508_backfill
5d862695-b41d-4de9-ab7c-ee0619c9c815,202409904,1.2000,1.2000,1.2000,,2026-09-08 09:21:50.2908+07,migration_000508_backfill
5d865887-d31c-4fbe-a902-d6aed9fb1651,202104405,1.7300,,1.5000,,2026-09-09 08:52:46.37467+07,admin
5da7c29b-313c-4e43-8e47-d8f86cfd0dd9,202310521,3.5000,3.5000,3.5000,,2026-09-08 09:21:50.2908+07,migration_000508_backfill
5dc2f2a6-956e-436c-9a5f-bdf566227d77,202212090,1.0500,,1.1600,,2026-09-09 08:52:50.40847+07,admin
5e27034c-4cbc-407e-8487-e0882c32ea6b,202104349,0.6000,,0.6000,,2026-09-09 08:52:57.58451+07,admin
5e45d5c9-714d-4a11-a697-b80f2d8d04f4,202512652,2.0000,2.0000,2.0000,,2026-09-08 09:21:50.2908+07,migration_000508_backfill
5e6cef3a-723d-4833-857e-381d4b9675a8,202512625,1.0000,1.0000,1.0000,,2026-09-08 09:21:50.2908+07,migration_000508_backfill
5e8aca15-b36c-433d-85e2-314dc157807f,202407757,1.0000,1.0000,1.0000,,2026-09-08 09:21:50.2908+07,migration_000508_backfill
5e942dd6-0598-43f6-90f8-e4f0b2fed37b,202104225,5.0000,,5.0000,,2026-09-08 09:21:50.2908+07,migration_000508_backfill
5eba2df6-e11b-48e9-8da2-72d840702516,202309464,2.0000,2.0000,2.0000,,2026-09-07 14:24:16.976218+07,migration_000506_backfill
5ec3fe82-bd0f-4244-bc20-5b8c14160b05,202601674,3.5000,3.5000,3.5000,,2026-09-08 09:21:50.2908+07,migration_000508_backfill
5ecba83d-040a-49d5-8d4b-3c2ff3e2b524,202602734,2.0000,2.0000,2.0000,,2026-09-08 09:21:50.2908+07,migration_000508_backfill
5edd90e0-b8ed-4cfa-99ed-1ab7f39f2574,202309461,4.0000,4.0000,4.0000,,2026-09-07 14:24:16.976218+07,migration_000506_backfill
5ede49bd-dae2-4d25-b0bd-85c3b511ee70,202509550,2.3200,2.0000,2.0000,,2026-09-07 14:24:16.976218+07,migration_000506_backfill
5eed16b0-a422-4a5e-83f2-58ab025f1046,202302142,3.5000,,,,2023-02-14 00:00:00+07,SINTIA
5f0fe932-00e2-4013-bbcb-0ad0c330edac,202409890,2.0000,,2.0000,,2026-09-08 09:21:50.2908+07,migration_000508_backfill
5f1fe05e-6981-4685-936e-a7571942fd11,202305230,1.5000,1.5000,1.5000,,2026-09-08 09:21:50.2908+07,migration_000508_backfill
5f20fe69-95e2-4552-8fa7-3b610486b695,202309496,4.0000,4.0000,4.0000,,2026-09-07 14:24:16.976218+07,migration_000506_backfill
5f3dd4e6-082c-4a20-baea-f7912e01c7c5,202510563,2.0000,2.0000,2.0000,,2026-09-08 09:21:50.2908+07,migration_000508_backfill
5f4217de-4916-4808-90b9-ea7df2457525,202104128,3.6000,,3.6000,,2026-09-09 08:52:52.681366+07,admin
5f62c0cc-565d-41bc-9966-5df8488c8c6e,202408851,3.0000,3.0000,3.0000,,2026-09-07 14:24:16.976218+07,migration_000506_backfill
5f758f91-6855-411e-bfeb-403aaf48cb7d,202301115,1.5000,,1.5000,,2026-09-07 14:24:16.976218+07,migration_000506_backfill
5f88cc43-88fc-4ecb-bf6d-eaa17706b4b5,202309449,4.0000,4.0000,4.0000,,2026-09-07 14:24:16.976218+07,migration_000506_backfill
5f88ee7f-3e8b-4a70-b263-66768114aa75,202204789,2.0000,2.0000,2.0000,,2026-09-07 14:24:16.976218+07,migration_000506_backfill
5f9fd59e-8873-4623-8f58-0e190613c916,202505270,2.0000,2.0000,2.0000,,2026-09-08 09:21:50.2908+07,migration_000508_backfill
5fab01de-54c6-4d59-b66a-2037b0502efd,202502189,1.9000,1.9000,1.9000,,2026-09-07 14:24:16.976218+07,migration_000506_backfill
5fd72256-8608-4b84-8a8d-15a143e470e6,202104281,3.0000,,,,,
5fd88c7e-579b-489e-8cfa-b56fb4fe6fa0,202204791,2.5000,2.5000,2.5000,,2026-09-07 14:24:16.976218+07,migration_000506_backfill
5fe86b1b-dac7-445c-9a67-ac74080f5b8a,202603798,5.5000,4.0000,4.0000,,2026-09-08 09:21:50.2908+07,migration_000508_backfill
604332e6-91ce-4bdb-a66c-56765b0fd5d8,202501084,3.0000,3.0000,3.0000,,2026-09-08 09:21:50.2908+07,migration_000508_backfill
60484d79-a999-4853-83b0-eedc1274f177,202110616,1.5000,1.5000,1.5000,,2026-09-07 14:24:16.976218+07,migration_000506_backfill
604f60ad-0bfc-4b6c-9f9d-4fe829d181d5,202509512,1.8500,2.0000,2.0000,,2026-09-08 09:21:50.2908+07,migration_000508_backfill
6068618a-9a88-478d-abc1-bd92b9002d91,202601676,3.5000,3.5000,3.5000,,2026-09-08 09:21:50.2908+07,migration_000508_backfill
6081f391-1a2b-47f8-8641-5aed68a14ec6,202504234,1.7500,2.0000,2.0000,,2026-09-08 09:21:50.2908+07,migration_000508_backfill
608d0a29-4d79-480e-a992-8d53bbf30698,202506346,3.0000,3.0000,3.0000,,2026-09-08 09:21:50.2908+07,migration_000508_backfill
6094a1c2-774d-4f14-ad02-5ddc60c09ceb,202310519,2.1700,,1.6600,,2026-09-08 09:21:50.2908+07,migration_000508_backfill
609b7fa7-b2db-4b73-bf43-3318fcffa898,202407791,4.0000,4.0000,4.0000,,2026-09-07 14:24:16.976218+07,migration_000506_backfill
60a0fb26-e37d-4d20-bd54-22f0f3f84a68,202104297,2.0000,,2.0000,,2026-09-09 08:52:49.445329+07,admin
60b70a5f-d405-4bed-a9b1-94672af48d05,202104200,2.1500,,2.1800,,2026-09-08 09:21:50.2908+07,migration_000508_backfill
60d77caf-2386-4c5a-825f-81b7019e35e9,202405709,1.6400,2.0000,2.0000,,2026-09-09 08:52:52.344551+07,admin
60e5f36c-a60a-41be-baa3-1bdde7d7c39f,202104185,3.9800,,4.4300,,2026-09-09 08:52:55.866378+07,admin
610271e9-0bc1-4014-adc8-e2bc312af906,202104078,2.3500,,2.6000,,2026-09-09 08:52:51.980409+07,admin
61068915-b548-4691-bfa0-9a7b2ecf81d6,202403640,5.0000,4.5000,4.5000,,2026-09-08 09:21:50.2908+07,migration_000508_backfill
6108cc1e-5a6c-45c7-b77b-e6ea4e401471,202405708,1.6400,2.0000,2.0000,,2026-09-09 08:52:49.653089+07,admin
61263198-5313-497d-9f68-660fd2085f2b,202104439,0.8800,,0.8800,,2026-09-09 08:52:53.250904+07,admin
613a8964-3f2d-4683-a478-3a04c8ef0b3b,202104238,2.2500,,2.1300,,2026-09-09 08:52:56.446934+07,admin
613f8f26-d7f9-4a14-8a8b-0d21b6295ef0,,,,3.4500,,2026-09-09 08:52:39.761615+07,admin
615173cf-de8d-4fc6-ac98-d0f32b48948b,202212058,2.0600,,1.7800,,2026-09-09 08:52:38.629978+07,admin
6161543d-344d-4bde-bbbc-c95e82527c63,202303185,1.9000,2.0000,2.0000,,2026-09-07 14:24:16.976218+07,migration_000506_backfill
61749244-db8d-445a-945c-611df13151f1,202606936,2.0000,2.0000,2.0000,,2026-09-08 09:21:50.2908+07,migration_000508_backfill
619ebfbc-3ae2-4f5f-87a2-6cf01a2ef9c9,202602752,2.5000,2.0000,2.0000,,2026-09-08 09:21:50.2908+07,migration_000508_backfill
61c15b49-b784-43c6-852a-7ce2056182d8,202104445,1.4500,,1.4500,,2026-09-09 08:52:51.475338+07,admin
61eb877e-d211-4578-aae5-4957b43cf30f,202104336,2.4000,,2.4000,,2026-09-09 08:52:39.052657+07,admin
61ed3bdc-23c2-4e85-b881-7dd5ffdf3ee7,202501092,1.5000,1.5000,1.5000,,2026-09-08 09:21:50.2908+07,migration_000508_backfill
620be9b3-d8fa-4b44-8a94-61ba8d08e774,202206858,1.5000,,1.5000,,2026-09-07 14:24:16.976218+07,migration_000506_backfill
622e0e97-fe72-4a73-84c3-f09111bcbf53,202212051,0.9600,,0.9600,,2026-09-09 08:52:58.331727+07,admin
62311b31-5df4-486e-94e0-46c7992b9311,202604839,4.0000,4.0000,4.0000,,2026-09-08 09:21:50.2908+07,migration_000508_backfill
6273a14e-07db-4a14-920f-754f89582128,202408829,1.0000,1.0000,1.0000,,2026-09-07 14:24:16.976218+07,migration_000506_backfill
628efa12-f3d5-4b69-919c-9a37be2260d4,202505245,4.1500,4.0000,4.0000,,2026-09-08 09:21:50.2908+07,migration_000508_backfill
62b83629-d87e-4f68-b74a-e4547bed379c,202208906,2.0000,2.0000,2.0000,,2026-09-07 14:24:16.976218+07,migration_000506_backfill
62dda019-e39e-4653-9eb0-6de89f6a6754,202602751,4.0000,4.0000,4.0000,,2026-09-08 09:21:50.2908+07,migration_000508_backfill
62f5d7f8-1340-48ca-812d-a021a02b7844,202509545,2.0000,2.0000,2.0000,,2026-09-08 09:21:50.2908+07,migration_000508_backfill
630d3aa5-7ddd-4a5c-9d09-8ef7949d8e09,202305234,1.5000,1.5000,1.5000,,2026-09-08 09:21:50.2908+07,migration_000508_backfill
630e99b6-193f-4c04-b745-2f9f7fcf6a12,202308389,1.5000,1.5000,1.5000,,2026-09-08 09:21:50.2908+07,migration_000508_backfill
6323a02a-3625-487f-90f3-c783e940cd26,202406727,2.0000,2.0000,2.0000,,2026-09-09 08:52:59.669402+07,admin
634a2e82-2c5d-4712-ba1e-85a6c78dab11,202104145,1.4400,,1.5500,,2026-09-09 08:52:56.521099+07,admin
635642a6-cd91-4028-ab8c-59495d5841cf,202304222,1.5000,1.5000,1.5000,,2026-09-07 14:24:16.976218+07,migration_000506_backfill
638a5c4d-9ec8-4781-95eb-3e2272d35b3f,202505273,2.0000,2.0000,2.0000,,2026-09-08 09:21:50.2908+07,migration_000508_backfill
63a57f30-b4ae-425e-a6ef-01b039a757cb,202312567,1.9000,1.9000,1.9000,,2026-09-07 14:24:16.976218+07,migration_000506_backfill
63cd4906-dcbc-4045-aaed-96e02fcb2edf,202401610,2.5000,2.5000,2.5000,,2026-09-08 09:21:50.2908+07,migration_000508_backfill
63de8dfd-b24e-45bc-ab7c-b4fd298bad48,202104243,1.3000,,1.3000,,2026-09-09 08:52:57.508996+07,admin
63f679fe-aaae-4150-8ae6-9b158cb56ee0,202511581,5.8600,5.8600,5.8600,,2026-09-08 09:21:50.2908+07,migration_000508_backfill
63ff0bb5-8482-4a1a-9fb1-05234d04a460,202104426,2.3800,,2.3000,,2026-09-09 08:52:46.098125+07,admin
64192571-2501-4492-ab1d-87df8770f5ac,202104184,1.6800,,1.7500,,2026-09-08 09:21:50.2908+07,migration_000508_backfill
6486851e-912c-4b4f-85f7-ce1a0ea29b7c,202502172,1.6200,1.5000,1.5000,,2026-09-07 14:24:16.976218+07,migration_000506_backfill
649c1696-819a-4c23-9f6e-a946cdab5a6f,202211029,1.5000,2.0000,1.5000,,2026-09-08 09:21:50.2908+07,migration_000508_backfill
64d3599f-cfc9-4484-bde5-c903cf0b17a6,202104070,0.9400,,0.9400,,2026-09-09 08:52:48.117285+07,admin
64daa1e9-72bf-4483-938a-2c557d8fa23a,202206819,2.3000,,2.3000,,2026-09-07 14:24:16.976218+07,migration_000506_backfill
64df54c1-f178-4279-a5f4-60778b307372,202312593,1.0000,1.0000,1.0000,,2026-09-07 14:24:16.976218+07,migration_000506_backfill
6500e3fc-79ee-4404-9a2f-8557809b4520,202310529,1.2000,,1.7200,,2026-09-09 08:52:42.162418+07,admin
65062488-666a-4c78-888b-2e581818fa97,202104072,2.6400,,2.6400,,2026-09-09 08:52:40.015608+07,admin
65067d15-689b-4c10-aa5a-82f1f9d29e62,202112673,1.5000,1.5000,1.5000,,2026-09-07 14:24:16.976218+07,migration_000506_backfill
65114078-766d-4dc8-98c2-fd2bf97f1659,202208894,2.1000,2.0000,2.0000,,2026-09-07 14:24:16.976218+07,migration_000506_backfill
65404308-310a-4fd1-a8c6-e1a78819d4df,202506355,3.0000,3.0000,3.0000,,2026-09-08 09:21:50.2908+07,migration_000508_backfill
65446c03-e524-49b9-abba-1cd473ea7a4c,202206835,2.0000,,2.0000,,2026-09-07 14:24:16.976218+07,migration_000506_backfill
654a9d81-b9b5-4a6d-969b-61d4bca0402f,202303197,3.2200,3.0000,3.0000,,2026-09-07 14:24:16.976218+07,migration_000506_backfill
654fbe32-82b7-4a35-b864-ee8b088e1e22,202411005,2.1000,,2.1000,,2026-09-08 09:21:50.2908+07,migration_000508_backfill
655957a0-72ae-49e6-aea1-998e7ed3c735,202403648,2.0000,2.0000,2.0000,,2026-09-08 09:21:50.2908+07,migration_000508_backfill
6566ed0b-fdcd-4857-8264-1446fbf0c640,202206866,2.0000,2.0000,2.0000,,2026-09-07 14:24:16.976218+07,migration_000506_backfill
65694120-d2ac-4b1d-993f-464b0d49e817,202207892,2.0000,2.0000,2.0000,,2026-09-07 14:24:16.976218+07,migration_000506_backfill
657dd5a2-320e-49f5-8d46-079a802376fd,202104169,1.2900,,1.2900,,2026-09-08 09:21:50.2908+07,migration_000508_backfill
65bfdc16-50d8-4844-a037-4981d09d8a83,202409927,3.0000,3.0000,3.0000,,2026-09-08 09:21:50.2908+07,migration_000508_backfill
65c196b2-13d2-48ff-954b-05f3ce889e9d,202501107,2.0500,2.0000,2.0000,,2026-09-08 09:21:50.2908+07,migration_000508_backfill
65cdd22a-b657-41b2-9286-1b6752049a69,202603800,3.0000,,2.3000,,2026-09-09 08:52:46.098125+07,admin
6611f3cf-881f-4320-a900-7379b78d57d4,202409924,5.0000,5.0000,5.0000,,2026-09-08 09:21:50.2908+07,migration_000508_backfill
6622918a-fd26-4b8c-bf0f-447583434b9f,202603787,2.0000,2.0000,2.0000,,2026-09-08 09:21:50.2908+07,migration_000508_backfill
6634dfd2-fb3b-4cb5-bb2e-df9b5724e417,202104171,3.4100,,3.4500,,2026-09-09 08:52:43.26638+07,admin
66609f29-6c83-4a88-b3a0-95c1942e6ce3,202307341,3.5000,3.5000,3.5000,,2026-09-08 09:21:50.2908+07,migration_000508_backfill
667b9ae7-48de-4388-bb32-d0468c37b65c,202104255,2.5100,,2.5100,,2026-09-09 08:52:45.445535+07,admin
668b4683-5cfb-428c-bbc8-2603c8f7be69,202109579,2.2800,2.0000,2.0000,,2026-09-07 14:24:16.976218+07,migration_000506_backfill
669e332f-3a9c-4771-896c-79358ad1771a,202104313,0.9400,,1.0200,,2026-09-09 08:53:01.106435+07,admin
66d236f2-cef4-4f8c-91ce-21c052c38c79,202410944,1.5000,,,,,
66d4ad45-da94-4f53-880b-0d1bb74e892c,202108557,1.9500,1.9500,2.0000,,2026-09-09 08:52:58.29497+07,admin
66fcb45d-da94-4425-a728-aff9131ee4bf,202309499,1.5000,1.5000,1.5000,,2026-09-07 14:24:16.976218+07,migration_000506_backfill
673a2142-0a7b-4bc7-a6ed-326fa543f14b,202403669,4.0000,4.0000,4.0000,,2026-09-08 09:21:50.2908+07,migration_000508_backfill
67663c5f-8857-4a34-9527-c0d87f7a29e5,202302144,1.5000,1.5000,1.5000,,2026-09-07 14:24:16.976218+07,migration_000506_backfill
676b057f-6682-4037-979b-5829104342b3,202303194,1.4600,1.5000,1.5000,,2026-09-07 14:24:16.976218+07,migration_000506_backfill
6789866a-0e3f-4a20-8664-5c3c6e1f77a1,202605881,6.0000,6.0000,6.0000,,2026-09-08 09:21:50.2908+07,migration_000508_backfill
678eb832-f6c3-4d01-8a65-35052e27c03e,202210964,1.7300,1.6500,1.6500,,2026-09-07 14:24:16.976218+07,migration_000506_backfill
6797811c-91b7-4a09-ba4f-5a26f95166ef,202603777,6.0000,6.0000,6.0000,,2026-09-08 09:21:50.2908+07,migration_000508_backfill
67bf9457-5098-47e6-ac3e-40f1c11708d1,202511599,5.0000,5.0000,5.0000,,2026-09-08 09:21:50.2908+07,migration_000508_backfill
67c09a40-9435-435c-ab0b-e193701f265d,202212082,2.0000,2.0000,2.0000,,2026-09-07 14:24:16.976218+07,migration_000506_backfill
67c1243f-90cf-49af-96cb-06415788a1a6,,,,2.1800,,2026-09-09 08:52:39.672925+07,admin
67db8d63-1b67-49aa-8c4a-09abc8e7ee6c,202412074,2.0500,2.0000,2.0000,,2026-09-07 14:24:16.976218+07,migration_000506_backfill
681f0a87-5e39-4990-a49b-96b0ffe48e47,202603791,2.0000,2.0000,2.0000,,2026-09-08 09:21:50.2908+07,migration_000508_backfill
684893d1-97a1-4df5-87fa-53d273c29585,202406740,1.5000,1.5000,1.5000,,2026-09-08 09:21:50.2908+07,migration_000508_backfill
68669958-4aa1-45db-b3df-dca0b2871da5,202312598,1.5000,1.5000,1.5000,,2026-09-07 14:24:16.976218+07,migration_000506_backfill
6880b44c-9957-4bfa-b149-8796f097bdc7,202502174,2.0000,2.0000,2.0000,,2026-09-08 09:21:50.2908+07,migration_000508_backfill
6884ca30-d222-4547-bd89-2b278f7d4069,202306272,1.0200,1.0000,1.0000,,2026-09-08 09:21:50.2908+07,migration_000508_backfill
688c9ee8-3acd-4e90-9b81-4cb82d90470e,202308418,1.8000,1.5000,1.5000,,2026-09-07 14:24:16.976218+07,migration_000506_backfill
68ad1744-7881-4147-b740-242143950452,202501156,12.0000,,,,2025-01-17 00:00:00+07,SINTIA
68c683cf-5137-4302-9810-8a5ba5bb0ffb,202208915,5.0000,5.0000,5.0000,,2026-09-07 14:24:16.976218+07,migration_000506_backfill
68cc9f38-ab3b-4e8e-8148-fbab2f48a781,202405711,1.5500,1.5000,1.5000,,2026-09-09 08:52:47.951297+07,admin
68cd208c-8554-4cc2-ae2e-174e046025e1,202308373,4.0000,4.0000,4.0000,,2026-09-08 09:21:50.2908+07,migration_000508_backfill
68d2a12d-94ce-4fa0-95e9-6340d1b3faa0,202408830,2.0000,2.0000,2.0000,,2026-09-07 14:24:16.976218+07,migration_000506_backfill
68ea6913-7eb4-4f8f-9aad-e8cef9609215,202603790,2.0000,2.0000,2.0000,,2026-09-08 09:21:50.2908+07,migration_000508_backfill
68eef535-bcef-40a6-bf9b-92e92f877568,202110604,2.2900,2.4400,2.3000,,2026-09-09 08:52:40.382402+07,admin
68f5ffc7-27a9-4494-8eb7-0fe5b689e3d8,202602735,2.0000,2.0000,2.0000,,2026-09-08 09:21:50.2908+07,migration_000508_backfill
690ec4be-7df6-4893-aeae-cfc081a182a6,202509487,2.8300,2.5000,2.5000,,2026-09-07 14:24:16.976218+07,migration_000506_backfill
691c68b2-3718-4fcb-bfaf-c991239d42cf,202201692,1.6800,1.9500,2.0000,,2026-09-09 08:52:58.29497+07,admin
6920d8f1-65ae-4bf1-8fe8-0a750225090c,202104299,1.2000,,1.2000,,2026-09-09 08:52:47.777836+07,admin
694f37c5-e0c3-4d81-a0f0-487459bdbf1a,202407782,2.6000,3.0000,3.0000,,2026-09-07 14:24:16.976218+07,migration_000506_backfill
6963a87b-4809-4426-801c-2b54bd830c07,202104288,3.1700,,3.1000,,2026-09-09 08:52:38.867918+07,admin
6965f60a-6801-4766-a625-76d51c846544,202508471,3.0000,3.0000,3.0000,,2026-09-08 09:21:50.2908+07,migration_000508_backfill
69a8586f-2c15-42aa-9954-e0a1548b05fb,202104373,1.9000,,1.8300,,2026-09-09 08:52:39.216185+07,admin
69ac613e-d580-4d19-b017-bb27811c9897,202505250,3.0000,6.0000,6.0000,,2026-09-09 08:52:46.974941+07,admin
69fa7969-366b-41ba-814d-926e46bc2185,202506305,1.5000,1.5000,1.5000,,2026-09-08 09:21:50.2908+07,migration_000508_backfill
6a03b64a-f609-4970-99e2-95f5161c30c5,202309468,1.5000,1.5000,1.5000,,2026-09-07 14:24:16.976218+07,migration_000506_backfill
6abe4eb4-1293-4c36-8c7a-14ee7c378d43,202501120,2.0000,2.0000,2.0000,,2026-09-08 09:21:50.2908+07,migration_000508_backfill
6acb2d28-8ac7-4993-83b1-81b7caf5ab3f,202210982,1.5000,1.5000,1.5000,,2026-09-07 14:24:16.976218+07,migration_000506_backfill
6aff26b6-cf0d-404c-b86f-71c2bc5084d8,202410993,3.0000,3.0000,3.0000,,2026-09-08 09:21:50.2908+07,migration_000508_backfill
6aff50f5-efb3-4570-a07f-8a9161603c3d,202302141,4.0000,,,,2023-02-14 00:00:00+07,SINTIA
6b09afba-14f5-46e3-91a1-31e40ee7d8b8,202510561,3.0000,3.0000,3.0000,,2026-09-08 09:21:50.2908+07,migration_000508_backfill
6b1a8b89-3ce3-4442-9e2f-ecd2adc301ee,202104384,4.2000,,4.1800,,2026-09-09 08:52:49.218846+07,admin
6b1d8df4-2c0b-483c-ba25-201199e473fb,202603765,2.0000,2.0000,2.0000,,2026-09-08 09:21:50.2908+07,migration_000508_backfill
6b200f01-5cab-4c83-acb5-1e65602baed7,202211043,,,,,,
6b3040ad-33f1-46ac-bcad-75a196375693,202212054,1.8600,,1.4800,,2026-09-09 08:52:38.349619+07,admin
6b411e60-d1f5-4157-9b80-3dc13cef1a93,202506354,4.0000,4.0000,4.0000,,2026-09-08 09:21:50.2908+07,migration_000508_backfill
6b516b5d-062d-444e-ac92-bae8afec8376,202604845,3.0000,3.0000,3.0000,,2026-09-08 09:21:50.2908+07,migration_000508_backfill
6ba17f9f-5fbc-44bf-b880-9c3bfb4acd50,202206830,2.1000,,2.1000,,2026-09-07 14:24:16.976218+07,migration_000506_backfill
6bd3b1ac-d26e-49d6-9e4a-6b74178a25eb,202407774,5.5000,1.5000,5.5000,,2026-09-08 09:21:50.2908+07,migration_000508_backfill
6c230790-8b1b-4045-ab41-8d1cb252cd0a,202301126,1.4800,,1.4000,,2026-09-09 08:53:00.150522+07,admin
6c29b482-7a96-4943-8b3b-9e4598b9372d,202211048,2.0000,2.0000,2.0000,,2026-09-07 14:24:16.976218+07,migration_000506_backfill
6c37a25e-3cb8-4026-afc9-de0109e11eb6,202509535,5.0000,5.0000,5.0000,,2026-09-08 09:21:50.2908+07,migration_000508_backfill
6c3cd8ec-00d3-4f58-b6d7-e7194e761f68,202110593,1.7000,,1.8000,,2026-09-09 08:52:59.960628+07,admin
6c3d50bf-e1f8-45a3-8699-26e22d0cd4f2,202104100,2.0000,,2.0000,,2026-09-09 08:52:44.000509+07,admin
6c45e1da-ea41-49a5-b419-9e6255de197b,202110609,1.1200,2.0000,2.0000,,2026-09-07 14:24:16.976218+07,migration_000506_backfill
6c509f4d-166b-4858-917c-987fcb12226a,202210002,2.9000,2.1000,2.1000,,2026-09-09 08:52:54.389751+07,admin
6c65b7dd-eb5f-4f18-9ac5-cfb3f4feae8b,202104161,2.4500,,2.4000,,2026-09-09 08:52:46.697712+07,admin
6c783775-6ee4-4029-aac5-2431bd79721d,202104086,1.1800,,1.1800,,2026-09-09 08:52:56.561723+07,admin
6c79cb88-942d-4279-811f-aa8ee46c9e42,202603778,2.0000,2.0000,2.0000,,2026-09-08 09:21:50.2908+07,migration_000508_backfill
6c82dd6b-0773-4b62-9287-57c823cc94c8,,,,,,,
6c987c11-0bdb-4e76-8e06-62599342a08a,202204775,1.4000,1.4000,1.4000,,2026-09-07 14:24:16.976218+07,migration_000506_backfill
6ccbe532-c142-4c1b-ae57-bf634105d769,202603766,6.0000,6.0000,6.0000,,2026-09-08 09:21:50.2908+07,migration_000508_backfill
6cd87cba-ac5a-49c5-a405-8cdbcf6c8946,202104504,2.2600,,2.0000,,2026-09-09 08:52:56.055245+07,admin
6ce4001f-abd6-45f0-9ed0-335b31535f9c,202104441,1.2000,,1.2000,,2026-09-09 08:52:57.426239+07,admin
6cf6cd86-e6be-41f4-a008-132e2c599ee2,202201717,2.5000,2.5000,2.5000,,2026-09-07 14:24:16.976218+07,migration_000506_backfill
6cfc8b8b-46c8-44b4-9dc4-929376dd1548,202412053,4.0000,4.0000,4.0000,,2026-09-08 09:21:50.2908+07,migration_000508_backfill
6d149b6d-0a6c-42b5-b73f-99245aa881a5,202512640,2.0000,2.0000,2.0000,,2026-09-08 09:21:50.2908+07,migration_000508_backfill
6d4c79b0-ab68-4f5a-be87-b2f9854a44c8,202409936,1.9200,2.0000,2.0000,,2026-09-08 09:21:50.2908+07,migration_000508_backfill
6d5f385d-fc75-4d8c-aefd-b9694ffa01a5,202504219,2.0000,2.0000,2.0000,,2026-09-08 09:21:50.2908+07,migration_000508_backfill
6d6a0316-d4af-4671-9d8d-77bdb69bfdf2,202310531,1.3500,,1.6500,,2026-09-09 08:52:53.848739+07,admin
6d703d13-85f6-4467-937e-fd9de8e67bf8,202502179,2.0000,2.0000,2.0000,,2026-09-07 14:24:16.976218+07,migration_000506_backfill
6d8caa78-0a58-4180-8c5b-0b7da5db9ad8,202509549,6.0000,5.0000,5.0000,,2026-09-08 09:21:50.2908+07,migration_000508_backfill
6d977090-cf16-4766-bfc4-3065759c9cc3,202104074,2.0700,,2.0700,,2026-09-09 08:52:56.484356+07,admin
6d9ff708-1c06-4c5b-8d27-6d087b54dc2a,202104012,5.0000,,5.0000,,2026-09-09 08:52:55.722407+07,admin
6da0aab8-afc1-4b19-a38f-35224a0c543c,202501110,2.0000,2.0000,2.0000,,2026-09-08 09:21:50.2908+07,migration_000508_backfill
6dd2badf-fb45-41b0-a263-e28a3de5707c,202505246,4.6900,7.0000,4.2700,,2026-09-08 09:21:50.2908+07,migration_000508_backfill
6ddaf4b7-0c2b-4dba-842e-a628ebc3342c,202505247,1.0000,1.0000,0.9500,,2026-09-08 09:21:50.2908+07,migration_000508_backfill
6dfc9637-7702-410d-912e-62b6501fffac,202307326,2.3000,1.8000,1.8000,,2026-09-08 09:21:50.2908+07,migration_000508_backfill
6e150569-d4dc-4412-b8b8-0fce858d7091,202409868,2.0000,2.0000,2.0000,,2026-09-07 14:24:16.976218+07,migration_000506_backfill
6e2a55b3-5715-4374-9beb-ed393403a663,202603760,3.5000,3.5000,3.5000,,2026-09-08 09:21:50.2908+07,migration_000508_backfill
6e2cf171-526f-4299-bb4b-cc2d4ad013c1,202309498,1.5000,1.5000,1.5000,,2026-09-07 14:24:16.976218+07,migration_000506_backfill
6e96cbd8-6499-4e45-b5eb-dd2d8211c421,202508456,1.5000,1.5000,1.5000,,2026-09-08 09:21:50.2908+07,migration_000508_backfill
6e9893a6-3525-497c-8d07-f75e3fa17b06,202212063,1.6700,,1.4700,,2026-09-09 08:52:47.284341+07,admin
6ee0c41d-38bd-44f2-85b0-bb4442888623,202508465,2.3000,2.0000,2.0000,,2026-09-08 09:21:50.2908+07,migration_000508_backfill
6ee5b8cc-f61a-41a6-a78d-586041cca003,202104376,0.8200,,0.7700,,2026-09-09 08:52:43.832711+07,admin
6efd1a63-f14f-4a8c-81c7-6e0acf7946b3,202308376,1.5000,1.5000,1.5000,,2026-09-08 09:21:50.2908+07,migration_000508_backfill
6f0b80e5-d059-4a36-bf0e-14e8125c98bc,202503210,4.0000,4.0000,4.0000,,2026-09-07 14:24:16.976218+07,migration_000506_backfill
6f3408c8-5d62-4c02-a02c-1414f61f3a00,202308383,1.5000,1.5000,1.5000,,2026-09-08 09:21:50.2908+07,migration_000508_backfill
6f407603-6a80-4237-ba1e-1d26a5458677,202512657,2.0000,2.0000,2.0000,,2026-09-08 09:21:50.2908+07,migration_000508_backfill
6f4e4800-8e4e-4384-be62-bc0befd358f2,202306297,1.5000,1.5000,1.5000,,2026-09-08 09:21:50.2908+07,migration_000508_backfill
6f760899-d7c1-45e5-842f-16185cd9c747,202403660,3.0000,3.0000,3.0000,,2026-09-08 09:21:50.2908+07,migration_000508_backfill
6f96a64b-1b16-4559-90e9-9cfae751a01d,202104165,1.4300,,1.4700,,2026-09-09 08:52:49.258147+07,admin
6f9eb4dd-d547-48b0-8809-e04139fd95f4,202508470,3.0000,3.0000,3.0000,,2026-09-08 09:21:50.2908+07,migration_000508_backfill
6fa3d48a-c66d-47bb-881c-690d8a5764a2,,,,1.8000,,2026-09-09 08:52:41.915475+07,admin
6fa9d94a-a772-4854-a432-85d6892a7db9,202412066,2.0000,2.0000,2.0000,,2026-09-08 09:21:50.2908+07,migration_000508_backfill
6fb259a2-f76c-49c4-b458-c00956142687,202211014,1.5000,1.5000,1.5000,,2026-09-08 09:21:50.2908+07,migration_000508_backfill
6fc5fef4-68b1-4960-bf38-139c45257fe8,202104136,2.0500,,2.0000,,2026-09-09 08:52:44.761988+07,admin
6fd2c296-ecc6-4017-87d8-3cbb032cd95a,202201711,1.6200,1.5000,1.5000,,2026-09-09 08:52:51.2424+07,admin
6fd5a87d-10a6-4f3b-a6f7-2efb3587e39d,202505281,4.0000,4.0000,4.0000,,2026-09-08 09:21:50.2908+07,migration_000508_backfill
6fe4d9b4-829d-4779-800b-0fcfc3796327,202602716,4.0000,4.0000,4.0000,,2026-09-08 09:21:50.2908+07,migration_000508_backfill
6fed6791-5d12-4aa5-bcd5-b4c31dd28189,202308397,1.5000,1.5000,1.5000,,2026-09-07 14:24:16.976218+07,migration_000506_backfill
6ffb6e21-7ea4-4aac-94e7-1cb0ccc100eb,202104318,3.6400,,3.6500,,2026-09-09 08:52:38.820461+07,admin
7002372b-e608-4c08-b607-64a4c6b773a6,202206857,1.5000,,1.5000,,2026-09-07 14:24:16.976218+07,migration_000506_backfill
70025bce-8796-41d7-b611-efcf275ab976,202104110,3.0000,,3.0000,,2026-09-09 08:52:49.863128+07,admin
7004a445-7249-4f7c-89cb-1c76d6ebd4b2,202411040,8.3300,,,,2024-11-22 00:00:00+07,SINTIA
700e7a18-cb24-44bd-a047-29f0459994ed,202511606,2.8000,2.8000,2.8000,,2026-09-08 09:21:50.2908+07,migration_000508_backfill
7018cdb1-12b5-4d18-9ac7-7a9f3092a1f3,202104273,1.0300,,1.0300,,2026-09-09 08:52:40.259184+07,admin
7060f4bd-3319-4b96-afa9-129497ee7e75,202211025,1.5000,1.5000,1.5000,,2026-09-08 09:21:50.2908+07,migration_000508_backfill
7066fa35-8a08-4789-b5c1-cd421906f8b8,202207891,2.0000,2.0000,2.0000,,2026-09-07 14:24:16.976218+07,migration_000506_backfill
707214d0-5f1f-4334-990e-cafc1a9247ad,202501121,2.0000,2.0000,2.0000,,2026-09-08 09:21:50.2908+07,migration_000508_backfill
707d304c-910e-4ee6-9a99-e7ab1db84904,202601696,1.8000,2.0000,2.0000,,2026-09-08 09:21:50.2908+07,migration_000508_backfill
708714bc-65f9-4026-9f29-99f378f5c752,,,,2.0000,,2026-09-09 08:52:41.959729+07,admin
70b7e957-67ba-41a3-a469-0b5b194e7d6e,202206876,1.5000,1.5000,1.5000,,2026-09-07 14:24:16.976218+07,migration_000506_backfill
70bf8dd8-eda5-4588-9619-5e2ca1aa0097,202603795,2.0000,2.0000,2.0000,,2026-09-08 09:21:50.2908+07,migration_000508_backfill
70cb27bf-129a-4269-83fb-863be064c344,202401611,2.1000,2.0000,2.0000,,2026-09-08 09:21:50.2908+07,migration_000508_backfill
70ccfd41-a976-47de-98ac-6a466e05bebc,202501087,1.5000,1.5000,1.5000,,2026-09-08 09:21:50.2908+07,migration_000508_backfill
70d0b46c-c28d-4b1c-86fc-186c85fb4ee5,202104321,1.9300,,2.0300,,2026-09-09 08:52:38.211581+07,admin
7121f19a-54b7-4f31-a3f4-94a73d361d63,202509511,2.0000,2.0000,2.0000,,2026-09-08 09:21:50.2908+07,migration_000508_backfill
7146b47d-ebac-4a06-add8-5f5defc1b0f8,202303210,2.0000,2.0000,2.0000,,2026-09-07 14:24:16.976218+07,migration_000506_backfill
714b5b37-adef-4c70-b146-61905bf96b53,202508474,2.0000,2.0000,2.0000,,2026-09-08 09:21:50.2908+07,migration_000508_backfill
717e404f-547f-4ee9-9786-5b55598acc6b,202104160,2.4500,,2.1800,,2026-09-09 08:52:39.672925+07,admin
7191a023-7037-4bec-9568-c3537921d3b1,202601689,4.0000,4.0000,4.0000,,2026-09-08 09:21:50.2908+07,migration_000508_backfill
7192aa19-ef50-4189-9110-8d4effee5b61,202405717,1.8000,2.0000,2.0000,,2026-09-07 14:24:16.976218+07,migration_000506_backfill
71df8fff-7f4a-43c1-8961-57f18a29154d,202302175,1.5000,1.5000,1.5000,,2026-09-07 14:24:16.976218+07,migration_000506_backfill
71e14572-f681-4717-80f5-260f90594b15,202104415,1.7500,,1.7500,,2026-09-09 08:53:00.191057+07,admin
71e858df-9ef5-4a43-8cca-bf0a97d91d10,202104404,2.5400,,2.5400,,2026-09-09 08:53:00.71585+07,admin
71eca217-54cf-4842-889c-4e435348f63f,202206881,3.5000,3.5000,3.5000,,2026-09-07 14:24:16.976218+07,migration_000506_backfill
72007e29-d1f1-4c76-8de9-3267639bc4cf,202408848,4.0000,4.0000,4.0000,,2026-09-08 09:21:50.2908+07,migration_000508_backfill
720188ec-949f-4e55-9a60-37f1ed02e55a,202104208,2.9000,,2.9000,,2026-09-08 09:21:50.2908+07,migration_000508_backfill
72197932-0500-49ab-9c3f-5e9a47ca32e8,202509481,3.3000,3.0000,3.0000,,2026-09-08 09:21:50.2908+07,migration_000508_backfill
721c8e4d-8898-41ce-9d64-1a6565650bba,202508480,3.6000,3.6000,3.6000,,2026-09-08 09:21:50.2908+07,migration_000508_backfill
723330a9-7bc9-4169-a8c4-c8de07a62ec1,202104084,1.5000,,1.5000,,2026-09-09 08:52:50.130411+07,admin
72351469-2b52-4baa-b61a-5a1a321837b1,202506315,1.6000,1.5000,1.5000,,2026-09-08 09:21:50.2908+07,migration_000508_backfill
724d6332-00c4-4f6a-be93-4ffcfe0b1172,202104332,3.6000,,3.5000,,2026-09-09 08:52:38.533122+07,admin
728b66c5-6eb1-489a-b107-44160b0d3324,202601703,5.0000,3.0000,3.0000,,2026-09-08 09:21:50.2908+07,migration_000508_backfill
72afbc8e-3231-49e9-91aa-8b39165b563d,202603770,2.0000,2.0000,2.0000,,2026-09-08 09:21:50.2908+07,migration_000508_backfill
72f07bd5-e4cf-4a79-885c-c742fe414eed,202204801,3.3200,3.3000,3.3000,,2026-09-07 14:24:16.976218+07,migration_000506_backfill
730ff5c3-aa15-4586-bcd3-7a7f31b7c6fa,202104018,3.0000,,3.0000,,2026-09-08 09:21:50.2908+07,migration_000508_backfill
731a1a1c-a5e2-4c63-97b7-b4f836d1a0cc,202401612,2.0000,2.0000,2.0000,,2026-09-08 09:21:50.2908+07,migration_000508_backfill
73628caa-c42c-4673-ba0e-e00643880325,202104066,1.3500,,1.2500,,2026-09-09 08:52:39.715411+07,admin
737a579c-7435-4fe2-9c8d-96b1066ae467,202506363,2.0000,2.0000,2.0000,,2026-09-08 09:21:50.2908+07,migration_000508_backfill
739f6452-1815-4272-9616-042abba5ba8e,202603772,3.0000,3.0000,3.0000,,2026-09-08 09:21:50.2908+07,migration_000508_backfill
73e45c1b-59c8-4da8-886c-41d52e9e0f72,202507415,2.0000,2.0000,2.0000,,2026-09-08 09:21:50.2908+07,migration_000508_backfill
73e50c5f-3833-49a8-9d17-01082363004e,202605878,2.0000,2.0000,2.0000,,2026-09-08 09:21:50.2908+07,migration_000508_backfill
73ffd45b-1eff-4168-86eb-3074800edca5,202405697,1.2300,1.5000,1.5000,,2026-09-07 14:24:16.976218+07,migration_000506_backfill
7404e83b-6e05-41b4-9fe1-1db5fe012673,202104009,3.0000,,3.0000,,2026-09-09 08:52:41.458048+07,admin
7414b00d-36bc-43fd-b726-1e2b95f9ee27,202506340,2.0000,2.0000,2.0000,,2026-09-08 09:21:50.2908+07,migration_000508_backfill
74167387-096f-4467-9429-faee77bb109c,202508433,1.5000,1.5000,1.5000,,2026-09-08 09:21:50.2908+07,migration_000508_backfill
7429cb0a-5b02-4583-800c-9d7b81e754e6,202409907,1.5000,1.5000,1.5000,,2026-09-08 09:21:50.2908+07,migration_000508_backfill
74380011-5abc-44be-a5ee-04810ba8a568,202501105,3.3100,3.0000,3.0000,,2026-09-08 09:21:50.2908+07,migration_000508_backfill
744f151f-4ca0-4460-9203-92dee4f09e79,,,,1.7200,,2026-09-09 08:52:42.162418+07,admin
74775b57-782a-49d6-a8dc-44a23180c2f0,202505274,5.0000,5.0000,5.0000,,2026-09-08 09:21:50.2908+07,migration_000508_backfill
747abd29-0fc9-46bc-91d8-e8b9c68a9405,202507401,4.0000,4.0000,4.0000,,2026-09-08 09:21:50.2908+07,migration_000508_backfill
7491b7b0-d335-47e5-b76e-716465cac251,202203760,1.5800,1.5000,1.5000,,2026-09-07 14:24:16.976218+07,migration_000506_backfill
74afeab8-7b84-4ae8-ba30-731277be089e,202104058,1.9800,,1.9800,,2026-09-09 08:52:41.128875+07,admin
74baf7f8-8634-491f-a4fa-96839768dbbb,202104085,1.5100,,1.5100,,2026-09-09 08:52:55.945399+07,admin
74cf8813-0b1f-4e50-ba8a-ac3b86e667f3,202508461,4.3000,4.3200,4.3200,,2026-09-08 09:21:50.2908+07,migration_000508_backfill
74fd7381-b59c-4400-9cb0-186c961cd952,202206874,1.5500,1.5000,1.5000,,2026-09-07 14:24:16.976218+07,migration_000506_backfill
75106f55-b527-463c-bf83-c1d45cccbc42,202104358,3.5800,,3.3500,,2026-09-09 08:52:45.317055+07,admin
75146992-62c7-4073-9b8b-2d4fb9dc58c0,202104092,1.9500,,1.9500,,2026-09-09 08:52:47.651542+07,admin
75169848-133a-444f-a868-20728b43ae4e,202308414,2.3000,1.5000,1.5000,,2026-09-07 14:24:16.976218+07,migration_000506_backfill
75196bb5-4c2e-4983-9aaa-3ab104ea984a,202511602,3.1000,3.1000,3.1000,,2026-09-07 14:24:16.976218+07,migration_000506_backfill
75204d1b-25f0-4e33-80af-cb563d2080c7,202507389,4.0000,4.0000,4.0000,,2026-09-08 09:21:50.2908+07,migration_000508_backfill
753f7404-3790-4a90-abce-32e8a2523db2,202411021,3.0000,3.0000,3.0000,,2026-09-08 09:21:50.2908+07,migration_000508_backfill
7556cedb-b942-4d87-99a0-dd67746bcde2,202505271,5.0000,5.0000,5.0000,,2026-09-08 09:21:50.2908+07,migration_000508_backfill
755e10b8-c128-4a98-a949-efa02a4410f4,202510559,3.0000,3.0000,3.0000,,2026-09-08 09:21:50.2908+07,migration_000508_backfill
75a08029-3ddf-49af-986b-3e9d14caec48,202210980,1.5000,1.5000,1.5000,,2026-09-07 14:24:16.976218+07,migration_000506_backfill
75c95092-9377-4c21-9276-b6f13ac95b87,202104259,1.3500,,1.3500,,2026-09-09 08:52:51.634284+07,admin
75fe9672-129a-464f-a767-21edd6084c3c,202505241,4.0000,4.5000,4.5000,,2026-09-09 08:52:48.999078+07,admin
7619d286-57bb-4b9e-9744-6c4a18648761,202302180,1.5000,1.5000,1.5000,,2026-09-07 14:24:16.976218+07,migration_000506_backfill
761b8b75-59cc-4fe3-8467-ce836ac28327,202104035,1.2500,,1.2500,,2026-09-09 08:52:58.147988+07,admin
76257f40-ec50-4a55-897b-5e3f83324de5,202306284,1.5000,1.5000,1.5000,,2026-09-08 09:21:50.2908+07,migration_000508_backfill
763a1832-e783-4ea1-9fdd-dbb3a3d15b09,202407808,2.2000,2.0000,2.0000,,2026-09-07 14:24:16.976218+07,migration_000506_backfill
766addb0-3e41-4494-9cee-9f7ab8c41c34,202509492,2.0000,2.0000,2.0000,,2026-09-08 09:21:50.2908+07,migration_000508_backfill
76718369-a043-48b4-802d-72cdd4301de2,202309508,2.3000,2.3000,2.3000,,2026-09-08 09:21:50.2908+07,migration_000508_backfill
76989a43-32f6-401e-9331-859c3100a787,202104073,3.6300,,3.6300,,2026-09-09 08:52:50.946149+07,admin
769bcd0a-9291-4799-82b8-2261bd410c15,202310537,3.5700,,3.5700,,2026-09-08 09:21:50.2908+07,migration_000508_backfill
76f57b59-fd59-45f0-ba1b-3c17cab1f2a3,202104263,1.6000,,1.6000,,2026-09-09 08:52:42.41049+07,admin
76f74793-777e-4ade-8a43-1f5d7005b9bc,202509515,2.0000,2.0000,2.0000,,2026-09-08 09:21:50.2908+07,migration_000508_backfill
77088928-ad32-40c4-abcf-146421c3c18e,202208897,1.8700,1.8500,1.8500,,2026-09-07 14:24:16.976218+07,migration_000506_backfill
770b427c-1f35-496e-8221-4eccca795058,202104306,1.2700,,1.1300,,2026-09-09 08:52:39.502033+07,admin
771f23b8-c406-4e68-b300-91909635e80a,202411032,3.0000,3.0000,3.0000,,2026-09-08 09:21:50.2908+07,migration_000508_backfill
778709fc-a24c-46cd-8a59-dcf3a9cb37d2,202410960,4.0000,4.0000,4.0000,,2026-09-08 09:21:50.2908+07,migration_000508_backfill
77b38a34-980a-47a7-a20e-edf306ec7c4b,202104473,1.6500,,,,2021-04-24 00:00:00+07,SINTIA
77bca018-dba9-4417-8a10-12319d066fb4,202104300,1.2500,,1.4800,,2026-09-09 08:52:38.349619+07,admin
77bd3bee-d03c-4ab1-bdfc-7fe97d875885,202210996,1.6300,2.0000,2.0000,,2026-09-07 14:24:16.976218+07,migration_000506_backfill
77e11206-4f70-487b-8bef-cca1adcf0966,202104166,1.3600,,1.3600,,2026-09-09 08:52:47.569224+07,admin
77f4febb-7775-4e55-8912-0d7b8c13ae33,202309436,2.0000,2.0000,2.0000,,2026-09-08 09:21:50.2908+07,migration_000508_backfill
77f71ab7-0571-414d-bffd-4b54936b5875,202511589,2.0000,2.0000,2.0000,,2026-09-08 09:21:50.2908+07,migration_000508_backfill
77f782b9-39fc-4e36-9553-426708f01f9f,202410967,3.0000,3.0000,3.0000,,2026-09-08 09:21:50.2908+07,migration_000508_backfill
78041e62-71e9-46fc-8a05-3b7a602a198d,202104416,2.6300,,2.6300,,2026-09-09 08:52:54.012204+07,admin
7812c56d-185f-40e4-bc09-1e8883c25585,202204802,3.5000,3.5000,3.5000,,2026-09-07 14:24:16.976218+07,migration_000506_backfill
78278533-93c6-4621-8c7e-f92a3828af77,202104176,2.9500,,2.9000,,2026-09-09 08:52:42.078882+07,admin
78570541-2065-4afc-a294-eec8fa2238d6,202408826,7.0000,7.0000,7.0000,,2026-09-07 14:24:16.976218+07,migration_000506_backfill
786e73bb-379b-4e44-8947-2b79b5bb42d7,202506306,5.0000,6.0000,6.0000,,2026-09-08 09:21:50.2908+07,migration_000508_backfill
7871873d-2825-42e5-9213-15dd1ae7911c,202204806,3.7500,3.5000,3.5000,,2026-09-07 14:24:16.976218+07,migration_000506_backfill
788e12f7-2769-4811-95a9-6ad9acc01526,202312587,2.0000,2.0000,2.0000,,2026-09-08 09:21:50.2908+07,migration_000508_backfill
78948b96-4ec2-4d95-b949-773e0f7b2ac0,202603782,2.0000,2.0000,2.0000,,2026-09-08 09:21:50.2908+07,migration_000508_backfill
78d80ae8-61b3-4c25-b309-94da10ca5b57,202109578,3.1000,,3.1000,,2026-09-07 14:24:16.976218+07,migration_000506_backfill
78e06c8a-22f1-450a-aff9-c77ab5a1d241,202104280,2.8800,,,,2025-10-30 00:00:00+07,1437
78e3e84d-a10b-46f3-b520-42d98ead408d,202104102,1.5500,,1.5500,,2026-09-09 08:52:49.573666+07,admin
78e582ec-0c37-43d1-9279-7adbb027122f,202505288,4.0000,4.0000,4.0000,,2026-09-08 09:21:50.2908+07,migration_000508_backfill
78e8d62d-b787-4294-938f-2f842afa7a0b,202501093,2.0000,2.0000,2.0000,,2026-09-08 09:21:50.2908+07,migration_000508_backfill
78ed438e-9da7-4da5-b6ab-db529c4746c7,202406729,1.7500,1.5000,1.5000,,2026-09-07 14:24:16.976218+07,migration_000506_backfill
78f8f4b0-e64b-4b5c-ab7a-3f5c06b24444,202309445,2.0000,2.0000,2.0000,,2026-09-08 09:21:50.2908+07,migration_000508_backfill
79323a70-9110-4384-902d-f6b2977686a4,202303193,5.0000,5.0000,5.0000,,2026-09-07 14:24:16.976218+07,migration_000506_backfill
7954c6f6-b4ce-4028-be10-80ceeacfea11,202309457,1.5000,1.5000,1.5000,,2026-09-07 14:24:16.976218+07,migration_000506_backfill
79607ebe-9546-4874-b12c-2cc9a318ed75,202506330,2.0000,2.0000,2.0000,,2026-09-08 09:21:50.2908+07,migration_000508_backfill
79710556-8ec4-4782-817c-f3f640f505fc,202204766,2.4000,2.4000,2.4000,,2026-09-07 14:24:16.976218+07,migration_000506_backfill
79adad27-755e-41ee-b82f-8bdcbcecb8c7,202302179,1.5000,1.5000,1.5000,,2026-09-07 14:24:16.976218+07,migration_000506_backfill
79ae5cc2-9d03-4dda-bd38-3ddc02ea9d2f,202209935,1.8000,1.8000,1.8000,,2026-09-07 14:24:16.976218+07,migration_000506_backfill
79b64180-7a2e-4d52-83c9-6ddc876c092c,202308384,1.5000,1.5000,1.5000,,2026-09-08 09:21:50.2908+07,migration_000508_backfill
79bf6ba9-5dfd-4baf-ba4b-17479f0cc5cc,202508448,3.0000,3.0000,3.0000,,2026-09-08 09:21:50.2908+07,migration_000508_backfill
79f0a729-4838-402d-8f6d-4ab9360b924e,202108548,2.5500,2.5500,2.0000,,2026-09-09 08:52:47.366368+07,admin
7a3f99b2-0d7c-4563-b303-319ef881113c,202509544,2.0000,2.0000,2.0000,,2026-09-08 09:21:50.2908+07,migration_000508_backfill
7a5c584b-c26f-4b08-91e2-638c689b21f1,202403656,4.0000,4.0000,,,2024-03-25 00:00:00+07,SINTIA
7a5db20f-fb62-4291-a3b7-938a8d9cb64f,202508440,1.1500,1.5000,1.5000,,2026-09-08 09:21:50.2908+07,migration_000508_backfill
7a6415d8-d9b7-4f8e-acdd-c5ee91574c05,202406750,1.3400,1.5000,1.5000,,2026-09-08 09:21:50.2908+07,migration_000508_backfill
7a742571-0aca-4325-a5bb-e732bc5c6573,202309504,1.8800,2.0000,2.0000,,2026-09-09 08:52:54.347251+07,admin
7a8ce89a-8f68-4bd0-a10f-2d2f66755404,202204798,1.5800,1.5000,1.5000,,2026-09-08 09:21:50.2908+07,migration_000508_backfill
7ab7e454-ed7c-4c22-a67e-ecfd50c73ad4,202305240,0.8900,,0.8900,,2026-09-09 08:52:53.295139+07,admin
7ae16ffb-e844-45bc-b091-cf67a09d17cd,202104285,2.4200,,,,2025-11-18 00:00:00+07,1437
7ae25613-3360-4fb0-b9ed-2899f201b7d6,202403651,1.0000,1.0000,1.0000,,2026-09-08 09:21:50.2908+07,migration_000508_backfill
7aed3056-588b-4f60-8567-fec01745a0e0,202209949,3.0000,3.0000,3.0000,,2026-09-07 14:24:16.976218+07,migration_000506_backfill
7b008519-a2d0-4d7b-8432-cc6515048b66,202602730,3.0000,3.0000,3.0000,,2026-09-08 09:21:50.2908+07,migration_000508_backfill
7b026f4d-fac8-411f-b3da-041d9aa44dfc,,,,1.0000,,2026-09-09 08:52:40.515672+07,admin
7b0c35d6-a038-4952-8510-426e40a8bcd3,202104330,1.7000,,1.7000,,2026-09-09 08:52:38.96755+07,admin
7b70e539-8d1e-4250-b38e-159a81bdd8bb,202308399,1.5000,1.5000,1.5000,,2026-09-07 14:24:16.976218+07,migration_000506_backfill
7b888f76-1eb9-4de3-81d3-e40f87df5d73,202409891,1.5000,,1.5000,,2026-09-08 09:21:50.2908+07,migration_000508_backfill
7bf9780c-b433-4696-b640-03a79bba8323,202301124,2.2300,2.0000,2.0000,,2026-09-07 14:24:16.976218+07,migration_000506_backfill
7c170b62-caa1-4118-8068-2f930a01f79e,202104418,1.5000,,1.5000,,2026-09-09 08:52:49.299999+07,admin
7c187111-c8d2-49de-8a6a-0747be1c83fe,202601675,2.0000,2.0000,2.0000,,2026-09-08 09:21:50.2908+07,migration_000508_backfill
7c2575e7-cdcf-488a-8442-c7b93769910f,202104454,2.3500,,2.2500,,2026-09-09 08:52:41.709209+07,admin
7c759dc5-2616-4a29-86b6-459df0c88dce,202411028,5.0000,5.0000,5.0000,,2026-09-08 09:21:50.2908+07,migration_000508_backfill
7c7f91a0-17ff-40f8-9388-97e7b6401fa4,202506341,2.0000,2.0000,2.0000,,2026-09-08 09:21:50.2908+07,migration_000508_backfill
7cccd9d6-243d-4b5c-b5dc-6ed1c484ba37,202603796,2.0000,2.0000,2.0000,,2026-09-08 09:21:50.2908+07,migration_000508_backfill
7cdd9fb7-1dfe-45e8-a2d5-dd929e6f726f,202409895,2.8000,,2.8000,,2026-09-08 09:21:50.2908+07,migration_000508_backfill
7cece416-4019-40b5-a180-bc82f6a9c89c,202311553,2.0000,,1.0000,,2026-09-07 14:24:16.976218+07,migration_000506_backfill
7cedd0cf-575d-4c21-8b41-5568abc723a5,202602725,3.0000,3.0000,3.0000,,2026-09-08 09:21:50.2908+07,migration_000508_backfill
7d010c50-ff17-4cd1-8032-2f60177ba4e0,202606908,3.0000,3.0000,3.0000,,2026-09-08 09:21:50.2908+07,migration_000508_backfill
7d2958c7-1f9b-4315-be38-da8c77f8fefb,202407760,1.5000,1.5000,1.5000,,2026-09-08 09:21:50.2908+07,migration_000508_backfill
7d3c5ac7-938b-4311-8a21-e812f04fa245,202501082,1.5000,1.5000,1.5000,,2026-09-08 09:21:50.2908+07,migration_000508_backfill
7d49382e-0827-4947-9dac-2fcea6ae56d0,202104199,1.5000,,1.5000,,2026-09-09 08:52:43.398174+07,admin
7d513a82-9180-4d94-86a0-4c5f9624dba9,202411029,5.0000,5.0000,5.0000,,2026-09-08 09:21:50.2908+07,migration_000508_backfill
7d5a6e47-d54b-4d10-990c-06a311cafe2d,202210979,1.8000,1.5000,1.5000,,2026-09-09 08:52:58.11077+07,admin
7d601e31-98fc-4fae-abcc-a608ed6ac5dd,202509514,2.0000,2.0000,2.0000,,2026-09-08 09:21:50.2908+07,migration_000508_backfill
7d61f320-9286-4f3f-b655-44c8680e40ac,202409917,1.0000,,1.0000,,2026-09-08 09:21:50.2908+07,migration_000508_backfill
7d746263-7f07-4ddf-98cb-3a0102f6e3e2,202501085,1.5000,1.5000,1.5000,,2026-09-08 09:21:50.2908+07,migration_000508_backfill
7d7deba0-e87c-40c5-8efa-d50b47d3b487,202602753,2.1000,2.0000,2.0000,,2026-09-07 14:24:16.976218+07,migration_000506_backfill
7da90c0f-a4c6-445b-bd59-f797f2fefd23,202601683,3.0000,3.0000,3.0000,,2026-09-08 09:21:50.2908+07,migration_000508_backfill
7dab1dee-2647-4f92-b79c-9db5bce98d88,202501162,5.0000,5.0000,5.0000,,2026-09-08 09:21:50.2908+07,migration_000508_backfill
7dd16c62-7a44-4d83-a9c0-6806d28289b6,,,,3.1000,,2026-09-09 08:53:01.329624+07,admin
7dd8a15a-410e-480c-a4ed-a5d88ea21a0b,202211039,2.0000,2.0000,2.0000,,2026-09-07 14:24:16.976218+07,migration_000506_backfill
7df0e96a-c139-4103-a644-98eb59d69acb,202212073,1.8000,1.8000,1.8000,,2026-09-07 14:24:16.976218+07,migration_000506_backfill
7e002035-7d0d-4575-9a65-99a70747bfd6,202407789,5.0000,5.0000,5.0000,,2026-09-07 14:24:16.976218+07,migration_000506_backfill
7e010710-f82a-42bd-be0d-9540787dda09,202104269,2.8400,,2.8400,,2026-09-09 08:53:00.794568+07,admin
7e3e7a26-9ba8-4598-91ea-dd91e1b71faf,202602741,3.0000,3.0000,3.0000,,2026-09-08 09:21:50.2908+07,migration_000508_backfill
7e488fb1-549e-4dd6-a429-e7a54c9c3a52,202212066,1.5200,,,,,
7e639436-f79e-4acd-8d30-fd2a7cc5bc00,202104006,1.4600,,1.6000,,2026-09-09 08:52:57.237574+07,admin
7e97b59c-e27a-450a-a7ac-c595d2f2b73c,202604811,6.0000,6.0000,6.0000,,2026-09-08 09:21:50.2908+07,migration_000508_backfill
7e9d5470-e16d-4768-b0e2-0dce5e25b148,202606913,2.0000,2.0000,2.0000,,2026-09-08 09:21:50.2908+07,migration_000508_backfill
7ebb3aa5-0152-4ab4-ab4a-0613a7badeaf,202402622,2.0000,2.0000,2.0000,,2026-09-08 09:21:50.2908+07,migration_000508_backfill
7ed187f3-3c23-4a9e-a1be-5b2e0d4e535d,202507408,2.0000,2.0000,2.0000,,2026-09-08 09:21:50.2908+07,migration_000508_backfill
7f040a3f-800c-4346-9068-08d67b2d809d,202306309,0.7300,,0.8300,,2026-09-09 08:52:49.146557+07,admin
7f195a67-aece-4c2d-bc80-eebe30be3e1f,202509546,2.4500,2.0000,2.4500,,2026-09-08 09:21:50.2908+07,migration_000508_backfill
7f268f87-aa15-42c4-a868-8387ae7279f5,202411997,2.0000,2.0000,2.0000,,2026-09-08 09:21:50.2908+07,migration_000508_backfill
7f28486c-2fd5-42a9-a569-7692f6ad2b82,,,,1.8000,,2026-09-09 08:52:41.832166+07,admin
7f3efe5f-50e3-44c7-96f4-023847874dcf,202502188,3.1400,,1.8200,,2026-09-09 08:52:45.756276+07,admin
7f61660d-b0b0-452a-a851-8d54954b6eba,202104093,1.4000,,1.4000,,2026-09-09 08:53:00.150522+07,admin
7f6cd4e2-e0a9-40f1-bb00-b34359be6348,202508451,2.0000,2.0000,2.0000,,2026-09-08 09:21:50.2908+07,migration_000508_backfill
7f72c37f-1a0a-4c17-8d67-ca3e8f16ad3c,202111628,0.9000,1.0000,1.0000,,2026-09-07 14:24:16.976218+07,migration_000506_backfill
7fa0d59d-c7cc-49df-b8ad-6efefd1b93e0,202302136,1.5000,1.5000,1.5000,,2026-09-07 14:24:16.976218+07,migration_000506_backfill
7fa173df-3ff4-4fa0-842f-2ec66f0bbe7a,202605880,6.0000,6.0000,6.0000,,2026-09-08 09:21:50.2908+07,migration_000508_backfill
7fb4823f-6f62-4358-b5f1-d14ee112a0a7,202601678,4.0000,4.0000,4.0000,,2026-09-08 09:21:50.2908+07,migration_000508_backfill
7fc8826a-0031-4fb7-afaa-38a73b5a0c3d,202312596,1.0000,1.0000,1.0000,,2026-09-07 14:24:16.976218+07,migration_000506_backfill
7fdb09b3-6012-4883-9bba-020257fd4d9d,202203758,1.8000,1.6000,1.6000,,2026-09-07 14:24:16.976218+07,migration_000506_backfill
7ff32681-ca25-4cd8-bb77-9ff0bc685fb8,202507418,2.0000,2.0000,2.0000,,2026-09-08 09:21:50.2908+07,migration_000508_backfill
7ffed0a4-489e-4872-a5ca-ba4353458467,202209942,2.0000,2.0000,2.0000,,2026-09-07 14:24:16.976218+07,migration_000506_backfill
801a067c-a830-49e8-9ebc-1148fbd469d4,202308368,6.0000,6.0000,6.0000,,2026-09-08 09:21:50.2908+07,migration_000508_backfill
802f66ca-54b6-4db8-828d-33f0934480fe,202308398,3.5000,3.5000,3.5000,,2026-09-07 14:24:16.976218+07,migration_000506_backfill
80311e64-ace1-496a-8d27-c4cf43a2602c,202104367,0.9500,,1.0900,,2026-09-09 08:52:56.787836+07,admin
8037cccc-b588-4b9d-a174-61983861d57d,202209938,1.5000,1.5000,1.5000,,2026-09-07 14:24:16.976218+07,migration_000506_backfill
806667ff-a6d8-4177-a003-5ea5fa26a21d,202506308,1.5000,1.5000,1.5000,,2026-09-08 09:21:50.2908+07,migration_000508_backfill
809ecc85-1071-4589-91be-1acd061ae552,202309456,1.5000,1.5000,1.5000,,2026-09-07 14:24:16.976218+07,migration_000506_backfill
80aea4c6-0359-435e-b53a-cdb21820856f,202104311,3.1800,,1.7800,,2026-09-09 08:52:38.629978+07,admin
80c411f6-e3e4-458d-b33c-e2efd78fe79a,202409903,1.2000,,1.2000,,2026-09-08 09:21:50.2908+07,migration_000508_backfill
80ef15ab-55d4-4013-ba25-d2e5c40ef226,202407778,1.8500,2.0000,2.0000,,2026-09-07 14:24:16.976218+07,migration_000506_backfill
81226b33-a8f9-4043-8281-d58daf73d4cc,202308423,1.5000,1.5000,1.5000,,2026-09-08 09:21:50.2908+07,migration_000508_backfill
812b81f9-2643-4d58-b00a-20c509a0b05e,202104475,1.5500,1.5000,1.5000,,2026-09-09 08:52:46.621853+07,admin
8135eaa6-8ef7-4c70-bd6e-02f8d35f2d02,202512622,2.3500,2.3500,2.3500,,2026-09-08 09:21:50.2908+07,migration_000508_backfill
8137a946-1dbd-4640-96d4-a5b94259f130,202310526,3.8000,3.8000,3.8000,,2026-09-07 14:24:16.976218+07,migration_000506_backfill
813d6da7-a9d6-4e61-8453-a2177d3dd6ef,202502195,2.0000,2.0000,2.0000,,2026-09-08 09:21:50.2908+07,migration_000508_backfill
81404292-ea60-4f6a-96a0-2de5e0ff6ab6,202104075,3.1100,,3.1100,,2026-09-09 08:52:51.683303+07,admin
8148c31c-cb60-4dd5-96a5-8e77a78ad73f,202404687,3.5000,3.5000,3.5000,,2026-09-08 09:21:50.2908+07,migration_000508_backfill
8165c00a-e235-4651-aeb7-65d1d45867b7,202211036,1.7800,,1.7800,,2026-09-09 08:52:38.629978+07,admin
8176fd24-bbda-4f6d-9742-3981d694d6f0,202206870,1.9200,2.0000,2.0000,,2026-09-07 14:24:16.976218+07,migration_000506_backfill
818557e8-6faf-4bbf-814b-90d8c4cfe964,202104459,1.9000,,2.0000,,2026-09-09 08:52:45.156118+07,admin
8198dcb3-f84f-412e-8025-55e4b6c53174,202507402,3.0000,3.0000,3.0000,,2026-09-08 09:21:50.2908+07,migration_000508_backfill
819bb3e0-6005-4f51-8e64-41fec592d103,202510568,2.3200,2.4000,2.4000,,2026-09-09 08:52:53.173148+07,admin
81c65cea-196e-420e-9d47-9e5a0643e125,202312590,2.0000,2.0000,2.0000,,2026-09-07 14:24:16.976218+07,migration_000506_backfill
81c8c6e7-ad40-43f1-a13a-0a94de7f7cfa,202309435,2.0000,2.0000,2.0000,,2026-09-08 09:21:50.2908+07,migration_000508_backfill
81d4d810-e984-4cee-a023-6b825d619a94,202403657,4.5000,4.5000,4.5000,,2026-09-08 09:21:50.2908+07,migration_000508_backfill
81d75bcd-d929-4f87-9cdc-c1eb5505e5ca,202504231,2.0000,2.0000,2.0000,,2026-09-08 09:21:50.2908+07,migration_000508_backfill
81f678f0-54ab-4d3a-ad15-856325e4885a,202302163,1.5000,1.5000,1.5000,,2026-09-07 14:24:16.976218+07,migration_000506_backfill
82222883-dd3a-4cd2-a53b-f95341a11985,202604837,1.5000,1.5000,1.5000,,2026-09-08 09:21:50.2908+07,migration_000508_backfill
8227838e-63a4-4ba7-a5a2-a37e7790cf1d,202104503,1.0500,,,,2021-04-24 00:00:00+07,SINTIA
822c94c4-f202-4328-a715-f0a5f69064cd,202104246,3.4500,,3.4500,,2026-09-09 08:52:39.761615+07,admin
825b5104-d151-478c-aeb3-a2e6acfa8400,202309439,1.5000,1.5000,1.5000,,2026-09-08 09:21:50.2908+07,migration_000508_backfill
82621299-d338-4d05-8264-8120c1a2774c,202104442,1.8000,,1.8000,,2026-09-09 08:52:57.27598+07,admin
82846735-123b-43f0-900a-9c43b44cddb9,202207893,3.0000,3.0000,3.0000,,2026-09-07 14:24:16.976218+07,migration_000506_backfill
828a3839-34eb-4996-a59e-1048602f7a39,202308429,2.8500,2.8500,2.8500,,2026-09-08 09:21:50.2908+07,migration_000508_backfill
829199c6-c004-40f0-a751-0989aba6240d,202405721,1.4700,1.5000,1.5000,,2026-09-07 14:24:16.976218+07,migration_000506_backfill
82a20320-e809-4428-91f3-606448ccdb0c,202312580,1.5000,1.5000,1.5000,,2026-09-08 09:21:50.2908+07,migration_000508_backfill
82a8ae18-95c7-4965-83bd-eb75f820d390,202410949,2.1000,2.0000,2.0000,,2026-09-08 09:21:50.2908+07,migration_000508_backfill
82b8d1a9-834f-4fc3-ad5c-7724abcc3223,202508447,2.0000,2.0000,2.0000,,2026-09-08 09:21:50.2908+07,migration_000508_backfill
82d2050d-5a3f-4f63-a1ef-d39db7f5e10d,202407786,4.0000,4.0000,4.0000,,2026-09-07 14:24:16.976218+07,migration_000506_backfill
82e577d9-808d-4cee-a8e5-bf8565707b51,,,,1.7800,,2026-09-09 08:52:38.629978+07,admin
82e682ac-310a-4794-8f3f-1bd55a061cf2,202104375,1.8700,,2.4000,,2026-09-09 08:52:39.012999+07,admin
83067624-919f-4982-b175-be7cf1e04837,202511585,2.0000,2.0000,2.0000,,2026-09-08 09:21:50.2908+07,migration_000508_backfill
830e9697-4c1b-4a3d-b4a6-739e2632ac41,202104005,1.5000,,1.5000,,2026-09-09 08:52:54.733292+07,admin
83292fe8-5daf-4f4c-8199-7675b4678804,202311541,2.0000,2.0000,2.0000,,2026-09-07 14:24:16.976218+07,migration_000506_backfill
8329d685-a19a-4780-88e6-a275eb995ac2,202303188,2.0000,2.0000,2.0000,,2026-09-07 14:24:16.976218+07,migration_000506_backfill
833e303a-74e5-4a1e-8f75-1fcb31a75e58,202409864,2.0000,2.0000,2.0000,,2026-09-07 14:24:16.976218+07,migration_000506_backfill
83723142-5475-48a2-82f4-6cd653f1a6e2,202506349,2.0000,2.0000,2.0000,,2026-09-08 09:21:50.2908+07,migration_000508_backfill
83a6b50b-1556-47ac-b67a-db1b061dffc8,202404688,2.0000,2.0000,2.0000,,2026-09-08 09:21:50.2908+07,migration_000508_backfill
83bc1806-c15d-4b38-a564-4d78680abe84,202104324,2.0000,,1.2000,,2026-09-09 08:52:38.271138+07,admin
83ea0837-84de-4e8b-b712-df72f1483db5,202212065,1.5000,,1.4800,,2026-09-09 08:52:47.326616+07,admin
83f233cf-450a-4410-a075-c5e3c8d4994e,202504238,1.9600,2.0000,2.0000,,2026-09-08 09:21:50.2908+07,migration_000508_backfill
84036d0c-58dc-4332-9b96-dbb435159c2d,202408855,3.2000,3.0000,3.0000,,2026-09-08 09:21:50.2908+07,migration_000508_backfill
8409e621-7adb-4870-abca-1b90e22dd5e4,202605886,2.1600,,1.8200,,2026-09-09 08:52:58.525844+07,admin
845ca9d4-6422-451e-b47b-c8a6e1f04b99,202104479,1.4500,1.5000,1.5000,,2026-09-09 08:52:48.500661+07,admin
84627ef7-f86c-4abf-ad81-957a4a52f9f3,202310533,1.5000,,1.7500,,2026-09-08 09:21:50.2908+07,migration_000508_backfill
84a03b50-a724-4cee-a91a-cc25fc808dea,202502206,7.8000,8.0000,8.0000,,2026-09-08 09:21:50.2908+07,migration_000508_backfill
84a6e636-9b44-4f0a-8b98-e5650cdd42d4,202104414,1.9700,,1.8000,,2026-09-09 08:52:59.960628+07,admin
84ab63cb-2258-456e-a16b-c0d23a58c221,202404676,2.8000,,1.6600,,2026-09-08 09:21:50.2908+07,migration_000508_backfill
84c2ef82-21d1-4b32-9cb8-a2c74f0df84e,202604823,4.0000,4.0000,4.0000,,2026-09-08 09:21:50.2908+07,migration_000508_backfill
84d9aca9-7216-4fd7-a3c4-78425b366c77,202308420,3.5000,1.5000,1.5000,,2026-09-07 14:24:16.976218+07,migration_000506_backfill
84e56904-3bc3-4388-ab78-418744ecc479,202512634,2.0000,2.0000,2.0000,,2026-09-08 09:21:50.2908+07,migration_000508_backfill
852398ce-378d-4e91-b7b3-febbb5ebc5c2,202501166,1.9000,1.5000,1.5000,,2026-09-08 09:21:50.2908+07,migration_000508_backfill
85616b27-0f9f-4096-b1fe-f00d7837dfa3,202306312,2.0000,2.0000,2.0000,,2026-09-08 09:21:50.2908+07,migration_000508_backfill
857232a2-0157-4686-afac-8e7ef9e73099,202308381,1.5000,1.5000,1.5000,,2026-09-08 09:21:50.2908+07,migration_000508_backfill
85b23416-0eef-4a02-bb5d-6c86393644ac,202407787,4.0000,4.0000,4.0000,,2026-09-07 14:24:16.976218+07,migration_000506_backfill
85e0e2af-1f88-4b79-97bd-275b5c818d95,202409871,2.0000,2.0000,2.0000,,2026-09-07 14:24:16.976218+07,migration_000506_backfill
85e35813-090e-428b-b679-290a070734a1,202405724,3.7000,3.5000,3.5000,,2026-09-07 14:24:16.976218+07,migration_000506_backfill
85e6abeb-71de-40c5-806f-c0d26212f4ea,202404685,6.0000,6.0000,6.0000,,2026-09-08 09:21:50.2908+07,migration_000508_backfill
8613c2e0-77f2-4119-8010-347239b0d867,202111665,2.4600,,,,2025-06-21 00:00:00+07,SINTIA
862a7402-3144-4ced-b738-266217dd6422,202511592,2.0000,2.0000,2.0000,,2026-09-08 09:21:50.2908+07,migration_000508_backfill
8647e152-11e6-4543-883e-d984afe980ef,202408847,2.8500,3.0000,3.0000,,2026-09-08 09:21:50.2908+07,migration_000508_backfill
8654dcb4-ddd8-40a7-a8c6-c212ce69fee4,202401614,2.0000,2.0000,2.0000,,2026-09-08 09:21:50.2908+07,migration_000508_backfill
865965bf-b08f-4593-bb69-8fcfe62100fe,202311539,2.0000,2.0000,2.0000,,2026-09-07 14:24:16.976218+07,migration_000506_backfill
865aa174-9974-439b-a1a1-ea24d6fec9df,202212072,1.5000,1.5000,1.5000,,2026-09-07 14:24:16.976218+07,migration_000506_backfill
86743abf-e8f5-4aae-b689-b58fc4940048,202108530,3.6500,3.6500,3.6500,,2026-09-09 08:52:43.306892+07,admin
8679bae4-19f9-4c04-9819-1e709c32549c,202308379,1.5000,1.5000,1.5000,,2026-09-08 09:21:50.2908+07,migration_000508_backfill
86857162-6be0-46a9-81e0-7a7c92e7f24d,202104196,4.1500,,4.0500,,2026-09-08 09:21:50.2908+07,migration_000508_backfill
868953a5-edcf-49f7-8139-7d5d24270fda,202507393,4.0000,4.0000,4.0000,,2026-09-08 09:21:50.2908+07,migration_000508_backfill
869cb5d3-b24b-46dd-9bb2-8fbcaf79ff33,202306278,3.0000,3.0000,3.0000,,2026-09-08 09:21:50.2908+07,migration_000508_backfill
86a3a564-948b-41d5-b938-ca811ede42b4,202408859,2.6700,2.0000,2.0000,,2026-09-07 14:24:16.976218+07,migration_000506_backfill
86b248cf-af4f-49c1-8a89-8030a712dfb6,202205812,2.7500,3.1000,3.1000,,2026-09-07 14:24:16.976218+07,migration_000506_backfill
86bafb82-ebad-46f0-91a9-bce4b5705317,202407763,2.0000,2.0000,2.0000,,2026-09-08 09:21:50.2908+07,migration_000508_backfill
86d2168a-b13b-4c0e-9dde-a7c31e25c75c,202410963,2.5000,2.5000,2.5000,,2026-09-08 09:21:50.2908+07,migration_000508_backfill
86d63b2f-1c1b-4c55-9035-f28c3fc5e257,202309484,5.0000,5.0000,5.0000,,2026-09-08 09:21:50.2908+07,migration_000508_backfill
86e17814-2529-4074-930c-5afc5a64d762,202210977,1.5000,1.5000,1.5000,,2026-09-09 08:52:51.171232+07,admin
86ef22f9-1d62-4bd6-90ea-da8dd6aef313,202403661,4.5000,4.5000,4.5000,,2026-09-08 09:21:50.2908+07,migration_000508_backfill
86f785f5-794a-40e4-b61b-cfbcc476d424,202604857,1.5000,1.5000,1.5000,,2026-09-08 09:21:50.2908+07,migration_000508_backfill
870aefaa-43c2-48bb-99a7-bddeb2382460,202507427,5.3000,5.0000,5.0000,,2026-09-08 09:21:50.2908+07,migration_000508_backfill
873823c7-6241-4d08-9987-20a236ab2ba6,202309465,5.0000,5.0000,5.0000,,2026-09-07 14:24:16.976218+07,migration_000506_backfill
875db6c7-d4ea-4b3c-897d-f9fd6e041f04,202602731,2.0000,2.0000,2.0000,,2026-09-08 09:21:50.2908+07,migration_000508_backfill
87753b7b-78e3-4fd1-b2c4-e318639079f2,202507380,2.0000,2.0000,2.0000,,2026-09-08 09:21:50.2908+07,migration_000508_backfill
87a9188a-dc08-42c4-9b8d-db8a1cbef746,202604836,5.0000,5.0000,5.0000,,2026-09-08 09:21:50.2908+07,migration_000508_backfill
87adac8e-0767-47de-a7f8-a3c8bf97d58f,202408838,3.0000,3.0000,3.0000,,2026-09-08 09:21:50.2908+07,migration_000508_backfill
87b87282-e23f-4ef4-8e26-1fcc61b061e3,202304219,1.5000,1.5000,1.5000,,2026-09-07 14:24:16.976218+07,migration_000506_backfill
87bec3b5-cd28-4444-b6a8-97593b0cd1af,202510571,2.7800,3.0000,3.0000,,2026-09-07 14:24:16.976218+07,migration_000506_backfill
87c12bf8-34a9-4e43-ba7f-95966c10420d,202605875,2.0000,2.0000,2.0000,,2026-09-08 09:21:50.2908+07,migration_000508_backfill
87e26a7f-6887-4119-98be-ad61fa70029e,202509486,1.1000,1.2000,1.2000,,2026-09-07 14:24:16.976218+07,migration_000506_backfill
8804c662-6743-4795-a25c-198cd22cd282,202104347,4.3000,,4.3000,,2026-09-09 08:52:57.621087+07,admin
8805675d-4953-4aa5-b08b-b27bf2f65073,202405720,1.9300,2.0000,2.0000,,2026-09-07 14:24:16.976218+07,migration_000506_backfill
88124f90-bc6c-4719-8fd6-3862d4808a44,202110599,1.0300,1.0300,1.0300,,2026-09-07 14:24:16.976218+07,migration_000506_backfill
88160ac1-8365-4c48-a06c-7bbeb54c3e13,202512646,3.0000,3.0000,3.0000,,2026-09-08 09:21:50.2908+07,migration_000508_backfill
882c7ddd-7648-460e-a955-4313489ab482,202312601,3.1500,3.0000,3.0000,,2026-09-07 14:24:16.976218+07,migration_000506_backfill
88321057-f775-434f-a8e2-3f8365a058e5,202407803,1.0000,1.0000,1.0000,,2026-09-07 14:24:16.976218+07,migration_000506_backfill
8832e508-e540-498d-aa67-90c074f38ae9,202603763,2.0000,2.0000,2.0000,,2026-09-08 09:21:50.2908+07,migration_000508_backfill
8857a57d-0afe-4666-aa1f-2c60a2c20844,202602733,4.0000,4.0000,4.0000,,2026-09-08 09:21:50.2908+07,migration_000508_backfill
885f6291-bad1-48dd-bd3b-12c6753c5c1e,202302129,1.5000,1.5000,1.5000,,2026-09-07 14:24:16.976218+07,migration_000506_backfill
887f9f3d-777b-4d01-a3dd-d15a7c91d257,202512643,2.0000,2.0000,2.0000,,2026-09-08 09:21:50.2908+07,migration_000508_backfill
889db2ef-34ad-4449-b1c2-573ecf90f704,202409913,1.5000,,1.5000,,2026-09-08 09:21:50.2908+07,migration_000508_backfill
88a0bf88-0356-485c-88d8-c4ac4d040c14,202109573,2.1000,2.1000,2.0000,,2026-09-09 08:52:48.874121+07,admin
88bc9edf-f1a6-4bd4-914b-fa113560953d,202505240,2.1300,2.0000,2.0000,,2026-09-08 09:21:50.2908+07,migration_000508_backfill
88d547e2-4ea0-454f-bb29-1757b9dffed6,202506344,2.0000,2.0000,2.0000,,2026-09-08 09:21:50.2908+07,migration_000508_backfill
88e699ba-6ce3-486c-a038-e11d98a0903b,202604855,1.5000,1.5000,1.5000,,2026-09-08 09:21:50.2908+07,migration_000508_backfill
88f96860-6a03-4762-9597-e7c90473555a,202409909,1.0000,,1.0000,,2026-09-08 09:21:50.2908+07,migration_000508_backfill
8901f743-da8d-4037-97a4-dbbe0203380f,202505242,2.0000,2.0000,2.0000,,2026-09-07 14:24:16.976218+07,migration_000506_backfill
890c1064-8599-46fc-b761-e67e1459751b,202111650,2.0500,,2.0000,,2026-09-07 14:24:16.976218+07,migration_000506_backfill
891a8275-0452-43fb-9c5e-c19a407c0942,,,,2.7000,,2026-09-09 08:52:41.170412+07,admin
892224e6-0162-4c5f-b374-0f13719d7212,202206865,2.0000,2.0000,2.0000,,2026-09-07 14:24:16.976218+07,migration_000506_backfill
89279d5d-4029-4123-8a57-81413f62543b,202605897,3.0000,3.0000,3.0000,,2026-09-08 09:21:50.2908+07,migration_000508_backfill
897030cc-7504-4884-b12f-91529466039c,202104220,2.9500,,2.9500,,2026-09-08 09:21:50.2908+07,migration_000508_backfill
89740f79-5f5a-407f-87df-5f6f811c5069,,,,2.8500,,2026-09-09 08:52:42.2033+07,admin
8976153e-e23f-4a71-8243-9d6a2d5b647c,202404689,2.0000,2.0000,2.0000,,2026-09-08 09:21:50.2908+07,migration_000508_backfill
89b144ca-0284-4cb4-b53a-9e6075fb8138,202208920,2.0000,2.0000,2.0000,,2026-09-07 14:24:16.976218+07,migration_000506_backfill
89c3838f-165b-41cf-befc-2952f92d94a1,202306316,1.3600,1.5000,1.5000,,2026-09-08 09:21:50.2908+07,migration_000508_backfill
8a19c075-9bbb-4f29-aa1f-a25346dea784,202506331,3.5000,3.5000,3.5000,,2026-09-08 09:21:50.2908+07,migration_000508_backfill
8a36b49b-d21e-44aa-b665-1280f9d981ef,202206829,2.1000,,2.1000,,2026-09-07 14:24:16.976218+07,migration_000506_backfill
8a3d836c-07ca-4061-8832-c07b54cb772e,202111669,2.0000,,2.0000,,2026-09-09 08:52:44.993522+07,admin
8a43b5a5-f572-49d4-a9f8-9d826510b855,202211016,4.0000,4.0000,4.0000,,2026-09-08 09:21:50.2908+07,migration_000508_backfill
8a49792b-aa85-42bf-ab8d-2f3690cced92,202104117,1.5500,,1.5500,,2026-09-09 08:52:59.329966+07,admin
8a4eb966-ba84-44fb-a0dc-c1952c8a5b3c,202502176,1.4500,1.4500,1.4500,,2026-09-08 09:21:50.2908+07,migration_000508_backfill
8a72ce4b-aac6-4dc6-b938-718a743789a8,202309507,2.7000,2.7000,2.7000,,2026-09-08 09:21:50.2908+07,migration_000508_backfill
8a9c21c2-a503-42c1-af94-f8bc80b9b506,202212068,2.0000,2.0000,2.0000,,2026-09-07 14:24:16.976218+07,migration_000506_backfill
8ae3828b-9a61-46db-ba3a-d51fcd961d2c,202104290,2.7300,,2.7100,,2026-09-09 08:52:42.465788+07,admin
8b044da0-5077-4441-87e7-9aa207c33799,202512656,4.0000,4.0000,4.0000,,2026-09-08 09:21:50.2908+07,migration_000508_backfill
8b43e931-5353-4ef5-847d-dec51b7cf7a5,202104296,2.3400,,2.3400,,2026-09-09 08:52:45.358875+07,admin
8b49e49e-8f34-43b4-8d1b-241dace3ed3f,202402619,2.0000,2.0000,2.0000,,2026-09-07 14:24:16.976218+07,migration_000506_backfill
8b689b05-01c7-4520-9a19-956e74203c42,202511574,5.0000,5.0000,5.0000,,2026-09-08 09:21:50.2908+07,migration_000508_backfill
8b7774b6-2c41-4256-be83-b320b5c3db20,202201683,1.2500,1.2500,1.2500,,2026-09-09 08:52:52.46325+07,admin
8b8ee49d-4dad-41cc-8394-65e7c92fd097,202508466,2.9400,3.0000,3.0000,,2026-09-08 09:21:50.2908+07,migration_000508_backfill
8b9013d0-a08a-41b1-9d72-281d5eb97061,202501168,4.0000,4.0000,4.0000,,2026-09-08 09:21:50.2908+07,migration_000508_backfill
8b945a72-a7ce-4879-b498-958757264005,202108533,4.0000,4.0000,3.0000,,2026-09-09 08:52:48.687944+07,admin
8b9f71a5-51f3-4ba0-b0e8-718f42fee1f1,202310520,1.1200,,1.2900,,2026-09-08 09:21:50.2908+07,migration_000508_backfill
8be47b80-9850-4613-80fa-d7542fcebc0d,202506357,6.2000,6.0000,6.0000,,2026-09-08 09:21:50.2908+07,migration_000508_backfill
8c113fb6-a42d-4103-8ad3-ef3409cf1529,202606917,1.5000,1.5000,1.5000,,2026-09-08 09:21:50.2908+07,migration_000508_backfill
8c29cc7b-3002-473c-848d-5a310dc0bd20,202411017,1.5000,1.5000,1.5000,,2026-09-08 09:21:50.2908+07,migration_000508_backfill
8c5d6369-4ee7-406a-8e69-fe8e4cfd5022,202206860,0.9600,1.2000,1.2000,,2026-09-07 14:24:16.976218+07,migration_000506_backfill
8c7e539f-e9f5-4041-93c8-982ba5ec69c2,202601666,6.0000,6.0000,6.0000,,2026-09-07 14:24:16.976218+07,migration_000506_backfill
8c88cfe2-b970-4ac1-a624-c1f0b43681a9,202606909,2.0000,2.0000,2.0000,,2026-09-08 09:21:50.2908+07,migration_000508_backfill
8ca45d5d-d26a-45e6-8f77-89744ed6af02,202104431,2.1200,,1.9500,,2026-09-09 08:52:44.167563+07,admin
8ca56da2-5c8b-4a3d-a575-77a453c743d3,202104410,1.1600,,1.1600,,2026-09-09 08:53:00.637967+07,admin
8cc06845-42d7-4760-8ffd-dc98b7e88107,202206824,2.1000,,2.1000,,2026-09-07 14:24:16.976218+07,migration_000506_backfill
8cc20057-1a9a-4c07-b7c0-25597db50f2e,202510569,1.4200,,1.7500,,2026-09-08 09:21:50.2908+07,migration_000508_backfill
8cc8631d-39ef-476d-8faf-c2142e35404e,202505278,3.3000,3.0000,3.0000,,2026-09-08 09:21:50.2908+07,migration_000508_backfill
8cd6b3c8-e0af-48aa-a437-de05233b198d,202603788,2.0000,2.0000,2.0000,,2026-09-08 09:21:50.2908+07,migration_000508_backfill
8ce46e42-fdfc-495d-aa34-142e2c615c0e,202407755,1.5000,1.5000,1.5000,,2026-09-08 09:21:50.2908+07,migration_000508_backfill
8d0471ac-3bb6-4d15-83bd-355d25941d73,202407805,4.1800,3.0000,3.0000,,2026-09-07 14:24:16.976218+07,migration_000506_backfill
8d27fd9e-f78f-4f0a-922e-3707833443d0,202602736,2.0000,2.0000,2.0000,,2026-09-08 09:21:50.2908+07,migration_000508_backfill
8d74251a-7558-4ff8-bd81-bd43fa763836,202506352,2.0000,2.0000,2.0000,,2026-09-08 09:21:50.2908+07,migration_000508_backfill
8d8386ed-7987-4bef-936a-27c3b42fd0bf,202501086,1.5000,1.5000,1.5000,,2026-09-08 09:21:50.2908+07,migration_000508_backfill
8d8d3e7a-50fb-4371-9f17-db50e4b88e6b,202209948,2.7000,3.0000,3.0000,,2026-09-07 14:24:16.976218+07,migration_000506_backfill
8d987d02-1b0c-467a-a0a0-a06117fba1a8,202506338,3.5000,3.5000,3.5000,,2026-09-08 09:21:50.2908+07,migration_000508_backfill
8da22857-f033-4471-ae2d-66a2edf49a79,202312573,4.0000,4.0000,4.0000,,2026-09-07 14:24:16.976218+07,migration_000506_backfill
8db05c58-407b-407e-b01f-dc8250e5b2cc,202601697,5.0000,5.0000,5.0000,,2026-09-08 09:21:50.2908+07,migration_000508_backfill
8dbcdd84-f4de-4e24-adeb-d966f68cfa03,202408833,2.0000,2.0000,2.0000,,2026-09-08 09:21:50.2908+07,migration_000508_backfill
8df43c52-5941-451d-9b31-9baf50420d65,202401606,3.0000,3.0000,3.0000,,2026-09-08 09:21:50.2908+07,migration_000508_backfill
8e06789b-e753-49f9-9cc0-42b61c5f8cad,202506351,1.9800,2.0000,2.0000,,2026-09-08 09:21:50.2908+07,migration_000508_backfill
8e1309c1-b2fe-4011-b608-ff9779718546,202501150,5.0000,5.0000,5.0000,,2026-09-08 09:21:50.2908+07,migration_000508_backfill
8e370c6b-9b30-4d02-be6b-400501bbc466,202306287,2.0000,2.0000,2.0000,,2026-09-08 09:21:50.2908+07,migration_000508_backfill
8e48bb12-666c-4bd9-96cb-379013dd677b,202511582,3.0000,3.0000,3.0000,,2026-09-07 14:24:16.976218+07,migration_000506_backfill
8e85f325-535a-4205-af56-7063be0c22ae,202307338,1.0000,1.0000,1.0000,,2026-09-08 09:21:50.2908+07,migration_000508_backfill
8e951173-acc4-4e0f-9afb-548cceee6926,202603805,3.4000,3.4500,3.4500,,2026-09-08 09:21:50.2908+07,migration_000508_backfill
8e98bbff-816a-4e23-a16d-c58ee695df1a,202104038,1.0000,,1.1600,,2026-09-09 08:52:50.40847+07,admin
8eb42a3f-504d-48cd-9027-d1185c5a9e21,202409898,2.0000,,2.0000,,2026-09-08 09:21:50.2908+07,migration_000508_backfill
8ec3168f-d4d7-4d06-b871-6da0da03a714,202505258,5.0000,5.0000,5.0000,,2026-09-08 09:21:50.2908+07,migration_000508_backfill
8ed806f6-3e62-466e-97b4-b5afa9100501,202602718,2.0000,2.0000,2.0000,,2026-09-08 09:21:50.2908+07,migration_000508_backfill
8ed8bad9-6b1c-4f62-a501-9cd4235d198b,202211011,1.5000,1.5000,1.5000,,2026-09-08 09:21:50.2908+07,migration_000508_backfill
8edbacd2-2b7e-4666-8127-82ef0a56404d,202308402,3.2800,3.2800,3.2800,,2026-09-07 14:24:16.976218+07,migration_000506_backfill
8ee56e04-2351-49fd-8c22-c07c2bd514ac,202307345,2.5000,2.5000,2.5000,,2026-09-08 09:21:50.2908+07,migration_000508_backfill
8ee6dce0-fb68-4e93-9b02-1da323be9703,202501132,2.0000,2.0000,2.0000,,2026-09-08 09:21:50.2908+07,migration_000508_backfill
8ef2711f-1074-4866-86c2-e323b2e586b5,202204788,1.3500,1.5000,1.5000,,2026-09-07 14:24:16.976218+07,migration_000506_backfill
8ef3d77f-725b-42ef-86d9-a1d36f138d67,202104501,1.7500,1.5000,1.5000,,2026-09-09 08:52:55.407657+07,admin
8f19c3fb-feb2-4106-acd7-4dfd7eae6006,202104276,2.5200,,2.6000,,2026-09-09 08:52:38.914994+07,admin
8f496535-5249-4274-92d9-9bf867ccb81c,202209937,1.5000,1.5000,1.5000,,2026-09-07 14:24:16.976218+07,migration_000506_backfill
8f519b17-31f3-4e8f-9de6-aaab8eb59e38,202308411,4.0000,3.5000,3.5000,,2026-09-07 14:24:16.976218+07,migration_000506_backfill
8f54c77d-b93f-4f80-adee-5ea5527dfbf6,202104286,2.1200,,,,,
8f60b32f-e5df-402e-b862-0d63303a4c9d,202308427,2.5000,2.0000,2.0000,,2026-09-08 09:21:50.2908+07,migration_000508_backfill
8f6316a4-ac54-4e71-a004-024b7442a440,202208907,2.0000,2.0000,2.0000,,2026-09-07 14:24:16.976218+07,migration_000506_backfill
8f6a3237-27a0-4cc7-bc07-61d6d84bab48,202308417,2.3600,2.0000,2.0000,,2026-09-07 14:24:16.976218+07,migration_000506_backfill
8f9f66e9-e064-4a52-a2bb-7dc24eae3ae2,202208919,5.0000,5.0000,5.0000,,2026-09-07 14:24:16.976218+07,migration_000506_backfill
8fadec90-a410-4677-a081-40ebf7c010e5,202509529,2.1000,2.0000,2.0000,,2026-09-08 09:21:50.2908+07,migration_000508_backfill
8fafdb7c-f1c4-46f1-8623-f1e9afe5ed5b,202409881,2.1400,2.0000,2.0000,,2026-09-08 09:21:50.2908+07,migration_000508_backfill
8fb6b5b9-6d30-486e-83ed-f30f8944a958,202510560,3.0000,3.0000,3.0000,,2026-09-08 09:21:50.2908+07,migration_000508_backfill
8fbded2c-bbb5-4f9d-b08f-2350a703b11f,202508445,2.0000,2.0000,2.0000,,2026-09-08 09:21:50.2908+07,migration_000508_backfill
8fd7d358-3130-4b0e-9d75-6c6046fbbeaf,202302182,1.3200,,1.2500,,2026-09-07 14:24:16.976218+07,migration_000506_backfill
8fecc1a5-1a21-4e51-8e05-a13ad59573d2,202305265,1.2710,,1.0200,,2026-09-09 08:52:39.166129+07,admin
900770c6-777d-4820-b28d-f871d0dcc5ba,202406735,1.0000,1.0000,1.0000,,2026-09-07 14:24:16.976218+07,migration_000506_backfill
90152589-5a3d-493e-8046-33e90cfed4d9,,,,4.0000,,2026-09-09 08:52:40.176253+07,admin
9021fc9f-9c74-4be5-a651-df4860157d29,202604843,1.5000,1.5000,1.5000,,2026-09-08 09:21:50.2908+07,migration_000508_backfill
9042e754-e346-4ad1-8a25-fa43953858f6,202511586,3.0000,3.0000,3.0000,,2026-09-08 09:21:50.2908+07,migration_000508_backfill
9051daeb-71b4-4bfb-998b-50e5bf54a9bf,202502175,2.0000,2.0000,2.0000,,2026-09-08 09:21:50.2908+07,migration_000508_backfill
905e7fd4-000b-4d38-acaf-711f8aa73cd4,202201723,1.6200,,1.0800,,2026-09-09 08:52:46.334933+07,admin
906f5d38-1b4e-4857-9176-47fec8b04e5e,202104141,3.0500,,3.0000,,2026-09-09 08:52:44.94535+07,admin
90c73e08-e8ab-40cb-b1e5-cd7eeca7ed67,202211024,2.0000,2.0000,2.0000,,2026-09-08 09:21:50.2908+07,migration_000508_backfill
90cdad06-04a6-45f8-af2c-72640376a734,,,,3.6500,,2026-09-09 08:52:38.820461+07,admin
90d11394-8ae4-489e-afde-77e6e64f9b11,202111649,2.7100,2.6000,3.2800,,2026-09-09 08:52:39.301453+07,admin
90e7f1b9-9b3b-41c3-8318-f201f4123e20,202302178,1.5000,1.5000,1.5000,,2026-09-07 14:24:16.976218+07,migration_000506_backfill
90f1e613-5ab2-4595-ad3c-4e89f6581104,202502204,4.5000,4.0000,4.0000,,2026-09-07 14:24:16.976218+07,migration_000506_backfill
90f4f8eb-8377-4bd2-93d3-b104505950b3,202602746,2.0000,2.0000,2.0000,,2026-09-08 09:21:50.2908+07,migration_000508_backfill
9104022b-58df-4a36-81a7-f5e48c02668d,202504225,3.4000,3.0000,3.0000,,2026-09-08 09:21:50.2908+07,migration_000508_backfill
910a64b9-50cd-4c1c-9f13-fc88725f84e2,202401613,2.5000,2.5000,2.5000,,2026-09-08 09:21:50.2908+07,migration_000508_backfill
91548c02-562d-4123-abcd-920bd1be1b39,202104204,2.4000,,2.4000,,2026-09-09 08:52:44.574335+07,admin
915fe99f-875e-4533-84a2-1c2d55ef9f6f,202410977,2.0000,2.0000,2.0000,,2026-09-08 09:21:50.2908+07,migration_000508_backfill
918d0265-9d05-4d11-ac25-993988d3fbc9,202409911,1.0000,1.0000,1.0000,,2026-09-08 09:21:50.2908+07,migration_000508_backfill
91ab9c26-daa2-43c1-823b-1df86be72d72,202104111,2.6000,,2.6000,,2026-09-09 08:52:46.54248+07,admin
922d31df-0128-48a4-afb4-a5149b22f0cf,202406745,4.0000,4.0000,4.0000,,2026-09-08 09:21:50.2908+07,migration_000508_backfill
924cd42a-4f4c-4944-9349-13ed59786b78,202303209,2.0000,2.0000,2.0000,,2026-09-07 14:24:16.976218+07,migration_000506_backfill
92550eab-858e-4631-84de-47be45457aa1,202104120,3.4000,,3.4000,,2026-09-09 08:52:59.210766+07,admin
926a1fd8-048d-4e57-9c5f-46fe8ae44009,202104082,2.6200,,3.2400,,2026-09-09 08:52:42.513019+07,admin
9274deb8-c0d7-41b0-a9a3-60f8d30bcba0,202604840,4.0000,4.0000,4.0000,,2026-09-08 09:21:50.2908+07,migration_000508_backfill
927d6ee6-caf5-487b-a139-cc632a1d1a40,202511588,3.0000,3.0000,3.0000,,2026-09-08 09:21:50.2908+07,migration_000508_backfill
928b5414-190e-4c4c-b2d0-4bf794ef5925,202407800,2.0000,2.0000,2.0000,,2026-09-07 14:24:16.976218+07,migration_000506_backfill
92a86496-e7dc-448c-b96b-64a530084d39,202210970,1.8500,,1.8000,,2026-09-09 08:52:50.449376+07,admin
92c8104d-bca2-4f68-9acb-35e7c902e3e7,202110615,1.8000,1.5000,1.5000,,2026-09-07 14:24:16.976218+07,migration_000506_backfill
92d1ee6d-d96a-43a7-a235-375cc59fd182,202204767,2.5000,2.5000,2.5000,,2026-09-07 14:24:16.976218+07,migration_000506_backfill
92e761ac-5cad-4506-a1e3-72c338ef5e6d,202506335,4.0000,4.0000,4.0000,,2026-09-08 09:21:50.2908+07,migration_000508_backfill
931d7223-4fbd-429d-8f17-6ba995f78aeb,202509520,6.0000,6.0000,6.0000,,2026-09-08 09:21:50.2908+07,migration_000508_backfill
93215899-7e85-4f2a-bbc4-9e6758e73371,202206821,3.0000,,3.0000,,2026-09-07 14:24:16.976218+07,migration_000506_backfill
93371f4f-23e8-41f2-8441-c215266f2c9e,202604842,1.5000,1.5000,1.5000,,2026-09-08 09:21:50.2908+07,migration_000508_backfill
9347ce1e-79c6-41eb-bc74-697f887959f3,,,,1.0300,,2026-09-09 08:52:40.259184+07,admin
93553d2a-fb23-49ff-89ed-cf73e418860c,202407792,4.0000,4.0000,4.0000,,2026-09-07 14:24:16.976218+07,migration_000506_backfill
93702fd0-7cc0-40db-80dd-f59d130aecac,202506361,1.5000,,1.5000,,2026-09-07 14:24:16.976218+07,migration_000506_backfill
9391a626-55e0-4213-8938-de3715104f69,202409908,1.5000,1.5000,1.5000,,2026-09-08 09:21:50.2908+07,migration_000508_backfill
939e297b-2047-45dc-a5a5-7b0ca0988dca,202502173,1.4000,1.5000,1.5000,,2026-09-08 09:21:50.2908+07,migration_000508_backfill
93cdc2dc-1f37-440f-9bfd-720ecfc58fc9,202502201,2.0000,2.0000,2.0000,,2026-09-08 09:21:50.2908+07,migration_000508_backfill
93deee29-e3b5-47ce-bfb9-8c4ee8cb126a,202104030,1.9500,,2.0000,,2026-09-09 08:52:59.249888+07,admin
93ef7ecb-6ee8-487c-9f8e-81ea747e2978,202512639,2.0000,2.0000,2.0000,,2026-09-08 09:21:50.2908+07,migration_000508_backfill
9499bbbd-aa33-47e5-9e1f-4ce8674c56e6,202506369,2.5400,2.0000,2.0000,,2026-09-08 09:21:50.2908+07,migration_000508_backfill
949f218c-565b-4861-8120-feb8452a0655,202104163,2.3900,,,,2024-03-18 00:00:00+07,SINTIA
94ac018c-8741-4bbe-8d9a-89bfa3dd1ff6,202602709,2.0000,2.0000,2.0000,,2026-09-08 09:21:50.2908+07,migration_000508_backfill
94aeb948-ed37-45cf-8806-cc5863064e59,202407753,2.0000,2.0000,2.0000,,2026-09-08 09:21:50.2908+07,migration_000508_backfill
94b9de82-e5b9-47a8-8a18-42487bf0de6d,202405715,5.0900,5.0000,5.0000,,2026-09-08 09:21:50.2908+07,migration_000508_backfill
94d17c2c-83e3-4451-960a-267f01a0bdc3,202212100,2.1700,,2.3000,,2026-09-09 08:52:40.217644+07,admin
94e492aa-e801-42db-be25-3341154ee79b,202409897,3.0000,3.0000,3.0000,,2026-09-08 09:21:50.2908+07,migration_000508_backfill
94e59b6b-4422-41fd-8200-4eeb1eac06c6,202412054,3.5000,3.5000,3.5000,,2026-09-08 09:21:50.2908+07,migration_000508_backfill
952aa4dd-0929-4edb-a7de-ba523bac1ef5,202509539,2.0000,2.0000,2.0000,,2026-09-08 09:21:50.2908+07,migration_000508_backfill
95303fbd-4ffb-4ce8-a5cb-2cb64045973c,202104224,1.4800,,1.4800,,2026-09-09 08:52:40.129453+07,admin
954887d5-3482-4edd-90fc-6679803ace5f,202305245,1.0000,,1.2500,,2026-09-09 08:52:39.256287+07,admin
954a8f9c-0adb-4e7f-8245-68536ab99d84,202410947,2.3000,2.0000,2.0000,,2026-09-08 09:21:50.2908+07,migration_000508_backfill
955789de-e5c3-4499-80e5-7a0eb9c97693,202305264,1.5900,1.5000,1.5000,,2026-09-08 09:21:50.2908+07,migration_000508_backfill
955a51f6-1c0f-46ff-beb9-b1c38931b013,202509551,4.6000,6.0000,6.0000,,2026-09-08 09:21:50.2908+07,migration_000508_backfill
95adbfb7-54b5-4705-ae9e-9af4a0f0ea8a,202312582,2.5000,2.5000,2.5000,,2026-09-07 14:24:16.976218+07,migration_000506_backfill
95c09f35-5658-449a-b6c1-32a7b191abfc,202311558,2.0000,,2.0000,,2026-09-07 14:24:16.976218+07,migration_000506_backfill
95d8bc0b-5f7a-4464-8093-b33b1b24135e,202209959,2.5000,2.5000,2.5000,,2026-09-07 14:24:16.976218+07,migration_000506_backfill
95e50578-0436-417b-a3b1-8e0cf2580453,202606939,6.0000,,6.0000,,2026-09-07 14:24:16.976218+07,migration_000506_backfill
964183c8-af8e-43e4-abea-8d6f3078cd51,202204777,1.4500,1.4500,1.4500,,2026-09-07 14:24:16.976218+07,migration_000506_backfill
966f16a3-5f64-4898-97a5-ee8a230d60a9,202302131,1.5000,1.5000,1.5000,,2026-09-07 14:24:16.976218+07,migration_000506_backfill
9670414c-5dd8-4486-b0f9-202e5fbe9e23,202310512,2.0000,2.0000,2.0000,,2026-09-08 09:21:50.2908+07,migration_000508_backfill
96754757-b2a1-4496-9f44-1370fadf49ab,202602710,5.5000,5.0000,5.0000,,2026-09-08 09:21:50.2908+07,migration_000508_backfill
968277e7-2467-4269-950d-6f2b219bec85,202501154,2.0000,2.0000,2.0000,,2026-09-08 09:21:50.2908+07,migration_000508_backfill
96e2525a-6619-4bef-897f-e0532ca86f1f,202604810,6.0000,6.0000,6.0000,,2026-09-08 09:21:50.2908+07,migration_000508_backfill
96e440e5-6ca4-4661-aadb-5cb15c67d6a9,202502199,2.0000,2.0000,2.0000,,2026-09-07 14:24:16.976218+07,migration_000506_backfill
96ec2bc6-f3f5-4bd3-84f3-ee310c10db95,202310532,0.9700,1.0300,1.0300,,2026-09-07 14:24:16.976218+07,migration_000506_backfill
97190132-f009-4790-a5e1-9e377a88dbec,202601669,2.0000,2.0000,2.0000,,2026-09-08 09:21:50.2908+07,migration_000508_backfill
9722fe01-c4e6-430d-b052-d6c7e6919926,202410980,2.3400,2.0000,2.0000,,2026-09-08 09:21:50.2908+07,migration_000508_backfill
973cea18-621c-448e-b3a7-8c6ade7f7bba,202108563,3.0900,3.0000,3.0000,,2026-09-09 08:52:53.931528+07,admin
976b35bc-0076-4ba5-a21c-5d10acf5524a,202605903,4.3500,4.3500,4.3500,,2026-09-08 09:21:50.2908+07,migration_000508_backfill
979a283d-a255-4128-b805-5de73fb80022,202404675,2.5000,1.9000,1.9000,,2026-09-07 14:24:16.976218+07,migration_000506_backfill
97ae3ede-a558-434b-b8b6-f04ed80879a5,202505266,6.0000,6.0000,6.0000,,2026-09-08 09:21:50.2908+07,migration_000508_backfill
97c636ab-c2e5-44eb-95bd-04113db43e4e,202409937,2.0000,2.0000,2.0000,,2026-09-08 09:21:50.2908+07,migration_000508_backfill
97d31ec5-9a97-4447-b81b-71a0fd510f66,202211047,2.1500,2.0000,2.0000,,2026-09-07 14:24:16.976218+07,migration_000506_backfill
97e4d1df-a85c-43bb-b933-46eafe856ee9,202104034,1.2500,,1.2500,,2026-09-09 08:52:57.016678+07,admin
97f28b71-70b5-401a-98a7-b02b5dabf8ce,202308365,4.0000,4.0000,4.0000,,2026-09-08 09:21:50.2908+07,migration_000508_backfill
980f053c-ea9f-4805-87a3-8960807ed5c3,202206827,1.5000,,1.5000,,2026-09-07 14:24:16.976218+07,migration_000506_backfill
98360968-4113-4825-8d69-95e6fdcf4f71,202604867,1.5000,1.5000,1.5000,,2026-09-08 09:21:50.2908+07,migration_000508_backfill
98554447-ce8a-4696-8ad2-b0c6c5787705,202201705,1.8800,,1.5800,,2026-09-09 08:52:57.088249+07,admin
98597a66-ea41-49e8-a707-be71011577a5,202304225,1.2000,1.2000,1.2000,,2026-09-07 14:24:16.976218+07,migration_000506_backfill
9885ce82-f49e-4cd0-b9bb-140e3909ddef,202603780,6.0000,6.0000,6.0000,,2026-09-08 09:21:50.2908+07,migration_000508_backfill
9899a0d2-a12b-426c-8e39-0e9336a3892f,202603799,2.2200,,2.3000,,2026-09-09 08:52:46.098125+07,admin
98b2d0b7-d170-4639-a422-7ef5d6b0c74a,202502184,2.0000,2.0000,2.0000,,2026-09-07 14:24:16.976218+07,migration_000506_backfill
98b45275-6ade-4a75-b663-04c9f14e5aac,202606923,1.8500,2.0000,2.0000,,2026-09-08 09:21:50.2908+07,migration_000508_backfill
98b55f40-ccf8-4efe-9aba-0ef4abacc43d,202104127,2.8300,,2.8300,,2026-09-09 08:52:44.669551+07,admin
98b6254d-59c6-4ead-bb5f-34d7b1b7ae88,202104511,1.8400,2.0000,2.0000,,2026-09-09 08:52:58.013432+07,admin
98e35e66-6998-472a-ad3e-6244589e8f7e,202403645,2.0000,1.8000,1.8000,,2026-09-07 14:24:16.976218+07,migration_000506_backfill
98e3b655-d66e-46e9-aab3-cbbb89c625e5,202109588,2.4300,2.0000,2.0000,,2026-09-07 14:24:16.976218+07,migration_000506_backfill
98eccd50-16f1-4e36-98a9-41f7501454ac,202302147,5.0000,5.0000,5.0000,,2026-09-07 14:24:16.976218+07,migration_000506_backfill
98ee9058-bc6d-4546-b1ae-3f0ab32bd51f,202104202,0.6400,,1.0500,,2026-09-08 09:21:50.2908+07,migration_000508_backfill
98f43caf-a5bb-4f42-9f72-fe56275040af,202302154,1.5000,1.5000,1.5000,,2026-09-07 14:24:16.976218+07,migration_000506_backfill
98f9504f-4f55-4bba-a906-9b01ec210935,202604828,2.3000,2.0000,2.0000,,2026-09-08 09:21:50.2908+07,migration_000508_backfill
990c3f7c-997d-4230-94ac-e674ba941ec7,202409920,3.0000,3.0000,3.0000,,2026-09-08 09:21:50.2908+07,migration_000508_backfill
990dce5e-fad7-4502-9115-a6f3330186d5,202104001,1.8200,1.8200,1.5000,,2026-09-09 08:52:51.277072+07,admin
993f17d1-f279-4bd2-a990-5f1fa95fc83a,202212050,1.2500,,0.8300,,2026-09-09 08:52:49.146557+07,admin
994eaf5d-204f-4604-8a08-6f83a79617ef,202210986,3.5000,3.5000,3.5000,,2026-09-07 14:24:16.976218+07,migration_000506_backfill
99511020-1ba0-49cc-abb8-65b18f95002f,202310527,3.8000,3.8000,3.8000,,2026-09-07 14:24:16.976218+07,migration_000506_backfill
9955c2cd-df77-4da0-9710-f57248826231,202406746,2.0000,2.0000,2.0000,,2026-09-08 09:21:50.2908+07,migration_000508_backfill
9975b087-40fc-4100-8c55-2b9b007f7f82,202104043,4.6000,,4.6000,,2026-09-09 08:52:43.453403+07,admin
9975be63-8149-490b-beba-8a51f278fa4b,202502198,2.2000,2.0000,2.0000,,2026-09-07 14:24:16.976218+07,migration_000506_backfill
99770ab8-5c8f-4a39-8228-9c3633bbbac0,202104187,1.3500,,1.5000,,2026-09-08 09:21:50.2908+07,migration_000508_backfill
998a9ab8-ed87-418d-8303-74e1c9a1228d,202604812,1.9100,1.8500,1.8500,,2026-09-07 14:24:16.976218+07,migration_000506_backfill
99ab1672-9d4b-4627-910d-58c0aacd8229,202206867,2.5000,2.5000,2.5000,,2026-09-07 14:24:16.976218+07,migration_000506_backfill
99aba221-ddd8-4912-8c2d-773c92fcf00e,202502182,2.0000,2.0000,2.0000,,2026-09-07 14:24:16.976218+07,migration_000506_backfill
99ae9fee-844f-488e-8247-611e280bd31d,202511605,6.0000,6.0000,6.0000,,2026-09-08 09:21:50.2908+07,migration_000508_backfill
99b22ded-7d83-4f10-8be8-495b41462b9b,202605888,1.9100,1.8000,1.8000,,2026-09-07 14:24:16.976218+07,migration_000506_backfill
99b99cfd-92bc-42de-b428-01b041f52baf,202605898,3.0000,3.0000,3.0000,,2026-09-08 09:21:50.2908+07,migration_000508_backfill
99c6e7ca-2eb3-48bf-a428-725df2c92342,202412059,1.2300,1.0700,2.5000,,2026-09-09 08:52:52.140982+07,admin
99f5f984-3976-4f10-87d8-4765db914a70,202506299,3.2000,3.5000,3.5000,,2026-09-08 09:21:50.2908+07,migration_000508_backfill
99f70dee-6c94-4b54-8ef5-8079a30b11b0,202301122,3.0000,3.0000,3.0000,,2026-09-07 14:24:16.976218+07,migration_000506_backfill
9a13fb33-8d36-4a45-9472-b165ffd51ed3,202412056,3.5500,3.0000,3.0000,,2026-09-08 09:21:50.2908+07,migration_000508_backfill
9a29166f-6415-4dc3-90b0-f0ac76697866,202309500,1.5000,1.5000,1.5000,,2026-09-07 14:24:16.976218+07,migration_000506_backfill
9a2d70fb-b8c2-4955-b26b-3b9ea9778be3,202208927,1.8500,,1.8200,,2026-09-09 08:52:58.525844+07,admin
9a2dabe9-72ea-4718-ab5b-8fa3dc5a3859,202104209,2.5800,,2.5800,,2026-09-08 09:21:50.2908+07,migration_000508_backfill
9a558586-0c09-4bfa-9137-8cf050273ef9,202208929,2.0000,2.0000,2.0000,,2026-09-07 14:24:16.976218+07,migration_000506_backfill
9a65381c-b9c9-4da7-8e02-a306f742ba63,202104096,2.7100,,2.6000,,2026-09-08 09:21:50.2908+07,migration_000508_backfill
9ae0e2c1-1b9e-42e3-9122-b18a1d65438d,202407788,5.0000,5.0000,5.0000,,2026-09-07 14:24:16.976218+07,migration_000506_backfill
9b1b3df9-6fda-40cf-afb2-0e6316403557,202104015,3.4500,,3.4500,,2026-09-08 09:21:50.2908+07,migration_000508_backfill
9b233a6d-2bd1-4106-8b0e-8ae217552ba3,202111646,1.7500,1.7500,1.8000,,2026-09-07 14:24:16.976218+07,migration_000506_backfill
9b2eac20-4465-4951-bd37-b4ed99b4604c,202206837,2.0000,2.0000,2.0000,,2026-09-07 14:24:16.976218+07,migration_000506_backfill
9b6b3967-5399-4c5f-8cc9-7f0383e9035d,202307348,2.6200,,3.6500,,2026-09-09 08:52:38.820461+07,admin
9b8a0a18-928b-4b6c-9b46-c9c1bdd9c36e,202110595,2.1400,2.0000,2.0000,,2026-09-07 14:24:16.976218+07,migration_000506_backfill
9b9243a2-ca2c-42e0-8b06-b0c4cd26a65e,202406730,3.2000,3.0000,3.0000,,2026-09-07 14:24:16.976218+07,migration_000506_backfill
9ba2231a-0502-4073-ac50-0c3f2f4c63c7,202509547,2.2800,2.0000,2.2800,,2026-09-08 09:21:50.2908+07,migration_000508_backfill
9ba9f880-e2f6-4558-92b2-71da26210746,202208910,3.5500,3.5500,,,,
9be761b6-3618-4d83-9db7-291ada6f9197,202309440,2.0000,2.0000,2.0000,,2026-09-08 09:21:50.2908+07,migration_000508_backfill
9bf26b76-c088-4eb7-a8f8-fcf84f01717e,202308387,1.2000,1.2000,1.2000,,2026-09-08 09:21:50.2908+07,migration_000508_backfill
9c012f0d-fab7-43e9-be3b-c21f723687ac,202206861,1.5000,1.5000,1.5000,,2026-09-07 14:24:16.976218+07,migration_000506_backfill
9c11a462-5b92-4f6a-a78e-0f6c082f1733,202110591,2.0000,2.0000,2.0000,,2026-09-07 14:24:16.976218+07,migration_000506_backfill
9c12528f-2c27-4fa7-a027-c54b66a76792,202601705,5.0000,5.0000,5.0000,,2026-09-08 09:21:50.2908+07,migration_000508_backfill
9c127c98-4b2c-4483-88c6-6be0e0c973e8,202104109,2.6200,,2.5800,,2026-09-09 08:52:52.100157+07,admin
9c2aabef-01ed-4653-8295-65007979d9f7,202104040,1.2000,,1.2000,,2026-09-09 08:52:44.623773+07,admin
9c2e2d72-f75e-4da6-a321-1d85afa62ea5,202110598,1.4800,1.5500,1.5500,,2026-09-07 14:24:16.976218+07,migration_000506_backfill
9c46b6b8-a58f-4806-96dc-855f655058a7,202210987,3.5000,3.5000,3.5000,,2026-09-07 14:24:16.976218+07,migration_000506_backfill
9c54d78f-b570-4e42-8587-7edb3407a1cd,202104482,1.2500,1.0000,1.0000,,2026-09-09 08:52:48.837311+07,admin
9c550d9e-880c-450b-a911-8813afff0ca2,202410966,2.0000,2.0000,2.0000,,2026-09-08 09:21:50.2908+07,migration_000508_backfill
9ca613d7-bc5e-4695-baba-72bf2296e511,202111636,2.0500,2.0000,2.0000,,2026-09-07 14:24:16.976218+07,migration_000506_backfill
9cb646a0-f44c-4f3d-a402-7d523ae8f16c,202501095,1.5000,1.5000,1.5000,,2026-09-08 09:21:50.2908+07,migration_000508_backfill
9ce03b90-4a9b-4dd1-bcbf-4b41389e544c,202104247,1.7400,,1.7900,,2026-09-09 08:52:42.559741+07,admin
9d537824-c902-4b11-984b-22ab1510d405,202409918,1.0000,1.0000,1.0000,,2026-09-08 09:21:50.2908+07,migration_000508_backfill
9d5ab0e0-7c90-4be6-90db-2466c12cf12c,202302181,1.5000,1.5000,1.5000,,2026-09-07 14:24:16.976218+07,migration_000506_backfill
9d66817e-d3a9-4279-b8ce-6468bc67ab99,202508434,1.5000,1.5000,1.5000,,2026-09-07 14:24:16.976218+07,migration_000506_backfill
9d6a2c8f-e262-43d0-8b91-9f2fa0b1c2f4,202509519,2.0000,2.0000,2.0000,,2026-09-08 09:21:50.2908+07,migration_000508_backfill
9d828d2e-d284-4507-b6b9-fab73978d49a,202511611,2.0000,2.0000,2.0000,,2026-09-08 09:21:50.2908+07,migration_000508_backfill
9da9bc8e-c2b7-4ce1-805c-568f27a6dc75,202506328,2.0000,2.0000,2.0000,,2026-09-08 09:21:50.2908+07,migration_000508_backfill
9df6c23e-69c7-40cd-bbe6-358b70d5a797,202512647,3.0000,3.0000,3.0000,,2026-09-08 09:21:50.2908+07,migration_000508_backfill
9e18ce88-ce66-4345-9bd8-bf5908b74dca,202505276,4.0000,5.0000,5.0000,,2026-09-08 09:21:50.2908+07,migration_000508_backfill
9e27dac5-c285-4fde-8545-01146e78a3a9,202303216,4.0000,4.0000,4.0000,,2026-09-07 14:24:16.976218+07,migration_000506_backfill
9e2ce65b-b1a6-40b7-92df-1846403ac1c6,202305243,1.3800,,1.2000,,2026-09-09 08:52:38.271138+07,admin
9e32338c-71bd-4873-a2c7-93d2b7a9a4e8,202104234,1.5000,,1.5000,,2026-09-09 08:53:00.110518+07,admin
9e60780c-10e5-4a9c-a474-4cd454c1ab21,202111654,1.6000,1.5000,1.5000,,2026-09-07 14:24:16.976218+07,migration_000506_backfill
9e7e4e45-844b-4d1b-b9ab-95a229ec6813,202509489,2.0000,2.0000,2.0000,,2026-09-08 09:21:50.2908+07,migration_000508_backfill
9e8b04ff-2c72-4ca0-9530-29d6ee019397,202506304,2.2500,2.5000,2.5000,,2026-09-08 09:21:50.2908+07,migration_000508_backfill
9e9e7c6c-cd4d-4463-bcea-72429a7e084a,202111631,2.6000,2.6000,2.6000,,2026-09-09 08:52:49.612458+07,admin
9ec0e753-f497-40bb-a673-663e7f9271ad,202112676,1.9500,2.0000,2.1700,,2026-09-07 14:24:16.976218+07,migration_000506_backfill
9f36b36c-d5d0-4495-943e-f05670a89bed,202212071,1.6500,1.5000,1.5000,,2026-09-07 14:24:16.976218+07,migration_000506_backfill
9f5236d9-22a3-4be6-ae9e-1265b9fe7d95,202211027,2.0000,2.0000,2.0000,,2026-09-08 09:21:50.2908+07,migration_000508_backfill
9f6648b7-7e46-44d4-9a7a-00729f16707f,202512655,4.0000,4.0000,4.0000,,2026-09-08 09:21:50.2908+07,migration_000508_backfill
9f675c1f-a058-4b6c-b6c0-b476286effc3,202507372,2.3000,2.0000,2.0000,,2026-09-08 09:21:50.2908+07,migration_000508_backfill
9f83fed5-b468-4322-a4db-6ce2b040541c,202408854,2.2000,2.0000,2.0000,,2026-09-07 14:24:16.976218+07,migration_000506_backfill
9f8671d5-2338-43c0-9d4b-bbe8b656f3ca,202604858,1.5000,1.5000,1.5000,,2026-09-08 09:21:50.2908+07,migration_000508_backfill
9fa6f2ca-a061-472c-93a3-5005dc31d0ea,202511601,3.1000,3.1000,3.1000,,2026-09-07 14:24:16.976218+07,migration_000506_backfill
9fcdddc4-9574-46f0-84be-324181bbd3d3,202312583,2.0000,2.0000,2.0000,,2026-09-07 14:24:16.976218+07,migration_000506_backfill
9feb46cd-2856-461e-8461-2a5ee69ca4c9,202211030,1.5000,2.0000,1.5000,,2026-09-08 09:21:50.2908+07,migration_000508_backfill
a02a1d6c-cf92-4368-bcfb-952236074e51,202510566,2.5000,2.5000,2.5000,,2026-09-08 09:21:50.2908+07,migration_000508_backfill
a080f840-536b-43d9-b9fe-94d37a42bd8b,202312603,7.0000,7.0000,7.0000,,2026-09-07 14:24:16.976218+07,migration_000506_backfill
a0a64cdf-0609-4339-9ac8-acf37a4db140,202104071,2.6000,,2.6000,,2026-09-09 08:52:39.810994+07,admin
a0ab51b2-6b53-4d05-b891-0d95a2b36eb4,202307337,1.5000,1.5000,1.5000,,2026-09-08 09:21:50.2908+07,migration_000508_backfill
a0c15660-6126-4fd8-a8cf-3b5e9317b68b,202403647,4.8000,4.0000,4.0000,,2026-09-08 09:21:50.2908+07,migration_000508_backfill
a0e03af5-9ad5-4ed2-ad96-c59574189bd6,202306303,1.5000,1.5000,1.5000,,2026-09-07 14:24:16.976218+07,migration_000506_backfill
a1405352-b746-49d7-80e7-5b5784cab728,202602757,2.0000,2.0000,2.0000,,2026-09-08 09:21:50.2908+07,migration_000508_backfill
a146e4c2-5141-436d-a4d3-6714249e27ff,202104277,1.9700,,,,2025-11-18 00:00:00+07,1437
a1a369ff-3c1e-4345-a25a-206379e05b6d,202209943,1.5000,1.5000,1.5000,,2026-09-07 14:24:16.976218+07,migration_000506_backfill
a1afcdd3-cab2-47b4-bd60-92cf2cb1309e,202306269,1.6000,,1.6000,,2026-09-09 08:52:42.41049+07,admin
a1cb708b-904e-403f-92aa-8e9db2f722ed,202506307,2.0000,2.0000,2.0000,,2026-09-08 09:21:50.2908+07,migration_000508_backfill
a1f33d03-ea39-4e00-8f2d-8f24ab84a114,202104403,1.7800,,1.7200,,2026-09-09 08:52:56.245589+07,admin
a1f4f56f-0962-43de-b268-c5616e78b2c3,202411039,1.2000,1.2000,1.2000,,2026-09-07 14:24:16.976218+07,migration_000506_backfill
a21d33fa-eb1f-460f-8f18-b915eeff9e5b,202602726,2.2000,2.2000,2.2000,,2026-09-08 09:21:50.2908+07,migration_000508_backfill
a2464e99-94bc-4d01-b386-30488bd76e18,202310509,2.0000,2.0000,2.0000,,2026-09-08 09:21:50.2908+07,migration_000508_backfill
a297771c-0896-4cde-8ac3-9d288a80fd13,202303198,1.5000,1.5000,1.5000,,2026-09-07 14:24:16.976218+07,migration_000506_backfill
a2ad6cc2-dd9d-45ed-a371-fe97557977da,202212099,1.5100,,1.7800,,2026-09-09 08:52:38.629978+07,admin
a2d8cac6-5b05-46f4-b58b-5612369ba847,202204803,1.6000,2.0000,2.0000,,2026-09-07 14:24:16.976218+07,migration_000506_backfill
a2e6b65f-0d4b-42a9-96ce-2ae936ff7626,202512620,3.0000,3.0000,3.0000,,2026-09-08 09:21:50.2908+07,migration_000508_backfill
a2f5cb93-196e-4852-b485-0e8696488a70,202104216,2.5200,,1.6600,,2026-09-08 09:21:50.2908+07,migration_000508_backfill
a300074c-8d02-4019-a02e-fcea3dbc3cd3,202301108,3.5700,,3.5700,,2026-09-08 09:21:50.2908+07,migration_000508_backfill
a3059759-c14d-4e03-816b-eae02a6ad2fb,202606916,2.0000,2.0000,2.0000,,2026-09-08 09:21:50.2908+07,migration_000508_backfill
a3232870-8157-47cf-9078-3ea5066b08ea,202601695,2.3700,2.3000,2.3000,,2026-09-08 09:21:50.2908+07,migration_000508_backfill
a371c522-df39-4d92-ae68-f3a2a90d6f0d,202206831,2.5000,,2.5000,,2026-09-07 14:24:16.976218+07,migration_000506_backfill
a37428e3-6704-4e5c-965f-5157580c707a,,,,2.7500,,2026-09-09 08:52:42.283659+07,admin
a379abea-abd7-4156-ab6c-d10025e3282a,202505291,3.3000,3.0000,3.0000,,2026-09-08 09:21:50.2908+07,migration_000508_backfill
a3810c43-8c4d-4f23-b616-341d187098f1,202202749,1.8400,,1.8400,,2026-09-09 08:52:45.193902+07,admin
a38d2439-96cd-4cc9-86e3-3c859fee78ad,202211008,1.5200,,1.3600,,2026-09-09 08:52:47.569224+07,admin
a3c88fd2-06c2-47bb-9311-61945bc45f35,202104134,1.4800,,1.5300,,2026-09-09 08:52:55.603631+07,admin
a3f30ac9-84e5-4ef4-bfe1-eff142b7a863,202203764,5.0000,5.0000,5.0000,,2026-09-07 14:24:16.976218+07,migration_000506_backfill
a4046896-6aaa-4a87-a538-4344ea3e7df6,202104217,1.6600,,1.6600,,2026-09-08 09:21:50.2908+07,migration_000508_backfill
a4088c4e-2648-46f7-8a72-fa3f84790cc3,202204793,2.0000,2.0000,2.0000,,2026-09-07 14:24:16.976218+07,migration_000506_backfill
a4234dac-e5f3-45e8-91b0-b9309cded38b,202507404,2.0000,2.0000,2.0000,,2026-09-08 09:21:50.2908+07,migration_000508_backfill
a4238364-6edb-4ba0-8a1d-d11eeb4ef2d5,202104429,1.4000,,1.3500,,2026-09-09 08:52:43.667572+07,admin
a42d2562-d673-491d-8f70-06dec52d22bc,202104337,2.8000,,2.8000,,2026-09-09 08:52:38.484761+07,admin
a43e3e1c-ce62-4cd4-8e2f-99f95ebdb7b4,202311549,1.5000,1.5000,1.5000,,2026-09-08 09:21:50.2908+07,migration_000508_backfill
a45c7631-0594-4bc0-b3f2-6ea6ff526621,202605874,2.0000,2.0000,2.0000,,2026-09-08 09:21:50.2908+07,migration_000508_backfill
a4646e3b-4ba3-4221-8f72-8b5eeacca027,202501083,1.0000,1.0000,1.0000,,2026-09-08 09:21:50.2908+07,migration_000508_backfill
a48bd2e3-3921-4e62-9090-b97e1c0fa25f,202104219,1.5000,,1.5700,,2026-09-09 08:52:54.136879+07,admin
a49d4791-36b8-4215-9eb2-6b9080ed85c4,202510556,2.0000,2.0000,2.0000,,2026-09-08 09:21:50.2908+07,migration_000508_backfill
a4a915cc-a498-4792-8038-6ae937aae77e,,,,1.1300,,2026-09-09 08:52:39.502033+07,admin
a4ab9675-77c5-4a41-8611-834ab925bcd3,202309474,1.5000,1.5000,1.5000,,2026-09-07 14:24:16.976218+07,migration_000506_backfill
a4b65f90-3d1b-4b65-bf85-593aede49b40,202206863,1.5000,1.5000,1.5000,,2026-09-07 14:24:16.976218+07,migration_000506_backfill
a4e4f926-815a-4d77-9eff-d062496ba9ff,202303211,3.5000,3.5000,3.5000,,2026-09-07 14:24:16.976218+07,migration_000506_backfill
a4ec094e-c9af-43fb-bfda-29a6efcbf483,202504223,1.7000,2.0000,2.0000,,2026-09-08 09:21:50.2908+07,migration_000508_backfill
a4fb22ea-e052-477c-9624-11c5152b3877,202601701,1.5500,2.0000,2.0000,,2026-09-08 09:21:50.2908+07,migration_000508_backfill
a5063e26-3391-4bff-b11c-fbc83522b50b,202410942,1.6300,,1.0200,,2026-09-09 08:52:39.166129+07,admin
a51ea834-90b3-42a2-8d3a-178540d16f58,202409900,3.0000,3.0000,3.0000,,2026-09-08 09:21:50.2908+07,migration_000508_backfill
a5345edc-149a-4a76-95e9-307f01dd559c,202104137,2.0000,,2.0000,,2026-09-09 08:52:40.298895+07,admin
a5478e10-1221-4c03-adf1-bdb53733f38f,,,,1.3000,,2026-09-09 08:52:41.998313+07,admin
a56dfd0c-0074-40a5-b8c4-fad57f068334,202208931,3.5700,,3.5700,,2026-09-08 09:21:50.2908+07,migration_000508_backfill
a5b141e3-b1a2-4908-bc57-4d254a78e0b2,202211037,3.5700,,3.5700,,2026-09-08 09:21:50.2908+07,migration_000508_backfill
a5b5eb79-3afe-4da0-8ce2-4e24199343d3,202310523,5.5000,5.5000,5.5000,,2026-09-07 14:24:16.976218+07,migration_000506_backfill
a5ce4a89-7c34-49e3-bb61-f677cf02df3a,202405698,1.2300,1.5000,1.5000,,2026-09-07 14:24:16.976218+07,migration_000506_backfill
a5ffd1f0-cdd2-4c6c-8b40-32e0c0c1c69f,202302169,1.5000,1.5000,1.5000,,2026-09-07 14:24:16.976218+07,migration_000506_backfill
a633f1a2-e637-4a7f-882f-f84b574edec3,202104423,3.0000,,3.0000,,2026-09-09 08:52:47.908204+07,admin
a6445725-d7d0-4ac9-93c9-2ae781ccd1be,202506334,3.0000,3.0000,3.0000,,2026-09-08 09:21:50.2908+07,migration_000508_backfill
a644fe0e-c54b-436d-a4b8-f292a7c4afb9,202104098,2.4000,,2.9700,,2026-09-09 08:52:54.219835+07,admin
a64d5cf6-2267-49d6-8c63-3b7a3e7997c4,202409921,3.0000,3.0000,3.0000,,2026-09-08 09:21:50.2908+07,migration_000508_backfill
a6789ee5-bc0a-4435-b092-1ee1c24b53d5,202403652,2.6000,2.0000,2.0000,,2026-09-08 09:21:50.2908+07,migration_000508_backfill
a67a053e-1707-4b88-a6f8-2dddb133526c,202306273,6.0000,6.0000,6.0000,,2026-09-08 09:21:50.2908+07,migration_000508_backfill
a67f80a8-8705-47f6-801f-2748d18cb21c,202511607,4.0000,,,,2026-05-15 00:00:00+07,SINTIA
a683db3e-4aef-44f0-9ba1-c0f4dca8a149,202309490,1.5800,1.5000,1.5000,,2026-09-07 14:24:16.976218+07,migration_000506_backfill
a690eabf-ae18-4f72-b07b-ce402fc163ad,202505286,4.0000,4.0000,4.0000,,2026-09-08 09:21:50.2908+07,migration_000508_backfill
a6bd56a3-e9d4-4986-97a3-b89b120f1e3c,202409930,2.3300,2.0000,2.0000,,2026-09-08 09:21:50.2908+07,migration_000508_backfill
a6cade09-319f-41ff-a499-c87bc0387085,202512645,2.0000,2.0000,2.0000,,2026-09-08 09:21:50.2908+07,migration_000508_backfill
a6e82f5b-d513-41a1-9c07-29e53c21726e,202206840,2.3000,2.0000,2.0000,,2026-09-07 14:24:16.976218+07,migration_000506_backfill
a710fbd1-1673-4adf-bd0f-e9e3ca0353d7,202204790,2.0000,2.0000,2.0000,,2026-09-07 14:24:16.976218+07,migration_000506_backfill
a7133cd4-5335-40c0-9e6b-5e9e35981fd3,202104310,1.1000,,1.7800,,2026-09-09 08:52:38.629978+07,admin
a71972bb-9fd2-4ba6-a746-e53a85812ba7,202208900,1.5000,1.5000,1.5000,,2026-09-07 14:24:16.976218+07,migration_000506_backfill
a71fa059-484d-4465-a5fa-3e908a13badf,202201699,1.9800,,1.9800,,2026-09-09 08:52:41.128875+07,admin
a72c23fc-5804-471f-af5e-afa4d683e66b,202309492,0.9000,1.0000,1.0000,,2026-09-08 09:21:50.2908+07,migration_000508_backfill
a735cdf4-b389-4147-aa58-fe2ff6235054,202211041,2.0000,2.0000,2.0000,,2026-09-07 14:24:16.976218+07,migration_000506_backfill
a73f5394-f43f-4340-92d5-c8dac9ef08b6,202604827,2.0000,2.0000,2.0000,,2026-09-08 09:21:50.2908+07,migration_000508_backfill
a78bab3c-13ea-4323-bea3-dede2393a766,,,,,,,
a78dc7d0-591c-490c-8887-93a9247c7403,202405701,1.5000,1.5000,1.5000,,2026-09-08 09:21:50.2908+07,migration_000508_backfill
a7b1a5aa-3998-4899-9e22-afebd19421a8,202411015,1.5500,1.8000,1.8000,,2026-09-07 14:24:16.976218+07,migration_000506_backfill
a7db6fbe-42d5-46fc-9fba-5c9e699f39c0,202503208,3.1600,3.0000,3.0000,,2026-09-07 14:24:16.976218+07,migration_000506_backfill
a81772ad-abce-4025-9fd5-d4d28b8358f1,202201687,1.2300,1.1300,1.2500,,2026-09-09 08:52:52.46325+07,admin
a83553da-9eec-4201-b6ab-d3fde9152d18,202104437,1.4600,,1.4600,,2026-09-09 08:52:56.59842+07,admin
a86cdedb-d2aa-4f2b-a0dd-159bb337212b,202410965,3.0000,3.0000,3.0000,,2026-09-08 09:21:50.2908+07,migration_000508_backfill
a8791e69-f35c-465d-9a8d-45da2133e999,202308392,6.0000,6.0000,6.0000,,2026-09-08 09:21:50.2908+07,migration_000508_backfill
a8983260-3dbc-4c82-9d73-658f2a665192,202503215,6.0000,6.0000,6.0000,,2026-09-07 14:24:16.976218+07,migration_000506_backfill
a8c3f184-178e-4143-bf61-28ce1e6a061c,202512628,5.0000,5.0000,5.0000,,2026-09-08 09:21:50.2908+07,migration_000508_backfill
a8e48398-ab58-4b3f-9206-1feee630b65c,202602728,2.0000,2.0000,2.0000,,2026-09-08 09:21:50.2908+07,migration_000508_backfill
a8f8fff7-ad10-4a8b-88a5-e72cde489111,202210997,1.4400,1.5000,1.5000,,2026-09-07 14:24:16.976218+07,migration_000506_backfill
a902b937-75b1-4766-87d8-c56dbf6e1da7,202604817,4.0000,4.0000,4.0000,,2026-09-08 09:21:50.2908+07,migration_000508_backfill
a9042991-3597-4a8c-a70a-3ef22d9f4063,202605873,3.4000,4.0000,4.0000,,2026-09-08 09:21:50.2908+07,migration_000508_backfill
a90dedb2-c7f7-4d16-8c0a-6dbb31577a85,202602708,3.0000,3.0000,3.0000,,2026-09-08 09:21:50.2908+07,migration_000508_backfill
a912883d-cb4c-42c6-bda9-afe2f9b8e204,202412067,2.0000,2.0000,2.0000,,2026-09-08 09:21:50.2908+07,migration_000508_backfill
a91486da-f8ba-4898-b0aa-571b37126504,202211003,1.5800,1.5000,1.5000,,2026-09-07 14:24:16.976218+07,migration_000506_backfill
a925f62b-b9f8-4c81-a44d-816693c046e7,202104077,1.8900,,1.8900,,2026-09-09 08:52:49.742835+07,admin
a933fa33-3f73-44a2-a8ab-c6a29bb26e1d,202307333,2.0000,2.0000,2.0000,,2026-09-08 09:21:50.2908+07,migration_000508_backfill
a934e640-937e-41d5-8ded-778a9fd06644,202411018,3.0000,3.0000,3.0000,,2026-09-07 14:24:16.976218+07,migration_000506_backfill
a938174f-d062-4cf0-879c-a9ffb6deab2f,202104515,4.0700,4.0000,4.0000,,2026-09-09 08:52:59.81904+07,admin
a95e4ee3-38c1-4b71-b59f-e388c44c81d7,202602738,2.0000,2.0000,2.0000,,2026-09-08 09:21:50.2908+07,migration_000508_backfill
a9632403-c801-46a0-b5df-e752d6ab4e0c,202306314,2.0000,2.0000,2.0000,,2026-09-08 09:21:50.2908+07,migration_000508_backfill
a9704afc-609e-4827-99a1-773e09f1fc4a,202602715,5.0000,5.0000,5.0000,,2026-09-08 09:21:50.2908+07,migration_000508_backfill
a971723e-b072-424e-a63a-97f726dc4971,202407758,2.0000,2.0000,2.0000,,2026-09-08 09:21:50.2908+07,migration_000508_backfill
a9724bde-0c43-4c00-89f1-5a740b306ce5,202606932,2.0000,2.0000,2.0000,,2026-09-08 09:21:50.2908+07,migration_000508_backfill
a988537b-362b-4d68-82f3-5da4fb5a4742,202405719,1.1100,1.5000,1.5000,,2026-09-07 14:24:16.976218+07,migration_000506_backfill
a98fb37c-6dcc-4324-aeb5-6dbd9e715ffd,202104520,1.3400,,1.5000,,2026-09-07 14:24:16.976218+07,migration_000506_backfill
a9a93efd-6e2c-4b86-93ee-8bb964399cdb,202104355,0.7000,,0.6000,,2026-09-09 08:52:48.312939+07,admin
a9adcba4-61e3-46a6-9880-a4c73a101bfc,202207888,2.0000,2.0000,2.0000,,2026-09-07 14:24:16.976218+07,migration_000506_backfill
a9cea5dc-12e9-48bf-9a2d-c039351f4bb7,202303215,2.0000,2.0000,2.0000,,2026-09-07 14:24:16.976218+07,migration_000506_backfill
a9cfa089-e2df-4a00-8ab6-48ed7a5572f4,202501088,2.0000,2.0000,2.0000,,2026-09-08 09:21:50.2908+07,migration_000508_backfill
aa09e9e2-d159-437a-b082-5cd4c995166c,202111663,1.4500,1.5000,1.5000,,2026-09-07 14:24:16.976218+07,migration_000506_backfill
aa1584e6-0fcb-4924-8487-1e1d57b26ebc,202403666,5.0000,5.0000,5.0000,,2026-09-08 09:21:50.2908+07,migration_000508_backfill
aa29674d-62e7-4269-806e-cc39d7445ca7,202104048,3.7300,,3.7300,,2026-09-08 09:21:50.2908+07,migration_000508_backfill
aa3456af-40ff-40f6-b73d-7278ed6b5ad8,202407809,4.1800,4.0000,4.0000,,2026-09-07 14:24:16.976218+07,migration_000506_backfill
aa45325e-a9b4-4349-ba1a-2cc15eb1556c,202212070,2.5000,2.5000,2.5000,,2026-09-07 14:24:16.976218+07,migration_000506_backfill
aa5502b6-3ef9-4f9a-8e30-23374de9c8fd,202104500,2.9900,,,,2023-10-18 00:00:00+07,1437
aab5dc96-445e-473b-8d8f-6b7a1ae65de0,202104027,1.2500,,1.6000,,2026-09-08 09:21:50.2908+07,migration_000508_backfill
aabe32f6-2059-4822-94e2-3d2d55c9eb4c,202104014,1.6500,,1.6500,,2026-09-09 08:52:47.69192+07,admin
aabed3a3-cda6-41f3-b0f0-6068b65a58d7,202208930,2.4000,2.0000,2.0000,,2026-09-07 14:24:16.976218+07,migration_000506_backfill
aade4ebc-468a-497d-aa83-514278a73f8f,202401607,2.1000,2.1000,2.0000,,2026-09-07 14:24:16.976218+07,migration_000506_backfill
aaf11f0f-ca12-4458-b618-567d808d05cd,202206855,2.5000,,2.5000,,2026-09-07 14:24:16.976218+07,migration_000506_backfill
ab072072-6a0e-4772-8ed9-6792976c5cb9,202104108,2.0500,,2.0500,,2026-09-09 08:52:55.684061+07,admin
ab098e85-4fcd-4503-89a8-dd102ef17837,202506336,1.5000,1.5000,1.5000,,2026-09-08 09:21:50.2908+07,migration_000508_backfill
ab2c4418-d043-4659-b801-c99985a01bc3,202201715,1.4300,1.3600,1.3600,,2026-09-09 08:52:47.517449+07,admin
ab4005e6-db7f-40af-8379-aaf36e676f79,202203753,3.0000,3.0000,3.0000,,2026-09-07 14:24:16.976218+07,migration_000506_backfill
ab412d3e-4b9d-4365-8bd5-2cd01407be15,202104345,4.1000,,,,2021-04-21 00:00:00+07,SINTIA
ab422c8e-3bc1-41a4-995f-84daeece9c5a,202512662,1.9000,,1.3200,,2026-09-09 08:52:54.928666+07,admin
ab64f440-c97e-4d13-945b-7bc6e595ad41,202405716,1.8800,2.0000,2.0000,,2026-09-07 14:24:16.976218+07,migration_000506_backfill
ab73af92-366e-4fab-902a-45b9caeecf3c,202504224,3.0000,3.0000,3.0000,,2026-09-08 09:21:50.2908+07,migration_000508_backfill
ab8ab792-e1d9-427f-8445-17d302520daf,202602732,3.0000,3.0000,3.0000,,2026-09-08 09:21:50.2908+07,migration_000508_backfill
aba6a87e-1c25-4038-930a-11dd4f7316bf,202410950,2.5400,2.0000,2.0000,,2026-09-08 09:21:50.2908+07,migration_000508_backfill
abd65166-f12e-4532-82d1-45922719dff5,202606931,2.0000,2.0000,2.0000,,2026-09-08 09:21:50.2908+07,migration_000508_backfill
abd715fd-8788-40b6-9fc5-c9d6fb6d0e34,202306308,1.5500,1.5000,1.5000,,2026-09-08 09:21:50.2908+07,migration_000508_backfill
abec2ccd-2024-49d1-ac79-4eab3c2e8a6c,202307351,1.5000,1.5000,1.5000,,2026-09-08 09:21:50.2908+07,migration_000508_backfill
abf88f7d-d6bb-459e-be9e-db964f93909c,202511590,2.0000,2.0000,2.0000,,2026-09-08 09:21:50.2908+07,migration_000508_backfill
ac25a7d5-b107-44b0-af2c-fe9d8a760f39,202310534,5.6500,6.0000,6.0000,,2026-09-08 09:21:50.2908+07,migration_000508_backfill
ac3591a2-77e9-469e-97e8-4980b1c83f45,202104270,1.4400,,1.4400,,2026-09-09 08:52:57.46864+07,admin
ac4018b4-223a-4b28-bdc6-58e9cbc63053,202508468,2.0000,2.0000,2.0000,,2026-09-08 09:21:50.2908+07,migration_000508_backfill
ac57daa5-030f-4ae9-8347-c1a02e3d9782,202606915,2.0000,2.0000,2.0000,,2026-09-08 09:21:50.2908+07,migration_000508_backfill
ac658383-6aa4-4667-80a1-3ca1d71eb384,202108532,1.5400,1.5400,1.6000,,2026-09-09 08:53:00.458177+07,admin
ac7e4b6c-36c7-404f-8f2a-f6cd67310c93,202302171,1.5000,1.5000,1.5000,,2026-09-07 14:24:16.976218+07,migration_000506_backfill
ac97c9a2-9a33-46a1-9b9f-d27773fa19ea,202104149,1.2000,,1.2000,,2026-09-09 08:52:55.157895+07,admin
aca55a07-116b-4fd0-a1d6-317cf1dd1aef,202104320,3.0000,,3.4500,,2026-09-09 08:53:01.17533+07,admin
acdaaee1-b5c2-4e48-b423-980fd8742395,202310515,8.0000,8.0000,8.0000,,2026-09-08 09:21:50.2908+07,migration_000508_backfill
acf60e09-b1e6-42e4-994f-240571a40dd3,202203750,1.3500,1.3500,1.3500,,2026-09-07 14:24:16.976218+07,migration_000506_backfill
ad0b20de-1657-4ec6-b64f-5e5a2e6cb44a,202406744,2.0000,,2.0000,,2026-09-08 09:21:50.2908+07,migration_000508_backfill
ad30ae6b-b405-4277-aa30-6c23ef6265f3,202104514,3.1000,3.5000,3.5000,,2026-09-09 08:52:59.132956+07,admin
ad462421-63ab-42b2-b324-aaa3546927e1,202104370,0.6800,,0.6500,,2026-09-09 08:52:57.770735+07,admin
ad5b5020-ff14-4b40-9911-d2f10151ed29,202511608,6.0000,6.0000,6.0000,,2026-09-08 09:21:50.2908+07,migration_000508_backfill
ad6b5a6b-a6dd-48f3-950d-1db5f3894b15,202307331,1.5000,1.5000,1.5000,,2026-09-08 09:21:50.2908+07,migration_000508_backfill
ad8cf912-bfb1-440f-b7b6-755caed6f257,202501090,1.5000,1.5000,1.5000,,2026-09-08 09:21:50.2908+07,migration_000508_backfill
adb00234-3e20-4bf7-8e82-8c629a95be77,202601679,3.0000,3.0000,3.0000,,2026-09-08 09:21:50.2908+07,migration_000508_backfill
add60be1-cfb1-42ba-a749-b66970af12c3,202104252,2.0000,,2.0000,,2026-09-09 08:52:47.732036+07,admin
ae0060f0-785b-4327-9de4-16702378fce1,202310524,5.5000,5.5000,5.5000,,2026-09-07 14:24:16.976218+07,migration_000506_backfill
ae34554e-dc26-423c-835d-b11fc92bbf6f,202104233,1.2000,,1.2000,,2026-09-09 08:52:43.112899+07,admin
ae3619f6-b3f9-4dbb-93ac-f3b75309e1c5,202504226,2.1600,2.0000,2.0000,,2026-09-08 09:21:50.2908+07,migration_000508_backfill
ae52ee76-e643-4acc-a1d2-20d22f196c83,202307354,3.0000,3.0000,3.0000,,2026-09-08 09:21:50.2908+07,migration_000508_backfill
ae61252f-ca70-44a6-a1e0-caacc226f889,,,,1.8000,,2026-09-09 08:52:41.589758+07,admin
ae643713-2f62-48ba-87b5-328f3cf5bef1,202409873,11.0000,,,,2025-12-09 00:00:00+07,SINTIA
ae71ea1c-ae26-414b-8d2a-6cffd2ec69ce,202601690,2.0000,2.0000,2.0000,,2026-09-08 09:21:50.2908+07,migration_000508_backfill
ae7a7c6f-22b3-40a7-b727-300f06552de9,202308391,1.5000,1.5000,1.5000,,2026-09-08 09:21:50.2908+07,migration_000508_backfill
ae9afc34-406e-4727-a496-28a368e5a762,202408841,2.7500,3.0000,3.0000,,2026-09-07 14:24:16.976218+07,migration_000506_backfill
aece636a-4d0a-43ba-8ede-5ffb1aec5781,202605882,6.0000,6.0000,6.0000,,2026-09-08 09:21:50.2908+07,migration_000508_backfill
aee0ab5c-ccdc-4e8e-9afa-be8123f8cc3c,202312599,2.1200,1.5000,1.5000,,2026-09-09 08:52:52.222754+07,admin
aef29dc3-84a8-4fd4-84d9-e61fb2a21d59,202303200,2.2000,2.2000,2.2000,,2026-09-07 14:24:16.976218+07,migration_000506_backfill
af074dde-de19-47c5-8841-c040f1b72c2a,202411030,1.0000,1.0000,1.0000,,2026-09-08 09:21:50.2908+07,migration_000508_backfill
af1baee9-8c94-4a72-ac5c-ce68ca3fad57,202501097,1.7200,1.5000,1.5000,,2026-09-08 09:21:50.2908+07,migration_000508_backfill
af311088-ba61-4d20-9426-a8455d1e1b3a,202208913,2.0000,2.0000,2.0000,,2026-09-07 14:24:16.976218+07,migration_000506_backfill
af7e17b9-ae9c-4412-9357-f51e0e0d3612,202507399,2.0000,2.0000,2.0000,,2026-09-08 09:21:50.2908+07,migration_000508_backfill
afb57579-358e-413b-b23c-7f483d8f3720,202302162,1.5000,1.5000,1.5000,,2026-09-07 14:24:16.976218+07,migration_000506_backfill
b007fbb4-d5e8-4311-a10e-747684870d81,202205811,1.5000,1.5000,1.5000,,2026-09-07 14:24:16.976218+07,migration_000506_backfill
b00995e1-5c98-4126-ae00-0c70aca2e82f,202306318,1.5000,,1.5000,,2026-09-07 14:24:16.976218+07,migration_000506_backfill
b010b22f-6c74-4fb7-90cf-f637e527f143,202305256,1.1000,,2.5400,,2026-09-09 08:52:58.782794+07,admin
b02633d8-803d-449d-acee-25032c5cb21d,202409886,1.0000,,1.0000,,2026-09-08 09:21:50.2908+07,migration_000508_backfill
b030256b-f515-4c17-9e2e-9a73b479118b,202407773,1.5000,1.5000,1.5000,,2026-09-08 09:21:50.2908+07,migration_000508_backfill
b0524fa6-6da7-473f-a2c8-0a2d92a3ffd2,202509493,2.0000,2.0000,2.0000,,2026-09-08 09:21:50.2908+07,migration_000508_backfill
b0566987-29f2-4bc5-9069-cd43c40e73e3,202104368,1.8900,,1.5000,,2026-09-09 08:52:53.416045+07,admin
b0c22651-a14b-42a5-b3f1-52b1a798a202,202604821,4.0000,4.0000,4.0000,,2026-09-08 09:21:50.2908+07,migration_000508_backfill
b0ca0792-b3f2-4e26-b958-521b95a45fa8,,,,,,,
b0d2c4ae-52f6-40bc-aa31-3018bdbb1d62,202309459,1.5000,1.5000,1.5000,,2026-09-07 14:24:16.976218+07,migration_000506_backfill
b0e6084f-1424-4493-a947-3d3e47d22c0d,202104275,1.1800,,1.1800,,2026-09-09 08:52:48.573009+07,admin
b0e815cf-01fd-4f26-a039-7bbb81d0d19a,202104264,2.1000,,2.1000,,2026-09-09 08:52:56.939142+07,admin
b102e348-f888-4484-99d5-4f5ab4e61031,202104312,1.3000,,1.7800,,2026-09-09 08:52:38.629978+07,admin
b1114306-fdda-4dea-a0bf-c3bbd8bb489c,202506326,3.5000,3.5000,3.5000,,2026-09-08 09:21:50.2908+07,migration_000508_backfill
b11dfe6f-4630-47f2-a5fe-692875dfdab0,202104195,3.1500,,3.1500,,2026-09-08 09:21:50.2908+07,migration_000508_backfill
b11fbe7e-65b4-4d6b-8078-ebef24578b95,202311545,3.0600,,2.3400,,2026-09-09 08:52:45.358875+07,admin
b14bbeb1-7b84-485c-8674-69177fd6a665,202104130,4.0000,,4.3000,,2026-09-08 09:21:50.2908+07,migration_000508_backfill
b153dbfd-71c5-42d7-87fd-09d268b1b139,202205813,3.1000,,3.1000,,2026-09-08 09:21:50.2908+07,migration_000508_backfill
b16fc99d-0de8-4575-919d-26a1e364c8aa,202301114,1.6000,1.8000,1.8000,,2026-09-09 08:52:53.136026+07,admin
b1773b75-0e36-4790-91b2-6ec3425b0edc,202104032,1.2200,,1.3800,,2026-09-09 08:52:50.052543+07,admin
b17db927-8387-4183-b9b9-560e1f378f27,202104159,2.3500,,2.3500,,2026-09-09 08:52:42.651807+07,admin
b1873731-5ec3-4352-97dd-aef8f91c13a5,202606930,2.0000,2.0000,2.0000,,2026-09-08 09:21:50.2908+07,migration_000508_backfill
b1d43e62-203f-458c-8cbd-a30a715badf2,202501089,2.0000,2.0000,2.0000,,2026-09-08 09:21:50.2908+07,migration_000508_backfill
b1eba22f-fe77-46e5-a31e-497c4d7446d4,202306274,1.5000,1.5000,1.5000,,2026-09-08 09:21:50.2908+07,migration_000508_backfill
b1f99352-4a66-4cbd-a49d-76d28d395d9f,202409928,5.0000,5.0000,5.0000,,2026-09-08 09:21:50.2908+07,migration_000508_backfill
b20bef99-2a71-4cf5-9f5e-79196597248f,202407799,2.0000,2.0000,2.0000,,2026-09-07 14:24:16.976218+07,migration_000506_backfill
b20f3b97-31c9-44d5-afd6-11342af5c821,202507384,3.0000,3.0000,3.0000,,2026-09-08 09:21:50.2908+07,migration_000508_backfill
b21be113-6bf5-45c3-8fa5-fff04334a968,202110614,1.5000,1.5000,1.5000,,2026-09-07 14:24:16.976218+07,migration_000506_backfill
b241fc8b-ea2f-4a9a-9dd8-fdf1970698e5,202104172,3.8700,,2.6500,,2026-09-09 08:52:44.128641+07,admin
b2492a04-e60b-4706-bcb8-b14fcf5cf57f,202503212,4.0000,4.0000,4.0000,,2026-09-07 14:24:16.976218+07,migration_000506_backfill
b2566206-7f58-4464-90ca-12875dd4f1ea,202512636,5.0000,5.0000,5.0000,,2026-09-08 09:21:50.2908+07,migration_000508_backfill
b2580f01-c6de-45b1-b35f-3e443d11d4ac,202408842,4.2500,4.0000,4.0000,,2026-09-07 14:24:16.976218+07,migration_000506_backfill
b25e9967-d8e1-4500-b559-ecb51398c3f6,202603797,4.0000,4.0000,4.0000,,2026-09-08 09:21:50.2908+07,migration_000508_backfill
b265c9a1-7db6-41d8-9723-69376f3e5788,202512637,2.0000,2.0000,2.0000,,2026-09-08 09:21:50.2908+07,migration_000508_backfill
b26e2db8-ed92-4436-af7f-2a1dde19e498,,,,,,,
b2875d84-31bd-4e00-8f6b-5599c95a8300,202405691,4.3000,3.6500,3.6700,,2026-09-09 08:52:57.695528+07,admin
b288033c-5fc2-4840-b50c-00ba7f70c3ba,202601665,1.8400,2.0000,1.8400,,2026-09-08 09:21:50.2908+07,migration_000508_backfill
b29825b3-4190-415d-9d5c-30754ca036b5,202501106,3.0800,3.0000,3.0000,,2026-09-08 09:21:50.2908+07,migration_000508_backfill
b29ff342-473b-4368-9200-f713b727c536,202209956,1.5000,1.5000,1.5000,,2026-09-07 14:24:16.976218+07,migration_000506_backfill
b2ac3438-ef3d-46e6-88be-e17afa5422f8,202212055,1.1600,,1.0900,,2026-09-09 08:52:58.636032+07,admin
b2b781cb-39c6-492c-aa10-a23821e0d8b8,202403649,2.0000,2.0000,2.0000,,2026-09-08 09:21:50.2908+07,migration_000508_backfill
b2c0cdab-3d75-4807-8bcb-daa5b764a3e1,202201716,1.6200,1.6000,1.6000,,2026-09-09 08:52:56.170277+07,admin
b2c634d8-1fb4-4939-b251-09b942bb4726,202309442,2.0000,2.0000,2.0000,,2026-09-08 09:21:50.2908+07,migration_000508_backfill
b2c858e8-d82f-487e-b811-0e6382e21252,202505253,1.5000,1.5000,1.5000,,2026-09-08 09:21:50.2908+07,migration_000508_backfill
b2cc9f82-dd01-4ee6-9218-dcc33c816525,202104460,3.9600,,,,2026-06-25 00:00:00+07,1437
b321eb01-c2d5-4194-8fb5-e2ed0503292e,202111634,4.0000,4.0000,4.0000,,2026-09-07 14:24:16.976218+07,migration_000506_backfill
b349eeb6-b51c-4999-98cd-38a87c3b23b8,,,,1.2500,,2026-09-09 08:52:39.256287+07,admin
b34d5870-e292-4d7a-afd6-86d5a91d6a77,202501135,2.0000,2.0000,2.0000,,2026-09-08 09:21:50.2908+07,migration_000508_backfill
b352cbdf-0670-4c7d-ba24-590682097649,202403663,5.0000,5.0000,5.0000,,2026-09-08 09:21:50.2908+07,migration_000508_backfill
b35a0c51-0ee7-4b22-8046-ddda56eaec80,202503214,5.0000,5.0000,5.0000,,2026-09-07 14:24:16.976218+07,migration_000506_backfill
b35ad330-724f-4d29-960f-62ceac030ac0,202104411,1.2500,,1.2500,,2026-09-09 08:52:53.767659+07,admin
b369740b-a629-4e9f-b32e-7af2251c92b0,202512650,2.0000,2.0000,2.0000,,2026-09-08 09:21:50.2908+07,migration_000508_backfill
b378095e-28ed-48a1-9d0e-e14bee81b63a,202605899,4.0000,4.0000,4.0000,,2026-09-08 09:21:50.2908+07,migration_000508_backfill
b39c7d4f-cb92-4cc0-8eef-1de56fffaf8b,202602707,3.3000,3.0000,3.0000,,2026-09-08 09:21:50.2908+07,migration_000508_backfill
b3a5280b-a153-4083-bc6c-4ece7118f384,202104325,1.9000,,1.9000,,2026-09-09 08:52:39.455321+07,admin
b3af5c9f-6243-4829-bd4c-df5bf4a07847,202310530,1.7300,,1.5000,,2026-09-09 08:52:53.416045+07,admin
b3c3d1fc-d0e8-4a5f-bc35-b26006d7a9b5,202308415,2.3000,2.0000,2.0000,,2026-09-07 14:24:16.976218+07,migration_000506_backfill
b3d0df97-c6fc-460c-8ad7-2fa472d02f23,202111647,1.5000,1.5000,1.5000,,2026-09-07 14:24:16.976218+07,migration_000506_backfill
b3f1255b-a2ed-4d0b-a784-3f2225e141cc,202501103,4.0000,4.0000,4.0000,,2026-09-08 09:21:50.2908+07,migration_000508_backfill
b43ab857-fc82-4805-b0be-1649a34f148b,202206823,2.1000,,2.1000,,2026-09-07 14:24:16.976218+07,migration_000506_backfill
b46e68c2-eea9-469d-8ba9-fb8df1d2807a,202506367,5.0000,5.0000,5.0000,,2026-09-09 08:52:48.275656+07,admin
b481139b-44e3-4344-ad50-a3f98b8721e3,202104392,3.5800,,3.5800,,2026-09-09 08:52:49.108854+07,admin
b4b4b874-eeb9-45f5-b512-90020fced65a,202210974,1.5000,1.5000,1.5000,,2026-09-09 08:52:51.171232+07,admin
b4c27bba-e923-4470-a1a6-4e248405d712,202303199,3.2000,3.0000,3.0000,,2026-09-07 14:24:16.976218+07,migration_000506_backfill
b4c75281-3afb-4f66-88a4-1fda708ee373,202104104,2.0000,,2.0000,,2026-09-09 08:52:42.947997+07,admin
b4ecb638-c8b9-4ec6-b039-a8b113c74f35,202211018,2.5000,2.5000,2.5000,,2026-09-08 09:21:50.2908+07,migration_000508_backfill
b5029b91-d4ed-4300-a872-548cac4ae8e5,202406742,1.5000,,,,2024-06-20 00:00:00+07,SINTIA
b5043fcd-74e8-4ac4-b0ee-dfdd033f08d1,202212056,0.6200,,0.6000,,2026-09-09 08:52:48.312939+07,admin
b50de847-c8ad-485c-b07f-3115be381bbc,202212086,1.7500,2.0000,2.0000,,2026-09-07 14:24:16.976218+07,migration_000506_backfill
b512c61a-3827-4a92-b6a5-c5e1977a463f,,,,3.2000,,2026-09-09 08:52:41.337004+07,admin
b55f9fd0-f0b5-48c0-95f3-3cf8a031f69a,202104308,1.2800,,1.7800,,2026-09-09 08:52:38.629978+07,admin
b565450e-b674-4322-a21f-027a170d5e42,202505255,4.2000,5.0000,5.0000,,2026-09-08 09:21:50.2908+07,migration_000508_backfill
b5ca9376-12e9-4f08-90a3-d22cf4bf256e,202412076,1.5000,1.5000,1.5000,,2026-09-08 09:21:50.2908+07,migration_000508_backfill
b5deaad2-fb38-431d-b5c0-fe74e07b544b,202104334,1.2200,,1.2500,,2026-09-09 08:52:39.256287+07,admin
b60101cf-ec1e-49bd-b0e8-dfcb81403a6e,202406732,3.3000,3.0000,3.0000,,2026-09-07 14:24:16.976218+07,migration_000506_backfill
b60f100b-3784-492a-ad99-e411835a63f6,202603769,3.0000,3.0000,3.0000,,2026-09-08 09:21:50.2908+07,migration_000508_backfill
b63e5a3c-1666-4464-a5e1-a0c330cdbfbc,202104230,3.7500,,3.7500,,2026-09-09 08:52:53.887127+07,admin
b650912a-c4a8-4f6d-89d1-b11d64cd8ba0,202601685,4.0000,4.0000,4.0000,,2026-09-08 09:21:50.2908+07,migration_000508_backfill
b68be027-9488-4aec-9182-ca8a0b7fa88f,202104481,2.2500,,2.0000,,2026-09-09 08:52:48.79883+07,admin
b6b7b385-777f-4e59-a44a-415ca8b5cf38,202406737,1.6000,1.5000,1.5000,,2026-09-08 09:21:50.2908+07,migration_000508_backfill
b6d1c6a0-6c53-4d25-9c15-04aabce9c247,202305252,3.7000,,,,2024-11-22 00:00:00+07,SINTIA
b700451d-678b-44db-91a0-9e23d20159ce,202104025,2.1800,,2.4200,,2026-09-09 08:52:56.636647+07,admin
b74a4fbc-a53b-4534-87c0-25406a7d8a49,202507373,2.1000,2.0000,2.0000,,2026-09-08 09:21:50.2908+07,migration_000508_backfill
b74db978-793a-4c74-ac0b-49aef4d6ed28,202110624,2.1000,2.0000,2.0000,,2026-09-07 14:24:16.976218+07,migration_000506_backfill
b7515a21-0775-40b0-8aba-596a38efd292,202204768,2.1000,2.1000,2.1000,,2026-09-07 14:24:16.976218+07,migration_000506_backfill
b757cc3b-3c6d-41e6-a47e-36c4f3250c89,202411024,3.0000,3.0000,3.0000,,2026-09-08 09:21:50.2908+07,migration_000508_backfill
b75ebd60-9c99-40af-bbaa-2bbd12645a12,202407781,1.0500,1.0000,1.0000,,2026-09-07 14:24:16.976218+07,migration_000506_backfill
b75fc479-2c6e-4b7c-a259-5388a68c002d,202409905,1.5000,,1.5000,,2026-09-08 09:21:50.2908+07,migration_000508_backfill
b79d7e6f-13c5-4445-b8a3-ff45b51fde6b,202512614,7.0000,,7.0000,,2026-09-08 09:21:50.2908+07,migration_000508_backfill
b7a88625-261f-4dbe-bd1c-b6177a4a5676,202202746,3.5700,,3.5700,,2026-09-08 09:21:50.2908+07,migration_000508_backfill
b7ba3430-b103-4794-8931-da86f5ee11d1,202111667,3.0000,3.0000,3.0000,,2026-09-07 14:24:16.976218+07,migration_000506_backfill
b7c032cd-a2fb-4225-875e-4e70934ed14a,202512630,6.0000,6.0000,6.0000,,2026-09-08 09:21:50.2908+07,migration_000508_backfill
b8412613-03b0-4e2f-ae1e-5938c8fb858f,202302152,1.7000,1.5000,1.5000,,2026-09-07 14:24:16.976218+07,migration_000506_backfill
b8466494-f8df-4cdd-8feb-ffcf44bced9b,,,,1.0000,,2026-09-09 08:52:42.325906+07,admin
b8498aa0-b364-4918-8d63-647122af6421,202307327,1.8000,1.8000,1.8000,,2026-09-08 09:21:50.2908+07,migration_000508_backfill
b8573a55-2c55-4d15-89f0-65026f457f88,202602722,2.0000,2.0000,2.0000,,2026-09-07 14:24:16.976218+07,migration_000506_backfill
b8a0d866-41b1-406a-bda0-3ae6997dfc1f,202306306,1.6000,1.5000,1.5000,,2026-09-08 09:21:50.2908+07,migration_000508_backfill
b8c43b08-06a8-4ec0-8fa2-531084e006f2,202104147,1.5000,,1.8000,,2026-09-09 08:52:41.832166+07,admin
b8d1f33e-ba25-48cb-8db4-97444a8285f2,202411020,2.9700,,,,2024-11-13 00:00:00+07,SINTIA
b919142d-e31e-4e3c-b2c9-4d697d9beab1,202408852,4.5000,4.0000,4.0000,,2026-09-07 14:24:16.976218+07,migration_000506_backfill
b94ce581-c2cf-4467-b0e7-81562a3caab5,202406743,5.0000,5.0000,5.0000,,2026-09-08 09:21:50.2908+07,migration_000508_backfill
b961f4fd-de69-4afe-a80c-a59f154f39a7,202310516,3.4500,3.1500,3.1500,,2026-09-07 14:24:16.976218+07,migration_000506_backfill
b972fe63-ac90-4c08-83bd-108ca9539e72,202603793,2.0000,2.0000,2.0000,,2026-09-08 09:21:50.2908+07,migration_000508_backfill
b999907c-8c13-421f-9dce-0186b4c04273,202410943,1.6500,1.5000,1.5000,,2026-09-08 09:21:50.2908+07,migration_000508_backfill
b9a3c77d-7c36-4933-9dd7-30ec1ad9ebeb,202212083,1.5000,1.5000,1.5000,,2026-09-07 14:24:16.976218+07,migration_000506_backfill
b9af26fd-5eda-4133-ac73-2c8563ff3617,202410961,3.0000,3.0000,3.0000,,2026-09-08 09:21:50.2908+07,migration_000508_backfill
b9d6a1bc-9068-4cf3-be61-5b400b1c7551,202509484,2.1000,2.0000,2.0000,,2026-09-07 14:24:16.976218+07,migration_000506_backfill
b9e2bacb-63cf-4165-9215-9f6f7660d955,,,,2.0000,,2026-09-09 08:52:40.298895+07,admin
b9e409f9-bfcd-404d-aa9f-5084b7c1f406,202606937,1.5000,1.5000,1.5000,,2026-09-08 09:21:50.2908+07,migration_000508_backfill
b9ebda90-33e2-4a58-8253-9f7b88d8956d,202504229,2.0000,2.0000,2.0000,,2026-09-08 09:21:50.2908+07,migration_000508_backfill
b9ec4cfa-9606-4b9b-baa1-3d1cd24baba0,202510557,3.0000,3.0000,3.0000,,2026-09-08 09:21:50.2908+07,migration_000508_backfill
ba30f0c6-8c22-4346-ad8f-e54f304b27ed,202305253,0.7700,,0.7700,,2026-09-09 08:52:43.832711+07,admin
ba35cacf-6866-43af-9bf8-330ed169b6a9,202104229,3.7000,,3.7500,,2026-09-09 08:52:53.887127+07,admin
ba3bd258-df5a-4650-a013-9bb4e43ff900,202409925,1.0000,1.0000,1.0000,,2026-09-08 09:21:50.2908+07,migration_000508_backfill
ba4f21fd-1be5-4fcb-9cf2-12d2b6c2aa66,202506348,4.0000,4.0000,4.0000,,2026-09-08 09:21:50.2908+07,migration_000508_backfill
ba54a93f-ad52-4884-aee0-426fa4898b7a,202502180,2.0000,2.0000,2.0000,,2026-09-07 14:24:16.976218+07,migration_000506_backfill
ba701d19-1bb2-4c00-896a-c82cb5043050,202603789,2.0000,2.0000,2.0000,,2026-09-08 09:21:50.2908+07,migration_000508_backfill
ba7c9d64-9b36-4338-9887-a85edd140780,202104420,1.7200,,1.8000,,2026-09-09 08:52:51.436048+07,admin
baaae8bf-0578-47f9-85cf-c56bb1425e83,202306298,11.2000,,,,2023-06-14 00:00:00+07,SINTIA
babb5790-3c96-495c-9722-85ffe142c8b6,202506319,3.9700,4.0000,4.0000,,2026-09-08 09:21:50.2908+07,migration_000508_backfill
baf905ac-98e0-4ebd-a799-6de884560fb6,202401617,2.0000,2.0000,2.0000,,2026-09-08 09:21:50.2908+07,migration_000508_backfill
bb056e09-d6c8-4af7-b2f9-91106225a143,202209932,6.1000,2.0000,6.0000,,2026-09-07 14:24:16.976218+07,migration_000506_backfill
bb390dad-70de-4d28-9027-ec5fb4639ec3,202509507,3.0000,3.0000,3.0000,,2026-09-08 09:21:50.2908+07,migration_000508_backfill
bb71cdb9-a34e-4e38-aed7-11943dfd0bbf,202509548,3.2500,,1.8000,,2026-09-09 08:52:52.621646+07,admin
bb73c102-1387-4760-87f1-e966a24eac9a,202410989,1.0000,1.0000,1.0000,,2026-09-08 09:21:50.2908+07,migration_000508_backfill
bb97b2d1-b6b2-44a9-9c80-76cf55ec6ae2,202302183,1.5000,1.5000,1.5000,,2026-09-07 14:24:16.976218+07,migration_000506_backfill
bb9caa29-c50f-4211-a1aa-09597f028ae9,202606934,2.0000,2.0000,2.0000,,2026-09-08 09:21:50.2908+07,migration_000508_backfill
bbaf94f8-c1cc-40ec-b5a0-e66cba6612da,,,,2.1600,,2026-09-09 08:52:41.872207+07,admin
bbe7265b-26bb-4665-914b-3e0440040444,,,,2.6000,,2026-09-09 08:52:41.294405+07,admin
bc055681-4fd9-4e8e-b44d-1a7bc19647fb,202306290,1.5000,1.5000,1.5000,,2026-09-08 09:21:50.2908+07,migration_000508_backfill
bc11692f-6536-4422-b343-ede526c6d5d8,,,,1.0000,,2026-09-09 08:52:40.464394+07,admin
bc1d3a37-262e-4953-851a-77a9a9db0fdd,,,,1.1000,,2026-09-09 08:52:40.835237+07,admin
bc3f2da4-1ff6-4ec0-8fcc-9cc860f2af18,202104476,1.7500,,1.5000,,2026-09-09 08:52:46.81389+07,admin
bc43061b-8027-4809-be2f-010b54471dba,202510572,1.4400,,2.0000,,2026-09-09 08:52:59.249888+07,admin
bc44bfe9-ad1d-4845-840d-5d3ba56f6c80,202307325,1.8000,2.0000,2.0000,,2026-09-08 09:21:50.2908+07,migration_000508_backfill
bc68a376-ea54-4516-b993-ccf48c180947,202407819,3.5000,3.5000,3.5000,,2026-09-08 09:21:50.2908+07,migration_000508_backfill
bc6ec74b-c8ee-4689-a04b-43ff9f11314d,202403662,5.0000,5.0000,5.0000,,2026-09-08 09:21:50.2908+07,migration_000508_backfill
bc7e3b14-e49b-4880-8915-808881e6f106,202309503,3.1000,,3.0000,,2026-09-09 08:52:47.092048+07,admin
bcba598b-0696-409e-9bbe-4a09f199a455,202210975,1.5000,1.5000,1.5000,,2026-09-09 08:52:58.11077+07,admin
bcbff021-26ff-4d4b-9675-7438a41fa369,202411008,4.0000,4.0000,4.0000,,2026-09-08 09:21:50.2908+07,migration_000508_backfill
bcc6e25f-f4a1-42a7-816f-741f63198f1d,202212094,4.0000,3.1500,3.1500,,2026-09-07 14:24:16.976218+07,migration_000506_backfill
bce2945b-c1b9-4c41-a645-b486851cb36e,202104158,1.8200,,2.3500,,2026-09-09 08:52:42.651807+07,admin
bcf5f637-e6da-47f8-8a8c-f3be851b1bb3,,,,0.8500,,2026-09-09 08:52:38.683226+07,admin
bd146f3f-6886-40de-b41c-b0e2384a468d,202407806,3.0000,3.0000,3.0000,,2026-09-09 08:52:56.324175+07,admin
bd1b2df2-baf5-4da5-beff-0379da9234d6,202602742,2.6200,2.5000,2.5000,,2026-09-08 09:21:50.2908+07,migration_000508_backfill
bd26a90f-750c-466c-910b-a208091a34c9,202505252,2.8200,3.0000,3.0000,,2026-09-08 09:21:50.2908+07,migration_000508_backfill
bd3e4f64-6a13-4c8c-b8e2-7acf090d2378,202508464,2.0500,2.0000,2.0000,,2026-09-08 09:21:50.2908+07,migration_000508_backfill
bd3e593e-9401-4bb5-ad51-e85a78276d23,202309483,4.4000,4.0000,4.0000,,2026-09-08 09:21:50.2908+07,migration_000508_backfill
bd5449ec-7d66-49e4-ae57-49f302f36888,202306320,3.0000,,3.0000,,2026-09-07 14:24:16.976218+07,migration_000506_backfill
bd5a0f59-640a-480d-b7e9-c21e303e844b,202512649,5.5000,5.5000,5.5000,,2026-09-08 09:21:50.2908+07,migration_000508_backfill
bd751455-f3e1-4571-a082-b745b0284d29,202506366,2.7000,2.0000,2.0000,,2026-09-08 09:21:50.2908+07,migration_000508_backfill
bdaa75a2-c553-405f-bcc0-d73ef48a344f,202601694,1.7700,,1.8000,,2026-09-09 08:52:57.736245+07,admin
bdb6a4d4-d330-42fa-9bc1-b998be120820,202603779,6.0000,6.0000,6.0000,,2026-09-08 09:21:50.2908+07,migration_000508_backfill
be13c75f-aebd-47f3-8c51-a625cf8cda98,202512653,2.0000,2.0000,2.0000,,2026-09-08 09:21:50.2908+07,migration_000508_backfill
be21a918-7e11-46a0-b7ca-76f1411da411,202603773,2.0000,2.0000,2.0000,,2026-09-08 09:21:50.2908+07,migration_000508_backfill
be314a75-a8b1-45a5-98db-4dca140f7c36,202104156,1.1500,,1.1500,,2026-09-09 08:52:45.401623+07,admin
be348e07-a384-4b5e-8c63-f72d832cc5c3,202506309,1.6200,2.5000,1.5000,,2026-09-08 09:21:50.2908+07,migration_000508_backfill
be53fe4d-caa1-45f7-b984-fb7a7985574b,202309482,3.0000,3.0000,3.0000,,2026-09-08 09:21:50.2908+07,migration_000508_backfill
be7295a5-ac81-4287-9c81-b9e9e29fd3da,202304226,2.0000,2.0000,2.0000,,2026-09-07 14:24:16.976218+07,migration_000506_backfill
be7a42d2-fa71-470a-83ae-44a204519df6,202501139,2.0000,2.0000,2.0000,,2026-09-08 09:21:50.2908+07,migration_000508_backfill
be963fcb-b7c6-43fd-a9ba-0570156541c1,202210971,1.3900,,1.4800,,2026-09-09 08:52:43.349757+07,admin
bec93eb3-6d3b-4b7d-960c-6bb1da76b1d7,202104144,1.3300,,1.3300,,2026-09-09 08:52:58.892266+07,admin
beccfa11-3b6f-4007-a3cc-22830669c084,202506329,6.0000,6.0000,6.0000,,2026-09-08 09:21:50.2908+07,migration_000508_backfill
beceaf3b-0df4-4940-b2fd-a36d1c04ea25,202606911,2.0000,2.0000,2.0000,,2026-09-08 09:21:50.2908+07,migration_000508_backfill
beecbe33-3b17-4c10-983a-e1e0129b5a7a,202501136,2.0000,2.0000,2.0000,,2026-09-08 09:21:50.2908+07,migration_000508_backfill
bf3e3446-1c25-4022-8f7c-24ce0b2a39be,202507386,2.0000,2.0000,2.0000,,2026-09-08 09:21:50.2908+07,migration_000508_backfill
bf451e0e-a68a-4f23-866d-73eb9addf183,202606940,8.0000,,8.0000,,2026-09-07 14:24:16.976218+07,migration_000506_backfill
bf4eb89a-c2a5-4a31-a01d-5feb3d2e98cb,202606910,2.0000,2.0000,2.0000,,2026-09-08 09:21:50.2908+07,migration_000508_backfill
bf99d90c-c0a9-43e9-aee5-bde18dda0ada,202203751,1.5000,1.5000,1.5000,,2026-09-07 14:24:16.976218+07,migration_000506_backfill
bfa11e19-8d7c-4f68-b4ce-bc158c71f00c,202202731,1.5500,1.5000,1.5000,,2026-09-07 14:24:16.976218+07,migration_000506_backfill
bfc45b80-f87c-4695-a8d4-9f3c22521bf4,202509510,3.0000,3.0000,3.0000,,2026-09-08 09:21:50.2908+07,migration_000508_backfill
bfcd462b-53f5-4331-b3aa-e9778f308a47,202309487,1.4700,1.5000,1.5000,,2026-09-07 14:24:16.976218+07,migration_000506_backfill
bfd87b6e-1d06-485e-91e4-54d6653be933,202402621,1.5000,1.5000,1.5000,,2026-09-07 14:24:16.976218+07,migration_000506_backfill
c0133796-cd4c-403b-b3ad-da94c3b35ffe,202211045,3.6800,3.6500,3.6700,,2026-09-09 08:52:57.695528+07,admin
c0414966-4ea9-4791-b2a1-719ca094f367,202509521,2.0000,2.0000,2.0000,,2026-09-08 09:21:50.2908+07,migration_000508_backfill
c0446e6c-7ee2-441e-910a-4d6fc202a80e,202212081,1.5000,1.5000,1.5000,,2026-09-07 14:24:16.976218+07,migration_000506_backfill
c0469f23-e1e9-4619-b4d3-305a3bf7cf41,202512626,3.9600,,2.3000,,2026-09-07 14:24:16.976218+07,migration_000506_backfill
c04dba59-7b90-43c7-a5fb-e0a330b98598,202505292,3.2500,4.0000,4.0000,,2026-09-08 09:21:50.2908+07,migration_000508_backfill
c04ff2ec-ce09-4841-9f5a-d9da69dcef04,202510554,4.0000,4.0000,4.0000,,2026-09-08 09:21:50.2908+07,migration_000508_backfill
c05547a1-62d5-4ad0-9947-228a2038cd42,202606929,2.0000,2.0000,2.0000,,2026-09-08 09:21:50.2908+07,migration_000508_backfill
c0592e6d-0152-49a8-98c0-09be1e8d65d9,202104044,1.1200,,1.1200,,2026-09-09 08:52:43.587445+07,admin
c09571c9-5d2a-4d3d-8223-e7a8ccc71b76,202104203,0.9500,,0.9500,,2026-09-08 09:21:50.2908+07,migration_000508_backfill
c0a3aac5-2675-4fc3-9126-221ffd72ea8e,202403637,2.4000,2.0000,2.0000,,2026-09-08 09:21:50.2908+07,migration_000508_backfill
c0a45c0e-4464-49cd-891a-379b77bb8e9d,202506350,3.6500,3.5000,3.5000,,2026-09-08 09:21:50.2908+07,migration_000508_backfill
c0c40122-ff21-4760-a6e5-ecc127e8b30b,202104327,3.1000,,,,2021-04-21 00:00:00+07,SINTIA
c0c776ea-ca7c-41aa-8edb-05919180c24b,202603804,3.4500,3.4000,3.4000,,2026-09-08 09:21:50.2908+07,migration_000508_backfill
c0ceebfb-58ca-4bd5-98ce-5ecbf8fd463a,202104164,3.4500,,,,,
c0e6bf49-e004-4440-9530-2d4ab75db500,202411011,4.0000,4.0000,4.0000,,2026-09-08 09:21:50.2908+07,migration_000508_backfill
c0e75216-50b2-4122-9631-c3a513dc8835,,,,3.0000,,2026-09-09 08:52:41.458048+07,admin
c0e89781-0c7d-476f-b5b3-e6e0bd0dd786,202309438,2.0000,2.0000,2.0000,,2026-09-08 09:21:50.2908+07,migration_000508_backfill
c0f72c64-5e09-491d-9339-20b7c1292391,202301111,6.1000,6.0000,3.2000,,2026-09-07 14:24:16.976218+07,migration_000506_backfill
c10c1e76-5dee-445d-923d-ad1975e4197c,,,,1.3000,,2026-09-09 08:52:42.119772+07,admin
c12c9b61-1d3d-4590-93ea-687ce651f281,,,,4.5000,,2026-09-09 08:52:41.75193+07,admin
c135c8cb-3370-454f-834d-4d61c3022fc9,202302177,3.0000,3.0000,3.0000,,2026-09-07 14:24:16.976218+07,migration_000506_backfill
c13caa50-984a-4b0c-82fc-8cc67029b376,202410986,4.0000,4.0000,4.0000,,2026-09-08 09:21:50.2908+07,migration_000508_backfill
c146f335-3577-40a5-b766-13d73ac60caf,202104474,2.0000,2.0000,2.0000,,2026-09-09 08:52:45.633864+07,admin
c1515a50-4698-4c84-af6b-6b1815fcdedc,202202730,1.8400,1.5000,1.5000,,2026-09-07 14:24:16.976218+07,migration_000506_backfill
c1527c07-deb8-4cc1-8dd9-99153ce2eeee,202504236,2.2500,2.0000,2.0000,,2026-09-08 09:21:50.2908+07,migration_000508_backfill
c16bf1e0-9339-4bce-b904-554a8cec8857,202410953,4.0000,4.0000,4.0000,,2026-09-08 09:21:50.2908+07,migration_000508_backfill
c199dace-8e88-44ed-92d2-b6583eb9b234,202210969,1.6600,,1.6600,,2026-09-08 09:21:50.2908+07,migration_000508_backfill
c1fdfe40-0de1-4b81-80ad-158162f3768c,202509488,2.0000,2.0000,2.0000,,2026-09-08 09:21:50.2908+07,migration_000508_backfill
c20f071a-ee3e-44f1-8d2f-36d94cc976df,202410969,4.5000,4.5000,4.5000,,2026-09-08 09:21:50.2908+07,migration_000508_backfill
c21ae9e0-b0f8-400a-aab0-fe1b877533ca,202410941,2.1300,2.0000,2.0000,,2026-09-08 09:21:50.2908+07,migration_000508_backfill
c220f523-6453-4b50-afd6-3ab466106eb5,202509525,5.0000,5.0000,5.0000,,2026-09-08 09:21:50.2908+07,migration_000508_backfill
c227fb50-bbef-44f5-8fd4-a7561e53e146,202308425,1.5000,1.5000,1.5000,,2026-09-07 14:24:16.976218+07,migration_000506_backfill
c25a43aa-47f0-4895-a849-93d72f564353,202308407,3.5000,3.5000,3.5000,,2026-09-08 09:21:50.2908+07,migration_000508_backfill
c287f420-47bf-43dc-abf3-9b33bc813a9a,202104050,4.1000,,4.1000,,2026-09-09 08:52:59.476227+07,admin
c2a13bf5-ed21-43a3-8415-6e1fbbc4015a,202502185,2.0000,2.0000,2.0000,,2026-09-07 14:24:16.976218+07,migration_000506_backfill
c2fe60e5-6cd2-484d-8152-d925bf6d4dc9,202302146,5.0000,5.0000,5.0000,,2026-09-07 14:24:16.976218+07,migration_000506_backfill
c309aa92-216f-4629-84df-58b36ea654c1,202104435,2.8600,,2.7000,,2026-09-09 08:52:47.609578+07,admin
c3127dac-b8d1-4ea4-8eae-38f0a9314f74,202506302,5.0000,5.0000,5.0000,,2026-09-08 09:21:50.2908+07,migration_000508_backfill
c31fbafc-62a6-4a6a-92ff-5743e0d4f8fa,202104041,1.5200,,1.5200,,2026-09-09 08:52:58.409029+07,admin
c320e562-f3e1-45a4-a38d-2927fcd5ae2a,202104052,1.8400,,1.8400,,2026-09-09 08:52:45.193902+07,admin
c354482f-933a-49c3-95fc-a4cb3cb5b1dc,202410973,3.3000,,2.6000,,2026-09-08 09:21:50.2908+07,migration_000508_backfill
c37927e4-5212-4ff4-9440-c2d99141edd7,202312585,1.0000,1.0000,1.0000,,2026-09-08 09:21:50.2908+07,migration_000508_backfill
c39d0479-a7d8-4ee3-8954-cefdb52ef0b3,202602754,2.0000,2.0000,2.0000,,2026-09-08 09:21:50.2908+07,migration_000508_backfill
c3adccb1-686d-4135-82d5-09793909bf97,202510553,3.5000,3.5000,3.5000,,2026-09-08 09:21:50.2908+07,migration_000508_backfill
c3b1f3db-db38-4f3c-975f-a227f96791e0,202603758,1.7000,1.0000,1.0000,,2026-09-08 09:21:50.2908+07,migration_000508_backfill
c439afd5-00af-42ac-a78f-1c02951bae64,202201697,1.4700,1.4700,,,2022-01-10 00:00:00+07,1437
c4585b4b-4fd2-495c-958c-d1257d0d7ef8,202302139,1.2500,,,,2023-02-14 00:00:00+07,SINTIA
c4866dd8-0d5e-4bfd-97ae-2997d9d8b11d,202104023,3.4000,,3.1500,,2026-09-09 08:52:58.188314+07,admin
c4994292-a106-4331-9b16-f3fb5e7fca34,202206820,2.0000,,2.0000,,2026-09-07 14:24:16.976218+07,migration_000506_backfill
c4b75ad4-ca39-4daa-bc69-8cb299140e32,202311555,1.0000,,1.0000,,2026-09-07 14:24:16.976218+07,migration_000506_backfill
c4cfbde2-b95d-4a5a-85e4-158768f38a79,202604865,1.5000,1.5000,1.5000,,2026-09-08 09:21:50.2908+07,migration_000508_backfill
c4d3e492-488f-408b-a6e1-14721f399796,202411014,4.0000,4.0000,4.0000,,2026-09-08 09:21:50.2908+07,migration_000508_backfill
c4de4461-68cb-4b56-85b4-d08c8812ab22,202601668,2.0000,2.0000,2.0000,,2026-09-08 09:21:50.2908+07,migration_000508_backfill
c4e9dabc-2988-4c2a-9c1d-7ba6158ea111,202312586,1.0000,1.0000,1.0000,,2026-09-08 09:21:50.2908+07,migration_000508_backfill
c504cad8-cbab-42e8-9b7c-b266790b7a9b,202403642,2.0000,2.0000,2.0000,,2026-09-08 09:21:50.2908+07,migration_000508_backfill
c5166389-1603-40fa-b74c-fa2dbdf50c1e,202410968,3.0000,3.0000,3.0000,,2026-09-08 09:21:50.2908+07,migration_000508_backfill
c5446d09-385f-492a-8a60-a99dc89fd470,202205817,1.6100,1.5000,1.5000,,2026-09-07 14:24:16.976218+07,migration_000506_backfill
c5769286-b4a8-456b-9755-b6830854d173,202311542,6.5000,6.5000,6.5000,,2026-09-07 14:24:16.976218+07,migration_000506_backfill
c5a5f3d3-64b3-465d-b6fa-6a46acfbaec8,,,,2.6000,,2026-09-09 08:52:38.914994+07,admin
c5bd8434-9782-458e-921a-a4659a192295,202104477,2.0600,,2.0000,,2026-09-09 08:52:48.156915+07,admin
c5fbbd97-cda1-4e6f-a2f1-e5d07edcfc15,202104198,1.5300,,1.5000,,2026-09-08 09:21:50.2908+07,migration_000508_backfill
c6130a38-63b8-4eaf-b898-9aa3bc91e41c,202306275,2.0000,2.0000,2.0000,,2026-09-08 09:21:50.2908+07,migration_000508_backfill
c61e0fe7-2ff8-40e4-aae1-3f6164a8c577,202307347,0.9500,,0.8900,,2026-09-09 08:52:53.295139+07,admin
c627649a-91a6-4858-b779-c1e827e80941,,,,3.0000,,2026-09-09 08:52:41.376559+07,admin
c634b0cc-b350-4e7b-8b11-615e67836e11,202409926,2.0000,2.0000,2.0000,,2026-09-08 09:21:50.2908+07,migration_000508_backfill
c66278a3-118d-4091-96dc-41984e3a0dff,202208928,3.3300,,3.1500,,2026-09-09 08:52:58.188314+07,admin
c67fe52e-c24b-4400-8b78-2c054aadb398,202502193,1.3000,2.0000,2.0000,,2026-09-08 09:21:50.2908+07,migration_000508_backfill
c68ae902-2289-42ad-9a40-865943491b73,202104508,1.7900,,1.8000,,2026-09-09 08:52:57.736245+07,admin
c6955ac3-9dd3-4999-a5ad-dc00c219d96d,202312579,2.5000,2.5000,2.5000,,2026-09-08 09:21:50.2908+07,migration_000508_backfill
c698904e-1f68-46be-8beb-9b6fecbb1dd3,202307356,1.5000,1.5000,1.5000,,2026-09-08 09:21:50.2908+07,migration_000508_backfill
c69d858a-320d-4e6c-998c-ce7a1d9c25c6,202302157,1.6200,1.5000,1.5000,,2026-09-07 14:24:16.976218+07,migration_000506_backfill
c6ca64a1-91a5-4002-b85e-6f8f7a0ae27c,202407783,2.0000,2.0000,2.0000,,2026-09-07 14:24:16.976218+07,migration_000506_backfill
c6e42c3c-bee9-4357-af52-0708115ab587,202111652,3.1000,3.3200,4.0000,,2026-09-07 14:24:16.976218+07,migration_000506_backfill
c704c336-270a-47e4-85e3-982cb3667fcd,202110617,1.3500,1.5000,1.5000,,2026-09-07 14:24:16.976218+07,migration_000506_backfill
c7132d1f-171f-4660-bcd7-b0cc5612a532,202307350,1.2500,1.5000,1.5000,,2026-09-07 14:24:16.976218+07,migration_000506_backfill
c73978b2-168b-4e73-bfac-28e6e726a8dd,202407764,1.0000,1.0000,1.0000,,2026-09-08 09:21:50.2908+07,migration_000508_backfill
c75e03ba-5edd-49df-a61e-5452c2abe745,202111644,1.5000,1.5000,1.5000,,2026-09-07 14:24:16.976218+07,migration_000506_backfill
c7cdffa9-67d3-4a02-abff-702b2b71b1d7,202104383,1.0200,,1.0200,,2026-09-09 08:52:44.719101+07,admin
c7efede7-ad96-40d7-bdd1-fffff40ae2cd,202104406,1.3700,,1.3700,,2026-09-09 08:52:52.178847+07,admin
c7f40f17-6c0a-4d27-b88e-2a6899273fc7,202212061,1.6200,1.5000,1.5000,,2026-09-07 14:24:16.976218+07,migration_000506_backfill
c8017a12-538e-4543-90f7-ca05b7564c84,202604838,1.5000,1.5000,1.5000,,2026-09-08 09:21:50.2908+07,migration_000508_backfill
c817adb4-7a84-464f-8c7d-401807a35cae,202104114,1.3300,,1.3200,,2026-09-09 08:52:54.928666+07,admin
c82be3aa-db3d-4c37-970a-1f0e8f13dd79,202111632,1.0500,1.0000,1.0000,,2026-09-07 14:24:16.976218+07,migration_000506_backfill
c84eee2b-6a7b-45d5-ba81-367ca08a4d0a,202108566,1.5900,,1.4800,,2026-09-09 08:52:38.349619+07,admin
c853bd5d-81b9-4e6b-bd77-508f95c8725d,202210967,1.7100,,1.8700,,2026-09-09 08:52:58.852971+07,admin
c862188e-254c-46e9-a76a-0217f9216a2c,202409863,1.5000,1.5000,1.5000,,2026-09-07 14:24:16.976218+07,migration_000506_backfill
c8653565-3933-41d9-add8-f58ba7ae5f12,202606914,2.0000,2.0000,2.0000,,2026-09-08 09:21:50.2908+07,migration_000508_backfill
c86bc9a2-e189-45ae-a58e-c8c6448d3e24,202302132,1.5000,1.5000,1.5000,,2026-09-07 14:24:16.976218+07,migration_000506_backfill
c8780efe-0734-4f5a-8511-95977bbbdf2a,202104377,1.4600,,1.3000,,2026-09-09 08:52:42.119772+07,admin
c8bae8c3-d238-49e6-a15b-0aa7272a3e77,202104119,2.1200,,2.1200,,2026-09-09 08:52:53.492661+07,admin
c8c226c7-4b2f-4a12-b088-c5d22a7595d5,202309441,2.0000,2.0000,2.0000,,2026-09-08 09:21:50.2908+07,migration_000508_backfill
c8c82258-d478-4e1f-9621-1db923735057,,,,3.5000,,2026-09-09 08:52:38.533122+07,admin
c8d2e333-dcc1-4610-9b58-0a619d22d1fa,202508443,1.0000,1.0000,1.0000,,2026-09-08 09:21:50.2908+07,migration_000508_backfill
c917078e-23b9-4a92-9579-5a3550b57256,202601704,3.0000,3.0000,3.0000,,2026-09-08 09:21:50.2908+07,migration_000508_backfill
c9170d5a-6af9-4d75-aa52-1f2605ba6e3d,202104194,1.7300,,,,2021-04-20 00:00:00+07,SINTIA
c9179e2b-c813-47c0-bba8-f32ac94e32d6,202307357,2.5000,2.5000,2.5000,,2026-09-07 14:24:16.976218+07,migration_000506_backfill
c91aaa2a-bc34-4281-885f-7ff6b26e95e4,202501147,2.0000,2.0000,2.0000,,2026-09-08 09:21:50.2908+07,migration_000508_backfill
c91f1b25-2b03-4aaa-8216-2be0178cca7f,202409923,2.0000,2.0000,2.0000,,2026-09-08 09:21:50.2908+07,migration_000508_backfill
c9337c50-21a0-431f-9817-95775f779cd0,202603802,1.6600,2.0000,2.0000,,2026-09-08 09:21:50.2908+07,migration_000508_backfill
c9406070-8c71-4282-b1a2-97db30b5d434,202305241,2.5300,,3.4500,,2026-09-09 08:53:01.17533+07,admin
c94efa66-6b21-4d06-bbb4-b4d6bd1ea51a,202409874,5.3000,,3.5700,,2026-09-08 09:21:50.2908+07,migration_000508_backfill
c9600750-fb97-4696-991e-815af0e97abc,202104301,3.1500,,1.4800,,2026-09-09 08:52:38.349619+07,admin
c999230e-b92f-43f3-ad37-a417ad2813e1,202301118,3.0000,3.0000,3.0000,,2026-09-07 14:24:16.976218+07,migration_000506_backfill
c99cd649-4fd8-40bf-abcd-c488cd281784,202404680,2.0000,2.0000,2.0000,,2026-09-08 09:21:50.2908+07,migration_000508_backfill
c9cec563-321d-4f42-ad9c-6a842be1c538,202605894,5.0000,5.0000,5.0000,,2026-09-08 09:21:50.2908+07,migration_000508_backfill
c9deaf9b-7630-4d1c-900e-38b79bc43a10,202410982,1.8000,2.0000,2.0000,,2026-09-08 09:21:50.2908+07,migration_000508_backfill
c9e1d8dc-a19f-4275-9ef5-ad5eea0abbef,202505249,3.8000,,3.4000,,2026-09-08 09:21:50.2908+07,migration_000508_backfill
c9ff7761-d5b5-4f42-9b96-e378a9236777,202302159,1.5000,1.5000,1.5000,,2026-09-07 14:24:16.976218+07,migration_000506_backfill
ca06c10f-d4a9-4985-9b33-3ee97b17f1f2,202308412,2.3000,2.0000,2.0000,,2026-09-07 14:24:16.976218+07,migration_000506_backfill
ca12e3c7-0531-49c9-82b3-6b914917b5c6,202108543,1.2000,1.2000,1.2000,,2026-09-09 08:52:53.21414+07,admin
ca1f2b1d-7cf8-4e36-9018-62f170b7c512,202104192,1.5100,,,,2021-04-20 00:00:00+07,SINTIA
ca20d3cc-f61d-41b4-a7cc-edcc931abaf0,202209960,2.0000,2.0000,2.0000,,2026-09-08 09:21:50.2908+07,migration_000508_backfill
ca347e83-34ee-4cae-bc8f-a42702fe05b6,202404683,2.0000,2.0000,2.0000,,2026-09-08 09:21:50.2908+07,migration_000508_backfill
ca5ba85a-8ea8-4d46-a186-aacfa8dac534,202606907,2.4700,1.4000,1.4000,,2026-09-08 09:21:50.2908+07,migration_000508_backfill
ca620d3c-5b58-4b61-9ccc-5d70d9db9591,202104182,1.0000,,0.9500,,2026-09-08 09:21:50.2908+07,migration_000508_backfill
ca746917-4fcf-4345-9dc0-020babb5e5e6,202306286,1.5000,1.5000,1.5000,,2026-09-08 09:21:50.2908+07,migration_000508_backfill
ca835ff2-6841-4117-800b-6e00641fdddf,202409892,1.5000,,1.5000,,2026-09-08 09:21:50.2908+07,migration_000508_backfill
ca8cb916-bbda-4bdd-a191-d5eb7bf9f298,202310514,1.4500,1.5000,1.5000,,2026-09-08 09:21:50.2908+07,migration_000508_backfill
ca97a5be-0bb9-45fd-b93b-08e71d5f8930,202308410,1.6500,1.5000,1.5000,,2026-09-07 14:24:16.976218+07,migration_000506_backfill
ca98ba76-dfad-439e-b0d8-154a2933fce1,202508469,2.0000,2.0000,2.0000,,2026-09-08 09:21:50.2908+07,migration_000508_backfill
cae92cc9-ec4c-4834-9d6c-2259aaf51681,202602714,1.0000,1.0000,1.0000,,2026-09-08 09:21:50.2908+07,migration_000508_backfill
caeec5d1-d5b2-45b5-91ff-2d893ad2a3ab,202501159,3.0000,3.0000,3.0000,,2026-09-08 09:21:50.2908+07,migration_000508_backfill
caf87611-ecbe-4822-b7f3-cd8fcf7e9a3b,202104451,2.2600,,2.5000,,2026-09-09 08:52:40.090841+07,admin
cb05713a-e8df-4f88-8a9e-5c62d59c8c18,202302164,2.0000,2.0000,2.0000,,2026-09-07 14:24:16.976218+07,migration_000506_backfill
cb114359-7fa9-4ca7-9003-dc32f8e694e8,202405706,1.6400,2.0000,2.0000,,2026-09-09 08:52:41.001029+07,admin
cb390435-119e-419f-8f3d-5d96814afe16,202104095,1.2500,,1.2500,,2026-09-08 09:21:50.2908+07,migration_000508_backfill
cb3b0aca-58ff-408d-a87c-8df024555446,202309453,1.5000,1.5000,1.5000,,2026-09-07 14:24:16.976218+07,migration_000506_backfill
cbb0ac24-19f9-49a8-af41-82829539496a,202305262,2.0000,2.0000,2.0000,,2026-09-08 09:21:50.2908+07,migration_000508_backfill
cbd7cfb5-26c5-4198-b07d-d64c11b1e18a,202405699,1.2300,1.5000,1.5000,,2026-09-07 14:24:16.976218+07,migration_000506_backfill
cbe109d4-0335-4b3e-ac67-6d3e7704fade,202409877,2.0000,2.0000,2.0000,,2026-09-08 09:21:50.2908+07,migration_000508_backfill
cbedc449-d0a3-4d23-acd2-d7e51afa0208,202511584,0.7100,,0.9800,,2026-09-08 09:21:50.2908+07,migration_000508_backfill
cc114b85-f4c1-4be2-acd9-e73d3c78ab84,202512648,3.0000,3.0000,3.0000,,2026-09-08 09:21:50.2908+07,migration_000508_backfill
cc37c1e7-92b7-4d80-aac6-6237b8c107dd,202212095,3.5000,3.3000,3.3000,,2026-09-07 14:24:16.976218+07,migration_000506_backfill
cc3f8891-9807-40d6-a615-9e557e89443d,202501167,4.0000,4.0000,4.0000,,2026-09-08 09:21:50.2908+07,migration_000508_backfill
cc43bdd5-150a-4468-b4a0-095db7b7bab2,202507388,2.5000,2.5000,2.5000,,2026-09-08 09:21:50.2908+07,migration_000508_backfill
cc5b10ca-61ea-4f06-a56f-799f4f8414ef,202409872,2.0000,2.0000,2.0000,,2026-09-07 14:24:16.976218+07,migration_000506_backfill
cc7264d5-f8fc-401e-b026-192039b8c401,202507426,2.7100,,3.1200,,2026-09-09 08:52:50.171951+07,admin
cc9a111c-4649-4fb2-8f34-5054f250dc6a,202104391,1.2500,,,,,
ccd1c790-0eea-45d2-a0b5-a5b43528d963,202505275,5.2500,5.0000,5.0000,,2026-09-08 09:21:50.2908+07,migration_000508_backfill
cce40926-b617-4bc9-951b-6a72f26f3af4,,,,2.2500,,2026-09-09 08:52:41.709209+07,admin
ccedebad-2f9b-43ee-bd06-3a3aee3439bd,202410964,4.0000,4.0000,4.0000,,2026-09-08 09:21:50.2908+07,migration_000508_backfill
cd0049b3-33fa-41db-8b48-2b8263157161,202512635,5.0000,5.0000,5.0000,,2026-09-08 09:21:50.2908+07,migration_000508_backfill
cd1e0230-c66d-41e9-b816-96e9201a5d66,202204780,4.0000,4.0000,4.0000,,2026-09-07 14:24:16.976218+07,migration_000506_backfill
cd273f9f-cc49-4b74-aafb-47d62474dee9,202302128,1.5000,1.5000,1.5000,,2026-09-07 14:24:16.976218+07,migration_000506_backfill
cd2a5b17-ecb3-4c15-bab9-86e9a653b3e7,202311561,7.0000,,7.0000,,2026-09-07 14:24:16.976218+07,migration_000506_backfill
cd6d1913-e77d-4faa-bae1-5e8c474da77c,202205815,,2.0000,,,2022-05-24 00:00:00+07,1437
cd8aac79-6110-453c-bb1f-4041c2396b6d,202306293,1.5000,1.5000,1.5000,,2026-09-08 09:21:50.2908+07,migration_000508_backfill
cdb7e960-1a9d-4cfb-a4b4-ce47490c6211,202312563,2.0000,2.0000,2.0000,,2026-09-08 09:21:50.2908+07,migration_000508_backfill
cdcdece7-562f-4764-9a43-bc982a6efc96,202512654,2.0000,2.0000,2.0000,,2026-09-08 09:21:50.2908+07,migration_000508_backfill
ce15aa9a-f972-4df4-b39d-fa08b2d5baae,202211028,1.5000,1.5000,1.5000,,2026-09-08 09:21:50.2908+07,migration_000508_backfill
ce19294d-a0de-4aaa-b50b-e4b1bdfef623,202110607,1.5200,1.8000,1.5000,,2026-09-07 14:24:16.976218+07,migration_000506_backfill
ce1b3eb4-397f-487b-a57e-3b6998df22ff,202403635,6.5000,6.0000,6.0000,,2026-09-08 09:21:50.2908+07,migration_000508_backfill
ce5b210c-e71b-4618-b85e-c0d1cd03faaa,202104007,4.0000,,4.0000,,2026-09-09 08:52:46.776545+07,admin
ce7cacf3-872c-4afb-8bad-eb18a5358e17,202505260,6.0000,6.0000,6.0000,,2026-09-08 09:21:50.2908+07,migration_000508_backfill
ce879218-89ce-46da-9ce0-79e4f1fadf9a,202209933,1.8000,1.8000,1.8000,,2026-09-07 14:24:16.976218+07,migration_000506_backfill
ce8a7b1c-617d-454e-bb7c-c6b1f18e3891,202309476,1.5000,1.5000,1.5000,,2026-09-07 14:24:16.976218+07,migration_000506_backfill
ce9ce32e-1050-4197-b0b6-2b051faa76ab,,,,,,,
cea15337-48e8-449c-a72c-2491d3cafe2d,202509540,2.0300,2.0000,2.0000,,2026-09-08 09:21:50.2908+07,migration_000508_backfill
ced06184-01f6-49f4-bef3-9b3d6a3f706b,202211006,1.1000,,1.6700,,2026-09-09 08:52:48.194254+07,admin
ced367cd-f4d4-4762-bd95-8fd6b4baf7c6,202104493,1.7300,,,,2021-04-24 00:00:00+07,SINTIA
cedb01b7-b1af-4f1e-8283-4ebb4835cff4,202308369,1.5000,1.5000,1.5000,,2026-09-08 09:21:50.2908+07,migration_000508_backfill
cedcabde-be89-4855-a15c-8cb93d5954a3,202312568,3.0000,,3.0000,,2026-09-07 14:24:16.976218+07,migration_000506_backfill
cee2caa2-968c-483e-b8a2-e37340625744,202407796,2.0000,2.0000,2.0000,,2026-09-07 14:24:16.976218+07,migration_000506_backfill
cf0f7141-6830-43a8-982a-bbaa2cffd7a7,202312592,1.0000,1.0000,1.0000,,2026-09-07 14:24:16.976218+07,migration_000506_backfill
cf4de6f6-d342-41ca-a736-9d6cf5e8ad74,202506293,4.0000,,4.0000,,2026-09-08 09:21:50.2908+07,migration_000508_backfill
cf57eb06-42d6-4fff-9565-c2535286168c,202601673,2.5000,2.0000,2.0000,,2026-09-08 09:21:50.2908+07,migration_000508_backfill
cf69dfea-1aa9-4a05-8e9c-1af6e9063537,202409929,2.0000,2.0000,2.0000,,2026-09-08 09:21:50.2908+07,migration_000508_backfill
cf9cec27-ce18-4abe-905e-291b94175854,202605893,1.5000,1.5000,1.5000,,2026-09-08 09:21:50.2908+07,migration_000508_backfill
cf9fc3e3-1dad-4d05-8299-c397e386a1b2,202409865,2.0000,2.0000,2.0000,,2026-09-07 14:24:16.976218+07,migration_000506_backfill
cfc1fa7b-fbdd-4d23-938b-e670ec53f7bd,202305237,1.5400,1.5000,1.5000,,2026-09-07 14:24:16.976218+07,migration_000506_backfill
cfd79c53-6469-4393-a203-ac9d0a82399a,202104221,2.2800,,2.2800,,2026-09-09 08:52:56.67515+07,admin
cfe02242-ccb5-4ea4-93b2-cc8164694389,202410994,2.1000,2.0000,2.0000,,2026-09-07 14:24:16.976218+07,migration_000506_backfill
d019f218-5a78-40de-83b9-0b6f85723f8c,202104188,2.6000,,2.3500,,2026-09-08 09:21:50.2908+07,migration_000508_backfill
d03034b6-daaf-4418-b5da-9f1e6f4f9e5b,202511577,2.0000,2.0000,2.0000,,2026-09-08 09:21:50.2908+07,migration_000508_backfill
d044489d-1c73-4dc1-9b42-79b5318bf4a5,202505285,2.1500,2.0000,2.0000,,2026-09-08 09:21:50.2908+07,migration_000508_backfill
d04c008b-a9c1-4d42-8b96-557b098ba806,,,,2.6000,,2026-09-09 08:52:39.810994+07,admin
d059d8a7-7366-48d4-aaee-315b27330f11,202205816,1.6500,1.5000,1.5000,,2026-09-07 14:24:16.976218+07,migration_000506_backfill
d060b599-6fee-440b-91b5-3ac63e3d030b,202104016,3.8500,,3.8500,,2026-09-08 09:21:50.2908+07,migration_000508_backfill
d096ce39-d84a-4fe2-a27b-426d7a56e514,202104433,1.4500,,1.4800,,2026-09-09 08:52:43.349757+07,admin
d09aef53-12d7-423c-b4a3-fea15f2b35f6,202411031,2.0000,2.0000,2.0000,,2026-09-08 09:21:50.2908+07,migration_000508_backfill
d0b38fb8-b04e-4c07-aa97-cf05d6ab6e7a,202505284,4.2500,4.0000,4.0000,,2026-09-08 09:21:50.2908+07,migration_000508_backfill
d0b8435f-4fd5-4db8-83ac-0020fe9b0511,202501151,2.1500,2.0000,2.0000,,2026-09-08 09:21:50.2908+07,migration_000508_backfill
d0c2a493-654c-42a9-8ee9-36df9b257b66,202410991,2.0000,2.0000,2.0000,,2026-09-08 09:21:50.2908+07,migration_000508_backfill
d0c59982-ba24-4ad1-b825-258ae8928150,202507429,3.0000,3.0000,3.0000,,2026-09-07 14:24:16.976218+07,migration_000506_backfill
d0f11cf4-fb16-4382-844f-00fbd223f925,202506365,3.3200,3.5000,3.5000,,2026-09-08 09:21:50.2908+07,migration_000508_backfill
d0ffb2ac-4c9c-4434-9d16-2673825853a6,202309463,3.0000,3.0000,3.0000,,2026-09-07 14:24:16.976218+07,migration_000506_backfill
d104106f-5c62-4fcf-94e3-d7afa9e98d92,202403644,2.4600,2.4000,2.4000,,2026-09-07 14:24:16.976218+07,migration_000506_backfill
d1512923-b2ba-4897-8060-48a71485f2d8,202506312,2.5000,2.5000,2.5000,,2026-09-08 09:21:50.2908+07,migration_000508_backfill
d16423c2-1b4e-4f1c-9f26-4a5efed2ed58,202309489,1.8500,1.5000,1.5000,,2026-09-07 14:24:16.976218+07,migration_000506_backfill
d16f3c67-2774-4894-b7a7-33e683284be2,202104419,1.7700,,1.7200,,2026-09-09 08:52:42.162418+07,admin
d18c137b-7713-4fef-9a49-1cf02631ce08,202309472,1.5000,1.5000,1.5000,,2026-09-07 14:24:16.976218+07,migration_000506_backfill
d19e8764-caee-4f86-9a06-b9e248c61661,202104010,3.0500,,3.0500,,2026-09-09 08:52:44.21332+07,admin
d1a2ea4c-b9b9-4edb-a4b2-3b9cf3f1810a,202509534,1.4500,1.5000,1.5000,,2026-09-07 14:24:16.976218+07,migration_000506_backfill
d1af6ca5-4f7f-40e5-9a02-eae0dc738b59,202204807,1.7500,,1.8000,,2026-09-09 08:52:59.960628+07,admin
d1e9962b-70da-40e6-833f-359e5ef1bd33,202104386,2.0500,,2.0500,,2026-09-09 08:52:52.896396+07,admin
d236aca2-ae2d-46e8-9812-fd7cceb7ee7b,202104228,2.1900,,2.0800,,2026-09-09 08:52:57.814074+07,admin
d25961db-043a-4c8d-8512-9db994cfc581,202509498,2.0000,2.0000,2.0000,,2026-09-08 09:21:50.2908+07,migration_000508_backfill
d26a5c69-9e1a-4511-b332-c1b753a4ec07,202208904,2.0000,2.0000,2.0000,,2026-09-07 14:24:16.976218+07,migration_000506_backfill
d28308bc-4c42-41f1-8037-1f2505bbc6c1,202405707,1.0000,1.0000,1.0000,,2026-09-09 08:52:40.464394+07,admin
d2afcb28-03fa-4273-9e42-1a65e2e69dea,202104088,1.1900,,1.1600,,2026-09-09 08:52:48.035817+07,admin
d2becf5f-04a6-4682-b032-dc907cd30027,202309477,4.0000,4.0000,4.0000,,2026-09-07 14:24:16.976218+07,migration_000506_backfill
d2c808cf-1aab-4cb5-a9e5-29cb049ad1c2,202104487,1.6100,,,,2021-04-22 00:00:00+07,SINTIA
d2ce2331-4bdd-49ce-a25e-4fe90cc9a028,,,,,,,
d2d679c6-4709-4fe4-8366-e7180e8afe01,202104425,2.9000,,2.9000,,2026-09-09 08:52:41.508191+07,admin
d2f88976-3c6d-44ae-8e74-c453ff323cc6,202409885,1.0000,,1.0000,,2026-09-08 09:21:50.2908+07,migration_000508_backfill
d3033bf0-a529-4a01-83b8-07fcd443a423,202104393,3.4500,,3.4500,,2026-09-09 08:52:51.396936+07,admin
d316102c-1489-4d47-a690-d48c281f1bc3,202308408,3.5000,3.5000,3.5000,,2026-09-08 09:21:50.2908+07,migration_000508_backfill
d325777b-b628-4e73-924f-19c67f4bec17,202104397,1.5000,,1.5000,,2026-09-09 08:52:43.918792+07,admin
d32b238f-a338-456e-bcee-6a725883a4b3,202104506,1.6000,,,,2021-04-24 00:00:00+07,SINTIA
d354fbcd-c5df-45de-ab2b-a4e3be90b345,202602729,2.0000,2.0000,2.0000,,2026-09-08 09:21:50.2908+07,migration_000508_backfill
d389b242-f9dd-432b-8ead-cadfa803bdb0,202411022,3.0000,3.0000,3.0000,,2026-09-08 09:21:50.2908+07,migration_000508_backfill
d3ab97ae-5e64-494e-b76e-9acb19e3af22,202104059,1.4000,,1.4000,,2026-09-09 08:52:51.554574+07,admin
d3c74ec8-8c1b-4e08-af19-661cf9e2426a,202104502,2.0000,,2.0000,,2026-09-09 08:52:55.762387+07,admin
d3fc77bc-6221-4a97-9fe7-bbaa20a71426,202211017,2.5000,2.5000,2.5000,,2026-09-08 09:21:50.2908+07,migration_000508_backfill
d40a647e-7dd2-451a-8921-0e69c1035d87,202602711,5.0000,5.0000,5.0000,,2026-09-08 09:21:50.2908+07,migration_000508_backfill
d418b6d8-4aac-44f0-bc33-791de64a70f7,202512619,3.0000,3.0000,3.0000,,2026-09-08 09:21:50.2908+07,migration_000508_backfill
d4464180-0545-4009-bc9b-d6bf9819d976,202312572,2.2400,2.0000,2.0000,,2026-09-07 14:24:16.976218+07,migration_000506_backfill
d446ab8b-bb1f-49fe-975d-057e3d4abc16,202604852,1.5000,1.5000,1.5000,,2026-09-08 09:21:50.2908+07,migration_000508_backfill
d4630a8f-f091-4177-896e-90f2e028bb8e,202509499,2.0000,2.0000,2.0000,,2026-09-08 09:21:50.2908+07,migration_000508_backfill
d47b994f-12b7-4110-9e37-1bae60e07ce1,202204796,1.4700,1.5000,1.5000,,2026-09-07 14:24:16.976218+07,migration_000506_backfill
d48281c7-f207-43b3-8a5a-a402b17211b7,202212101,1.0500,1.0000,1.0000,,2026-09-07 14:24:16.976218+07,migration_000506_backfill
d48f6364-3fe6-48d7-82c4-5e93c0c29b63,202411023,4.0000,4.0000,4.0000,,2026-09-08 09:21:50.2908+07,migration_000508_backfill
d49bceef-c09c-48d1-bb7b-73ba35b85457,202407816,2.0000,2.0000,2.0000,,2026-09-07 14:24:16.976218+07,migration_000506_backfill
d4b36241-a465-4289-9ff1-c42d7cf0774b,202403670,5.0000,5.0000,5.0000,,2026-09-08 09:21:50.2908+07,migration_000508_backfill
d4c94436-06da-40b5-bfaf-d13e7cb48dff,202104140,2.0000,,2.0000,,2026-09-09 08:52:59.397243+07,admin
d4e4d759-016f-44fc-964d-8f96de088148,202104456,1.6500,,,,2021-04-24 00:00:00+07,SINTIA
d51854c3-8b57-412d-a977-47888bc58d96,202302127,2.8900,,2.2000,,2026-09-07 14:24:16.976218+07,migration_000506_backfill
d532d139-46e0-489b-a88d-39e71a6c878d,202308370,1.5000,1.5000,1.5000,,2026-09-08 09:21:50.2908+07,migration_000508_backfill
d57168cc-9932-483f-9d36-757b76486c18,202104261,1.9000,,1.8000,,2026-09-09 08:52:41.589758+07,admin
d5928033-9c6b-4015-843d-df9616d6e81a,202506294,4.0000,4.0000,4.0000,,2026-09-08 09:21:50.2908+07,migration_000508_backfill
d5a4abe2-64d2-47f1-975e-ec06841858de,202406725,2.0000,,2.0000,,2026-09-09 08:52:44.993522+07,admin
d5bcde1c-433f-43dd-9177-20591f04a522,202403654,3.9000,3.5000,3.5000,,2026-09-09 08:52:45.794822+07,admin
d5df9ae4-f838-44f9-855b-88b4b712d882,202509505,3.0000,3.0000,3.0000,,2026-09-08 09:21:50.2908+07,migration_000508_backfill
d6566733-0d0b-4e97-a1fb-3268d35c5e4b,202104298,1.7500,,1.7500,,2026-09-09 08:52:59.052004+07,admin
d6580c2a-3839-4874-b112-6bc1f8ea8e58,202211021,1.5000,1.5000,1.5000,,2026-09-08 09:21:50.2908+07,migration_000508_backfill
d65a98d5-c2dc-462b-9e3b-8fe060884d49,202605872,4.0000,4.0000,4.0000,,2026-09-08 09:21:50.2908+07,migration_000508_backfill
d65b32da-a031-42aa-ab1c-648d180c9929,202409884,5.2000,4.3000,4.3000,,2026-09-07 14:24:16.976218+07,migration_000506_backfill
d6613722-ee96-4844-8273-e892c3286fc6,202302176,3.0000,3.0000,3.0000,,2026-09-07 14:24:16.976218+07,migration_000506_backfill
d670537a-6845-425d-9375-f547d4aa4b84,202506314,2.0000,2.0000,2.0000,,2026-09-08 09:21:50.2908+07,migration_000508_backfill
d67620b3-ce42-4ee1-af2e-38546ddb3a02,202410970,1.5400,,1.7000,,2026-09-08 09:21:50.2908+07,migration_000508_backfill
d6909feb-32a5-461e-8093-b4c3aeb54c61,202108547,2.0000,4.0000,4.0000,,2026-09-09 08:52:46.299265+07,admin
d6b9f5dd-582f-4ccc-b9d1-2c3627da6987,202209957,1.5000,1.5000,1.5000,,2026-09-07 14:24:16.976218+07,migration_000506_backfill
d6c695ca-28d8-4b29-9fdd-9a88b1c72fbb,202604853,1.5000,1.5000,1.5000,,2026-09-08 09:21:50.2908+07,migration_000508_backfill
d6d09127-010c-4a0a-a412-101a7c76991d,202402629,1.5500,1.5000,1.5000,,2026-09-07 14:24:16.976218+07,migration_000506_backfill
d72d04d3-3472-40df-ba66-f4937dfa7233,202605900,4.5000,4.5000,4.5000,,2026-09-08 09:21:50.2908+07,migration_000508_backfill
d72d803b-1f59-428f-88bb-baf730107cd9,202104394,1.0000,,1.0000,,2026-09-09 08:52:42.325906+07,admin
d7346e24-fa25-4267-9262-fd9a89a55375,202306294,2.0000,2.0000,2.0000,,2026-09-08 09:21:50.2908+07,migration_000508_backfill
d7458553-a123-4c8f-8cbd-7975d8d89c7b,202201706,2.7600,2.9200,3.0000,,2026-09-09 08:52:59.592976+07,admin
d772f836-c229-4336-a15b-a5593b443c8b,202104428,2.7500,,2.7500,,2026-09-09 08:52:42.283659+07,admin
d79e16ab-6860-4cb6-afd9-1df8f585b072,202104374,0.8500,,1.0800,,2026-09-09 08:52:38.428113+07,admin
d79fa909-10cc-4865-a294-4e93cdacbebb,202211038,1.5000,1.5000,1.5000,,2026-09-07 14:24:16.976218+07,migration_000506_backfill
d7bf2a2b-1c66-4bc2-b88d-334b76356d2b,202308385,2.0000,2.0000,2.0000,,2026-09-08 09:21:50.2908+07,migration_000508_backfill
d7c57d22-f7ca-492e-a2b5-59c42adea93a,202212057,1.6700,,,,,
d7d7c681-e721-4f30-a077-90990f42be11,202212076,2.1300,2.0000,2.0000,,2026-09-07 14:24:16.976218+07,migration_000506_backfill
d7f40e9c-d13b-4783-8ceb-79793ba02067,202604830,3.3000,3.3000,3.3000,,2026-09-08 09:21:50.2908+07,migration_000508_backfill
d7fc8137-a666-4740-ad92-2e2c15dfb796,202202747,3.5700,,3.5700,,2026-09-08 09:21:50.2908+07,migration_000508_backfill
d818b9d5-66f8-47cf-84f2-636852b8e88b,202108562,1.0000,1.0000,1.0000,,2026-09-09 08:52:49.035978+07,admin
d828b1ae-61e9-4cdd-b0d1-e2e1b07e34a9,202411019,6.0000,8.0000,6.0000,,2026-09-08 09:21:50.2908+07,migration_000508_backfill
d84fcefc-e333-438c-bef1-6feda3a42696,202410975,4.2000,4.0000,4.0000,,2026-09-08 09:21:50.2908+07,migration_000508_backfill
d86013c6-9e2b-41d3-8c36-7053aa05de13,202406726,3.0000,3.0000,3.0000,,2026-09-09 08:52:47.991493+07,admin
d861b74e-2ebd-4e4c-90a1-c096b3324f80,202308366,3.5000,3.5000,3.5000,,2026-09-08 09:21:50.2908+07,migration_000508_backfill
d86ebc90-03d7-40f5-9824-8f59cefecf9d,202207890,2.0000,2.0000,2.0000,,2026-09-07 14:24:16.976218+07,migration_000506_backfill
d8c67870-cc50-4118-9623-2561bb8b14b9,202410987,2.0000,2.0000,2.0000,,2026-09-08 09:21:50.2908+07,migration_000508_backfill
d8e76826-a79f-4e9e-bb0a-d998822608d0,202601684,3.0000,3.0000,3.0000,,2026-09-08 09:21:50.2908+07,migration_000508_backfill
d90eaf19-11cc-466a-8423-8682c86def17,202210998,1.5000,1.5000,1.5000,,2026-09-07 14:24:16.976218+07,migration_000506_backfill
d91f39bb-31ab-468b-9475-b230dc1207c1,202209939,1.5000,1.5000,1.5000,,2026-09-07 14:24:16.976218+07,migration_000506_backfill
d927baaf-15fb-4319-8e99-409f3c1c97aa,202104047,1.9500,,2.2600,,2026-09-09 08:52:47.245387+07,admin
d948fad2-aab6-46f8-a1d3-c47a98dbeb69,,,,2.2000,,2026-09-09 08:52:41.669758+07,admin
d94a2bbe-0fa8-4365-b73c-16edb5bcfeac,202507392,1.9800,2.0000,2.0000,,2026-09-08 09:21:50.2908+07,migration_000508_backfill
d95cb3d9-a054-4ad4-b18a-3fa04e41a3d2,202204799,2.1200,2.0000,2.0000,,2026-09-07 14:24:16.976218+07,migration_000506_backfill
d973ce51-d1c5-4cce-9fe6-c2ea6890ed81,202111630,2.3200,,2.3200,,2026-09-08 09:21:50.2908+07,migration_000508_backfill
d9925c92-49e9-4937-b44c-040c09fbb894,202411002,2.9600,,3.0000,,2026-09-08 09:21:50.2908+07,migration_000508_backfill
d9c41c2d-a66a-40dc-928a-87ebb1b2ee2f,202104457,1.8500,,1.5000,,2026-09-09 08:52:43.15443+07,admin
d9d4b0e1-4776-40f8-87a6-de1f7f0e545e,202405710,0.8200,1.0000,1.0000,,2026-09-09 08:52:40.515672+07,admin
d9e6f901-bb37-44b7-ba86-62d5f66b55ba,202209944,1.5000,1.5000,1.5000,,2026-09-07 14:24:16.976218+07,migration_000506_backfill
d9e846fb-8196-4c4b-a66e-a5ad5057efe1,202503218,3.4000,,3.4000,,2026-09-08 09:21:50.2908+07,migration_000508_backfill
da07fa75-4ed2-413a-840b-7269a59197b6,202309491,1.6800,1.5000,1.5000,,2026-09-07 14:24:16.976218+07,migration_000506_backfill
da2b976b-7429-4a48-aa99-480ebe0996a1,202412061,2.6800,2.8000,2.8000,,2026-09-09 08:52:58.454966+07,admin
da314a02-63b2-47f9-9d41-285c26f7ca6d,202507409,3.0000,3.0000,3.0000,,2026-09-08 09:21:50.2908+07,migration_000508_backfill
da3f5691-6d0c-454c-90c2-bf3e5a4482bf,202104124,2.1700,2.3000,2.3000,,2026-09-08 09:21:50.2908+07,migration_000508_backfill
da4bfaef-06d2-405b-a8a9-c0b25eacdb78,202511609,6.0000,6.0000,6.0000,,2026-09-08 09:21:50.2908+07,migration_000508_backfill
da4c5a64-e062-42c4-9cb0-103ca86f6d09,202605906,1.8200,1.5000,1.5000,,2026-09-08 09:21:50.2908+07,migration_000508_backfill
da4db968-5273-4701-bf9e-e05afc57c812,202202743,3.7600,,3.4500,,2026-09-09 08:52:43.26638+07,admin
da55c2a3-2945-412b-b925-8433b82e16af,202407807,1.5000,1.5000,1.5000,,2026-09-07 14:24:16.976218+07,migration_000506_backfill
da581e1d-abb9-483b-a488-94c667049a44,202501155,2.0000,2.0000,2.0000,,2026-09-08 09:21:50.2908+07,migration_000508_backfill
da5ca876-b444-40c8-849e-aa2ff1b77d95,,,,2.9000,,2026-09-09 08:52:41.508191+07,admin
da646d13-bfa6-4be3-814b-c04a530ef5ba,202408840,3.4000,3.0000,3.0000,,2026-09-07 14:24:16.976218+07,migration_000506_backfill
da6536b1-f348-4d0f-bd7d-81c7765fe48a,202601663,1.0900,1.3000,1.3000,,2026-09-08 09:21:50.2908+07,migration_000508_backfill
da88bada-44d5-4d47-8615-6affb8c43f4b,202605871,6.0000,6.0000,6.0000,,2026-09-07 14:24:16.976218+07,migration_000506_backfill
daa04be8-4ae7-4215-8ba4-4d31aa98736a,202408825,1.7000,,,,2024-08-01 00:00:00+07,SINTIA
dade676f-2d77-4aea-946d-8b194141111f,202201708,3.5500,3.5500,,,2022-01-24 00:00:00+07,1437
db56e7c4-d636-48d2-a614-e80d661c36fd,202506311,2.5000,2.5000,2.5000,,2026-09-08 09:21:50.2908+07,migration_000508_backfill
db6e5f7d-8ca1-4126-bea1-6520c6c792f2,202210983,1.3500,1.3500,1.3500,,2026-09-07 14:24:16.976218+07,migration_000506_backfill
db94e905-1360-46d3-90e3-303537ef3857,202308421,1.4500,,1.3500,,2026-09-09 08:52:43.667572+07,admin
dbb063c3-fd41-4182-8f7e-27ca07fed694,202409896,3.5000,3.5000,3.5000,,2026-09-08 09:21:50.2908+07,migration_000508_backfill
dbb40a2e-dd0a-4342-850e-0262114f57b7,202308403,3.7600,3.7600,3.7600,,2026-09-07 14:24:16.976218+07,migration_000506_backfill
dbd9841a-edb7-442a-b1e0-62236b01ee4f,202602749,3.0000,3.0000,3.0000,,2026-09-08 09:21:50.2908+07,migration_000508_backfill
dbe52876-edf6-42dd-a369-816f2d82c99f,202409887,1.5000,,1.5000,,2026-09-08 09:21:50.2908+07,migration_000508_backfill
dc1036aa-03a1-487a-8aff-70b21d39ecb3,202104151,1.3900,,1.3900,,2026-09-09 08:52:59.290784+07,admin
dc1cd8bd-f892-4d9a-acf2-c7a8af8fe19e,202312591,2.0000,2.0000,2.0000,,2026-09-07 14:24:16.976218+07,migration_000506_backfill
dc359703-c714-4c97-aee6-b8bd7c3e04c9,202108527,1.8500,1.8500,1.5000,,2026-09-07 14:24:16.976218+07,migration_000506_backfill
dc3b3a45-9afe-4f41-a2e5-314854b002da,202507378,3.0000,3.0000,3.0000,,2026-09-08 09:21:50.2908+07,migration_000508_backfill
dc61ff55-6e94-49c6-b74c-b4d29dc4c504,202603794,2.0000,2.0000,2.0000,,2026-09-08 09:21:50.2908+07,migration_000508_backfill
dc71bc75-a97f-44c9-861d-950fbb7b0225,202302168,4.0000,4.0000,4.0000,,2026-09-07 14:24:16.976218+07,migration_000506_backfill
dc94fe02-f5b9-4aa9-b599-bb7560c8ac97,202403634,5.5000,5.0000,5.0000,,2026-09-08 09:21:50.2908+07,migration_000508_backfill
dcb258fa-8244-446d-92a1-ee959128d7b0,202306292,1.5000,1.5000,1.5000,,2026-09-08 09:21:50.2908+07,migration_000508_backfill
dce6f268-2b38-45ec-89b0-a6bf75f50eab,202506295,2.0000,2.0000,2.0000,,2026-09-08 09:21:50.2908+07,migration_000508_backfill
dcedfe84-27f5-48d1-840f-34b99192f2b4,202210976,1.5000,1.5000,1.5000,,2026-09-09 08:52:51.171232+07,admin
dd17a3f2-b9dd-4bea-91a4-e87e4fb7fcce,202203763,1.6900,1.5000,1.5000,,2026-09-07 14:24:16.976218+07,migration_000506_backfill
dd1ff5e6-4784-4ba3-aae0-e5a599afac91,202506333,6.0000,6.0000,6.0000,,2026-09-08 09:21:50.2908+07,migration_000508_backfill
dd2fc63b-9974-4e6c-8c7a-fc6bb5d061f7,202308371,1.5000,1.5000,1.5000,,2026-09-08 09:21:50.2908+07,migration_000508_backfill
dd33a252-553e-4c92-bd0b-8f7c65d01654,202108539,2.1000,2.2000,2.2000,,2026-09-09 08:52:49.94258+07,admin
dd4502d7-0df4-4402-b902-0720e0834243,202206839,3.6000,3.5000,3.5000,,2026-09-08 09:21:50.2908+07,migration_000508_backfill
dd7ce89b-7d21-43d1-b282-98f3492a8e42,202305257,2.3500,,2.3000,,2026-09-09 08:52:46.098125+07,admin
dd7cedd4-777a-4903-b23e-1a97a5300161,202410959,2.0000,2.0000,2.0000,,2026-09-08 09:21:50.2908+07,migration_000508_backfill
dd8525f1-bd8b-4248-89ba-02c1fb3b1cd5,202406731,2.6200,3.5000,3.5000,,2026-09-07 14:24:16.976218+07,migration_000506_backfill
dda6675c-ab98-426c-bcf9-9775fab1949d,202407776,2.2700,2.3000,2.3000,,2026-09-09 08:52:40.382402+07,admin
ddd8f823-d346-41aa-9cbe-8203cadd7577,202209962,1.2000,1.0000,1.0000,,2026-09-07 14:24:16.976218+07,migration_000506_backfill
ddf2bfb2-b250-43e4-af6b-403c1bc1c304,202312565,3.7800,4.0000,4.0000,,2026-09-07 14:24:16.976218+07,migration_000506_backfill
de10dd6f-0b41-426c-bdda-ee216c9c254d,202211007,0.8300,,0.8300,,2026-09-09 08:52:49.146557+07,admin
de392180-6802-49f8-9cd7-3f8aeb17a311,202104142,2.7000,,2.7000,,2026-09-09 08:52:41.170412+07,admin
de52bab9-8774-4fdb-a94c-aae87fa5a3c1,202104183,0.8400,,0.9800,,2026-09-08 09:21:50.2908+07,migration_000508_backfill
de64bd96-3a81-45e7-8f4e-5350367e0367,202405712,4.8000,5.0000,5.0000,,2026-09-09 08:52:55.445574+07,admin
dea7eb66-e969-4dd8-8b17-64c188417457,202207884,1.5000,1.5000,1.5000,,2026-09-07 14:24:16.976218+07,migration_000506_backfill
ded56322-1f70-43ba-bd49-2c990b8181c8,202210995,3.2500,,3.2500,,2026-09-07 14:24:16.976218+07,migration_000506_backfill
dee5756e-db3e-485f-ad3c-bdb2a7436fc5,202104207,1.1300,1.0300,1.0300,,2026-09-07 14:24:16.976218+07,migration_000506_backfill
def7e3ee-7c47-4da5-b7e1-c19d34185676,202306270,4.5000,,4.5000,,2026-09-08 09:21:50.2908+07,migration_000508_backfill
df06ac67-4e57-4bdc-b4bf-d188eafd28f0,202206875,1.2800,1.5000,1.5000,,2026-09-07 14:24:16.976218+07,migration_000506_backfill
df0e5593-b463-4e1b-83bb-236f329b786c,202104226,2.3700,,2.0600,,2026-09-08 09:21:50.2908+07,migration_000508_backfill
df10cc7e-e5ac-4115-a4d3-1853ff37b02e,202212092,1.9000,1.5000,1.5000,,2026-09-07 14:24:16.976218+07,migration_000506_backfill
df2211ea-a49e-4f53-bc8f-7f91273d022b,202309493,1.2000,,1.4800,,2026-09-09 08:52:38.349619+07,admin
df5538af-ef9b-448a-aff4-a97a2e4e09af,202501145,5.0000,5.0000,5.0000,,2026-09-08 09:21:50.2908+07,migration_000508_backfill
df6872a3-377e-4c45-9597-51dc50d87cdc,202503209,3.0000,3.0000,3.0000,,2026-09-08 09:21:50.2908+07,migration_000508_backfill
df6e45f7-3ea9-4357-a921-e3f6c6802cb6,202111648,3.2000,2.6000,3.2800,,2026-09-09 08:52:39.301453+07,admin
df770455-61b5-4be7-bac7-8179a9b97170,202604829,2.0000,2.0000,2.0000,,2026-09-08 09:21:50.2908+07,migration_000508_backfill
df8802df-49db-4d09-9871-10055883d958,202309497,4.0000,4.0000,4.0000,,2026-09-07 14:24:16.976218+07,migration_000506_backfill
df9e46a6-46f4-4786-ab69-11d2a5e45d72,202407759,1.0000,1.0000,1.0000,,2026-09-08 09:21:50.2908+07,migration_000508_backfill
dfbcdcba-567b-4f3a-9278-9f74ea377210,202407762,2.0000,2.0000,2.0000,,2026-09-08 09:21:50.2908+07,migration_000508_backfill
dfbdc9f8-3d67-4c16-99ae-f66e2cd876a8,202606927,2.0500,,1.8000,,2026-09-09 08:52:42.039798+07,admin
dfe6d3f8-4550-4287-84f1-cba8db461c84,202309448,2.0000,2.0000,2.0000,,2026-09-07 14:24:16.976218+07,migration_000506_backfill
dfe8358a-3e73-430a-89dc-2fd214419f57,202307330,2.4400,2.5000,2.5000,,2026-09-08 09:21:50.2908+07,migration_000508_backfill
dff56451-2428-41db-9290-779a1c2205e2,202411007,1.8800,2.0000,2.0000,,2026-09-08 09:21:50.2908+07,migration_000508_backfill
dffa6c8b-183a-45c9-9bcf-9030efcf00a3,202604808,6.0000,6.0000,6.0000,,2026-09-08 09:21:50.2908+07,migration_000508_backfill
dffeba90-19d7-4444-b839-2f952b6fc10d,202204771,3.0000,3.0000,3.0000,,2026-09-07 14:24:16.976218+07,migration_000506_backfill
e006643a-006b-4c63-8a50-617ef5bf0f95,202312581,2.0000,2.0000,2.0000,,2026-09-07 14:24:16.976218+07,migration_000506_backfill
e026b497-ee89-4e42-92a8-4b77091dbc29,202104210,2.5400,,2.5400,,2026-09-09 08:52:58.782794+07,admin
e0517094-7c9f-4888-a7d5-943416023c96,202511595,3.0000,3.0000,3.0000,,2026-09-08 09:21:50.2908+07,migration_000508_backfill
e052b1d7-252c-44ca-9e36-21a86465761e,202604833,2.0000,2.0000,2.0000,,2026-09-08 09:21:50.2908+07,migration_000508_backfill
e06e82b7-9b08-4acd-b9e4-1aa597253239,202403650,3.6200,3.0000,3.0000,,2026-09-08 09:21:50.2908+07,migration_000508_backfill
e081144a-0d61-4b20-b1f4-0fd4b103a4a0,202312574,,,,,,
e0a3c448-f29e-4e14-a826-a65fa1f6a021,202604831,3.5000,3.5000,3.5000,,2026-09-08 09:21:50.2908+07,migration_000508_backfill
e0eecc9b-f5b9-49db-95dc-ffc7b53bbd2f,202404679,3.2000,2.5000,2.5000,,2026-09-07 14:24:16.976218+07,migration_000506_backfill
e1170602-5788-481a-a3cb-90e35dcc47e4,202306319,3.0000,,3.0000,,2026-09-07 14:24:16.976218+07,migration_000506_backfill
e117379a-b653-4e2c-af34-af9f2fc62430,202308405,3.0900,3.0000,3.0000,,2026-09-07 14:24:16.976218+07,migration_000506_backfill
e12bb4cd-a548-4717-a41b-8adbb360ffdf,202308413,2.2000,2.0000,2.0000,,2026-09-07 14:24:16.976218+07,migration_000506_backfill
e13d0a21-02ff-4cf2-ac34-0c696cf28bc0,202407817,2.0000,2.0000,2.0000,,2026-09-08 09:21:50.2908+07,migration_000508_backfill
e1609ea5-0060-4ad3-a4ad-a09a2ad7011d,202508459,1.0000,,1.0400,,2026-09-08 09:21:50.2908+07,migration_000508_backfill
e1631f2a-02c2-4ad0-a3be-ee68638e4e78,202506359,1.9800,2.0000,2.0000,,2026-09-08 09:21:50.2908+07,migration_000508_backfill
e165278e-da3e-41e9-af47-a37a8e3ab4a3,202604806,3.0000,3.0000,3.0000,,2026-09-08 09:21:50.2908+07,migration_000508_backfill
e16ace0d-7b81-49a0-98d8-65fa0ab8368f,202507398,2.0800,2.0000,2.0000,,2026-09-08 09:21:50.2908+07,migration_000508_backfill
e188e795-a80b-493e-909a-ad181c499b7e,202104356,0.9400,,0.6000,,2026-09-09 08:52:48.312939+07,admin
e1ad5fd9-3abb-420b-be54-86c5eaf4b229,202505251,1.5700,,1.4300,,2026-09-09 08:52:42.818642+07,admin
e1d19cb5-fcfc-4ccd-99b9-4c1f000bc468,,,,1.2000,,2026-09-09 08:52:38.271138+07,admin
e213cce0-0ecc-4275-af77-a7651f2a88d7,202306296,1.5000,1.5000,1.5000,,2026-09-08 09:21:50.2908+07,migration_000508_backfill
e21fbb47-b65f-4006-9f56-2d991eb0921a,202309444,2.0000,2.0000,2.0000,,2026-09-08 09:21:50.2908+07,migration_000508_backfill
e222d073-dfab-457d-bda0-3cb9086065c7,202406728,1.5500,1.5000,1.5000,,2026-09-09 08:52:44.04512+07,admin
e2394a5e-fbcf-4a9a-81e1-bec1f54b8447,202203765,1.3500,,1.7200,,2026-09-09 08:52:42.162418+07,admin
e248445d-f465-47a6-a1e2-47c4d90bdadd,202201710,1.9900,1.5000,1.5000,,2026-09-07 14:24:16.976218+07,migration_000506_backfill
e29f6af3-e769-41f0-9f0b-8f5611b1f090,202108545,2.3000,2.0000,2.0000,,2026-09-09 08:52:59.628882+07,admin
e2b67c86-f200-4309-acc5-e91eaa2e38dd,202502207,7.8000,8.0000,8.0000,,2026-09-08 09:21:50.2908+07,migration_000508_backfill
e2c4cf81-98a3-409b-96d8-7a05bfe777e2,202306305,4.0000,4.0000,4.0000,,2026-09-08 09:21:50.2908+07,migration_000508_backfill
e2c83710-1304-4d74-8d47-157b0c00aba0,202509491,4.0000,4.0000,4.0000,,2026-09-08 09:21:50.2908+07,migration_000508_backfill
e2e07a6e-9b1a-4270-846d-a09daa7191b3,202501142,3.0000,3.0000,3.0000,,2026-09-08 09:21:50.2908+07,migration_000508_backfill
e2f14c7c-a1c8-44bf-9620-2529ba8f5109,202407810,3.1200,3.0000,3.0000,,2026-09-07 14:24:16.976218+07,migration_000506_backfill
e30d4314-3fc2-4f74-bd1b-18a6a0b56b06,202504220,2.0000,2.0000,2.0000,,2026-09-08 09:21:50.2908+07,migration_000508_backfill
e31105c9-5f42-4f24-bb35-c3bbafa72cc3,202104065,1.5000,,1.3000,,2026-09-09 08:52:41.998313+07,admin
e3506340-750e-4ee5-80eb-63c7deb5e9b2,202503216,6.0000,6.0000,6.0000,,2026-09-07 14:24:16.976218+07,migration_000506_backfill
e35ad417-33d7-44ef-a8dd-5ee563f71cb4,202508439,1.4500,1.5000,1.5000,,2026-09-08 09:21:50.2908+07,migration_000508_backfill
e363d8ac-3453-401b-a1a5-da80688ba9e1,202604816,4.0000,4.0000,4.0000,,2026-09-08 09:21:50.2908+07,migration_000508_backfill
e374e5ec-ed17-428f-8bba-b9e8cf53e253,202307353,1.5000,1.5000,1.5000,,2026-09-08 09:21:50.2908+07,migration_000508_backfill
e38b759c-c81c-416d-9707-c4b9d25e591f,202206822,2.1000,,2.1000,,2026-09-07 14:24:16.976218+07,migration_000506_backfill
e3968a9a-7837-4d36-8ded-ed8e461181e2,202104343,1.2500,,1.2500,,2026-09-09 08:52:53.648752+07,admin
e3a30f65-f232-4121-904b-e6190116ea1e,202406749,2.0000,2.0000,2.0000,,2026-09-08 09:21:50.2908+07,migration_000508_backfill
e3de36cd-761d-4408-919e-bdd29f9eccc8,202309473,1.5000,1.5000,1.5000,,2026-09-07 14:24:16.976218+07,migration_000506_backfill
e4029634-9775-4117-8ff0-2496524bb01b,202311551,1.2800,1.5000,1.5000,,2026-09-08 09:21:50.2908+07,migration_000508_backfill
e41382a9-769d-4576-b37e-9d1366005881,202104051,1.0900,,1.0900,,2026-09-09 08:52:58.636032+07,admin
e4198bff-c9a9-4a0a-838e-5196d187f43d,202506360,6.0000,6.0000,6.0000,,2026-09-08 09:21:50.2908+07,migration_000508_backfill
e41b424c-268a-4ee1-ac52-89f65d22514f,202401616,2.0000,2.0000,2.0000,,2026-09-08 09:21:50.2908+07,migration_000508_backfill
e41d73b7-7f25-4e5b-9408-16598d46e2dc,202409933,1.8200,2.0000,2.0000,,2026-09-08 09:21:50.2908+07,migration_000508_backfill
e48035f1-156e-46a2-8aa2-4201a528bf7a,202405702,4.1000,5.0000,5.0000,,2026-09-08 09:21:50.2908+07,migration_000508_backfill
e493d57f-f9a9-45db-bd8e-4acef673a9ad,202409901,1.5000,,1.5000,,2026-09-08 09:21:50.2908+07,migration_000508_backfill
e4a47273-33ce-40e7-8dbb-c1fc849ab7ed,202407756,1.5000,1.5000,1.5000,,2026-09-08 09:21:50.2908+07,migration_000508_backfill
e4ace764-beb1-4adc-b962-8e64ba01e13c,202408837,2.0000,,2.0000,,2026-09-07 14:24:16.976218+07,migration_000506_backfill
e4b630f3-8b98-4c53-a606-f86e751094a0,202506356,2.0000,2.0000,2.0000,,2026-09-08 09:21:50.2908+07,migration_000508_backfill
e4d8fff7-f1c1-4a9b-9b15-a9551816ba5c,202505263,5.5000,5.0000,5.0000,,2026-09-08 09:21:50.2908+07,migration_000508_backfill
e4e69410-526d-4274-9e31-b76124409943,202403658,4.0000,4.0000,4.0000,,2026-09-08 09:21:50.2908+07,migration_000508_backfill
e4ee69d5-f512-407f-a737-131e88d6a020,202411027,1.0000,1.0000,1.0000,,2026-09-08 09:21:50.2908+07,migration_000508_backfill
e4f2ac29-f521-407c-a440-877daca7c387,202206853,2.0000,,2.0000,,2026-09-07 14:24:16.976218+07,migration_000506_backfill
e5080760-b5e5-44bd-ad42-fd2f29996898,202605892,1.4500,,1.6000,,2026-09-08 09:21:50.2908+07,migration_000508_backfill
e53441ac-4f48-49b3-afb1-82f4da6746c4,202110612,1.5000,1.5000,1.5000,,2026-09-07 14:24:16.976218+07,migration_000506_backfill
e546f185-bc86-4c3d-8309-34ea3b7227a1,202502197,1.7000,1.7000,1.7000,,2026-09-07 14:24:16.976218+07,migration_000506_backfill
e55bdb0a-cdb2-495d-a7c8-b8a23fece7a6,202104201,1.0500,,1.0500,,2026-09-08 09:21:50.2908+07,migration_000508_backfill
e56d61be-236d-485e-8848-9f68a86d6daa,202511583,2.6600,,3.1200,,2026-09-09 08:52:50.171951+07,admin
e57c7677-3705-46e0-baf3-07b5889fa1b6,,,,1.9500,,2026-09-09 08:52:41.210665+07,admin
e5a1fab6-c97b-4e90-ab3f-cf8128c0e3be,202306277,1.4500,1.5000,1.5000,,2026-09-08 09:21:50.2908+07,migration_000508_backfill
e5d11bf2-ebe0-4426-b6a9-17f8365ec595,202602712,2.0000,2.0000,2.0000,,2026-09-08 09:21:50.2908+07,migration_000508_backfill
e5d12fde-80bf-425d-b77e-c65c63c71d99,202206879,2.0000,2.0000,2.0000,,2026-09-07 14:24:16.976218+07,migration_000506_backfill
e6056726-811c-4cdf-9972-cd46adbc1510,202312578,3.0000,3.0000,3.0000,,2026-09-08 09:21:50.2908+07,migration_000508_backfill
e63205a4-5a65-4cc8-b358-96e9cdf0c956,202410951,1.8800,2.0000,2.0000,,2026-09-08 09:21:50.2908+07,migration_000508_backfill
e660e78b-756b-47dc-a739-3b6181278d90,202307322,2.7000,,3.2000,,2026-09-08 09:21:50.2908+07,migration_000508_backfill
e66515bc-198c-43a0-abe0-316354618cc2,202407821,2.0000,2.0000,2.0000,,2026-09-08 09:21:50.2908+07,migration_000508_backfill
e683d5c8-395c-42f1-9852-5ebd75eac599,202305254,3.3000,,3.1200,,2026-09-09 08:52:50.171951+07,admin
e68a472b-8f16-4d5f-a73f-453e75bea119,202309466,2.0000,2.0000,2.0000,,2026-09-07 14:24:16.976218+07,migration_000506_backfill
e6b9b7c7-2db6-4d8e-a065-b218d2d73862,202507395,2.5000,2.5000,2.5000,,2026-09-08 09:21:50.2908+07,migration_000508_backfill
e6c54a48-ba72-43d9-b77c-9a8e5a4212b4,202309480,1.5000,1.5000,1.5000,,2026-09-08 09:21:50.2908+07,migration_000508_backfill
e6ca8e2c-66a1-4d35-87b5-6a24f2496946,202406739,5.3000,5.3000,5.3000,,2026-09-08 09:21:50.2908+07,migration_000508_backfill
e6f69d13-0a5d-457d-ba10-9223ccb84dfc,202206832,2.1000,,2.1000,,2026-09-07 14:24:16.976218+07,migration_000506_backfill
e6ff3fa4-56f1-4f79-8145-b59b3f81abba,202201713,3.6500,3.5000,3.5000,,2026-09-09 08:52:45.794822+07,admin
e70a9881-f81f-4195-861a-56563c056828,202412064,2.0000,2.0000,2.0000,,2026-09-08 09:21:50.2908+07,migration_000508_backfill
e70ca5a0-d651-4d8c-b5c1-e17dd7aa87cf,202108549,2.0300,2.0000,2.0300,,2026-09-09 08:52:45.555122+07,admin
e73baf69-a66f-4ebc-b549-6faee81e3322,202110594,2.9800,2.1000,2.1000,,2026-09-09 08:52:54.389751+07,admin
e74c41d9-cad4-42c8-bee8-05ec66414291,202405713,2.2000,2.0000,2.0000,,2026-09-09 08:52:54.694499+07,admin
e76d09a2-e22a-4b71-b677-71bab33386e3,202302172,1.5000,1.5000,1.5000,,2026-09-07 14:24:16.976218+07,migration_000506_backfill
e7923575-f68f-4819-b2ce-5c28dd1cce7c,202601671,2.0000,2.0000,2.0000,,2026-09-08 09:21:50.2908+07,migration_000508_backfill
e7a8b084-2579-4544-a216-d954439ac2c4,,,,,,,
e7bef901-5396-4629-869f-50302024e3c6,202302149,4.1700,,3.6500,,2026-09-09 08:52:38.820461+07,admin
e7cd301e-0f4d-401d-b385-7db414b7941c,202507428,6.5000,6.0000,6.0000,,2026-09-07 14:24:16.976218+07,migration_000506_backfill
e7d5d3e4-f2ff-4879-a1bd-bdff831ada6a,202408827,7.0000,7.0000,7.0000,,2026-09-07 14:24:16.976218+07,migration_000506_backfill
e7eb16fa-0e15-4122-9922-30b1ed27a33a,202407794,2.0000,2.0000,2.0000,,2026-09-07 14:24:16.976218+07,migration_000506_backfill
e7ecfee2-f7e7-4d04-8367-41b020fe40fc,202501157,3.0000,3.0000,3.0000,,2026-09-08 09:21:50.2908+07,migration_000508_backfill
e7f8f60f-f3a3-40d2-9077-73edbdbd09ea,202211031,1.7000,,,,2022-11-21 00:00:00+07,1437
e82668ea-e30b-4a09-8181-773f7eeae9fa,202108540,2.3500,2.6000,2.6000,,2026-09-09 08:52:49.612458+07,admin
e82a3eba-82dd-4261-b10c-e849163650b2,202306276,1.0000,1.0000,1.0000,,2026-09-08 09:21:50.2908+07,migration_000508_backfill
e836e7cb-03bd-49f5-973b-26d08a9dc450,202302138,2.0000,2.0000,2.0000,,2026-09-07 14:24:16.976218+07,migration_000506_backfill
e83925f8-6b32-41d5-bec4-ff068167165e,202402624,2.0000,2.0000,2.0000,,2026-09-07 14:24:16.976218+07,migration_000506_backfill
e843413d-cb20-4054-b36f-1e7881cf32b1,202309501,2.0000,,1.7300,,2026-09-08 09:21:50.2908+07,migration_000508_backfill
e845889e-3ab4-4ad7-afaa-49b65bcd393d,202410978,2.0000,2.0000,2.0000,,2026-09-08 09:21:50.2908+07,migration_000508_backfill
e845a37e-3cc0-4555-a1e1-82ad9e88a67b,202302130,1.5000,1.5000,1.5000,,2026-09-07 14:24:16.976218+07,migration_000506_backfill
e8634080-4a35-4344-8f07-21846d1c7ab1,202509527,5.0000,5.0000,5.0000,,2026-09-08 09:21:50.2908+07,migration_000508_backfill
e8798460-09e1-4f04-a0df-766f6253dd21,202104303,2.0000,,1.4800,,2026-09-09 08:52:38.349619+07,admin
e87e8617-be89-4a68-9608-f003186c9d7b,202209934,1.7000,1.7000,1.7000,,2026-09-07 14:24:16.976218+07,migration_000506_backfill
e88d16ae-a164-410a-8c5d-ce49aed75e18,,,,1.0800,,2026-09-09 08:52:38.428113+07,admin
e8b81796-3105-4341-9e5c-d483898b8a5b,,,,,,,
e8be6447-95e8-4d53-bcab-1817da0ac93b,202507412,2.0000,2.0000,2.0000,,2026-09-08 09:21:50.2908+07,migration_000508_backfill
e8db5a18-f949-4d74-8e10-75ff62b60797,202411004,2.6000,,2.2000,,2026-09-08 09:21:50.2908+07,migration_000508_backfill
e8e2f4cd-0e6f-47e3-b2ab-37f085f40764,202502187,3.6190,,2.6000,,2026-09-08 09:21:50.2908+07,migration_000508_backfill
e8f09fd4-aa74-4c82-9df1-9852abf07270,202308367,1.5000,1.5000,1.5000,,2026-09-08 09:21:50.2908+07,migration_000508_backfill
e91e1ebe-e879-4a63-b753-2693d5077f86,202501094,1.5000,1.5000,1.5000,,2026-09-08 09:21:50.2908+07,migration_000508_backfill
e92c6c40-aa74-407e-b3c2-a465e2a6689d,202401615,1.8500,2.0000,2.0000,,2026-09-08 09:21:50.2908+07,migration_000508_backfill
e93add2a-1549-407f-8356-2fb24e3567c3,202405693,1.2300,1.0800,1.5000,,2026-09-07 14:24:16.976218+07,migration_000506_backfill
e946ec9c-2e34-45fc-ba31-83deea6865c7,202302160,1.5000,1.5000,1.5000,,2026-09-07 14:24:16.976218+07,migration_000506_backfill
e952764a-f471-471b-9c13-4f7064318ea1,202104282,2.6300,,2.3000,,2026-09-09 08:52:46.098125+07,admin
e95cf4b8-d2c0-4068-abdf-8dc55e5567c2,202412058,5.8500,6.0000,6.0000,,2026-09-08 09:21:50.2908+07,migration_000508_backfill
e9941a40-6fe8-4a0a-83a2-44c7f1be8bf6,202507377,1.7500,2.0000,2.0000,,2026-09-08 09:21:50.2908+07,migration_000508_backfill
e9b1ac07-5302-4c1c-8f12-ee15e4cea3e9,202205818,1.5000,1.5000,1.5000,,2026-09-07 14:24:16.976218+07,migration_000506_backfill
e9bd39f5-f246-4ad1-a8ee-25d7f9678896,202412063,4.4500,4.0000,4.0000,,2026-09-08 09:21:50.2908+07,migration_000508_backfill
e9dcc3cd-41ff-4b06-906d-4b39957c8994,202104094,1.8800,,1.8800,,2026-09-09 08:52:51.097228+07,admin
e9e4570a-4e4d-475d-a8dc-e49101cf6b27,202405694,5.0000,5.0000,5.0000,,2026-09-08 09:21:50.2908+07,migration_000508_backfill
e9f09327-a528-4e1a-a3c6-c8d8b0eb7815,202206834,2.1000,,2.1000,,2026-09-07 14:24:16.976218+07,migration_000506_backfill
e9fd629f-cca6-418a-bdc1-4e3dda1a418d,202309467,1.5000,1.5000,1.5000,,2026-09-07 14:24:16.976218+07,migration_000506_backfill
ea170c5d-2811-4459-b3a5-e582d042032d,202410948,2.1700,2.0000,2.0000,,2026-09-08 09:21:50.2908+07,migration_000508_backfill
ea480b6a-e04a-4c63-9e4c-187068003aa6,,,,1.0000,,2026-09-09 08:52:41.634227+07,admin
ea6c0e1e-e157-4010-af8e-7346495f03e1,202209950,4.0000,4.0000,4.0000,,2026-09-07 14:24:16.976218+07,migration_000506_backfill
ea912ca5-1d04-4a08-9d1c-df4e223b45e0,202411043,2.2000,2.0000,2.0000,,2026-09-08 09:21:50.2908+07,migration_000508_backfill
ea99a851-c8e5-429e-aae6-182a1063be25,202506358,4.0000,4.0000,4.0000,,2026-09-08 09:21:50.2908+07,migration_000508_backfill
ea9ce6dd-abb0-4850-81e3-c9ebe14953b9,202409882,2.1000,2.0000,2.0000,,2026-09-08 09:21:50.2908+07,migration_000508_backfill
ea9e1a55-e75c-4663-b070-67846e954646,202501146,2.0000,2.0000,2.0000,,2026-09-08 09:21:50.2908+07,migration_000508_backfill
eabaebf2-6386-4fa4-ab40-5debb121e3ac,202306313,2.0000,2.0000,2.0000,,2026-09-08 09:21:50.2908+07,migration_000508_backfill
eabcbc8a-f19d-4201-934d-7445c09a21e4,202605885,4.0000,4.0000,4.0000,,2026-09-08 09:21:50.2908+07,migration_000508_backfill
eacc5c2f-4db3-424e-b890-5c6044ecacef,202307328,2.0000,2.0000,2.0000,,2026-09-08 09:21:50.2908+07,migration_000508_backfill
eaf9ed16-377d-45dd-b573-c206673f4c30,202211023,1.5000,1.5000,1.5000,,2026-09-08 09:21:50.2908+07,migration_000508_backfill
eb74f478-d993-45dd-8574-bf0fc1f98140,202604841,1.5000,1.5000,1.5000,,2026-09-08 09:21:50.2908+07,migration_000508_backfill
ebac5ddb-c85f-422d-86f2-3fc3d22735b6,202512651,4.0000,4.0000,4.0000,,2026-09-08 09:21:50.2908+07,migration_000508_backfill
ebaf2066-de8b-4e21-a4b0-187a529f29f0,202604815,2.0000,2.0000,2.0000,,2026-09-08 09:21:50.2908+07,migration_000508_backfill
ec5b734a-1a52-4fb2-9c96-90e1b8e5e381,202104497,3.0000,,,,2021-04-22 00:00:00+07,SINTIA
ec7602d6-9578-4772-8714-19348cccfbb8,202305248,1.5000,1.5000,1.5000,,2026-09-08 09:21:50.2908+07,migration_000508_backfill
ecb5a971-09ec-4775-a382-c209199c2e22,202303207,1.5000,1.5000,1.5000,,2026-09-07 14:24:16.976218+07,migration_000506_backfill
ecd12ee3-6332-4bb3-8612-27c43d92d554,202206854,2.0000,,2.0000,,2026-09-07 14:24:16.976218+07,migration_000506_backfill
ed2eddc3-49e2-4011-93ba-c3d879e30628,202104168,0.8000,,0.8900,,2026-09-09 08:52:53.295139+07,admin
ed43279b-fafb-4e55-98f0-9b24721d1476,202206880,2.0000,2.0000,2.0000,,2026-09-07 14:24:16.976218+07,migration_000506_backfill
ed8ab328-ccf7-425e-8bbf-9fb3f5cca6b3,202605891,1.1200,1.3000,1.3000,,2026-09-08 09:21:50.2908+07,migration_000508_backfill
ed90db54-fcc8-4dd8-bdf7-3d98560c29e1,202202733,6.3000,6.0000,6.0000,,2026-09-09 08:53:00.381571+07,admin
eda06952-6792-49db-ae99-c1d29ee2a519,202104121,1.5000,,1.4300,,2026-09-09 08:52:42.818642+07,admin
edc36c05-ccac-4996-8a21-24485d562efc,202509483,2.0000,2.0000,2.0000,,2026-09-07 14:24:16.976218+07,migration_000506_backfill
edd12ab0-0231-4a54-85ea-a95d7aacadce,202508467,2.0500,2.0000,2.0000,,2026-09-08 09:21:50.2908+07,migration_000508_backfill
edf60a54-7c1d-49fa-8d6c-c1cd0f20db55,202104256,2.5100,,2.5100,,2026-09-09 08:52:53.971424+07,admin
ee044d51-7e4c-4267-b1c2-c7690f2baeee,202604869,1.6100,1.5000,1.5000,,2026-09-09 08:52:54.179234+07,admin
ee404fa3-4eff-40b4-b225-8e5912341889,202204774,1.2000,1.5000,1.5000,,2026-09-07 14:24:16.976218+07,migration_000506_backfill
ee4aa467-1681-4fe7-8b73-d241b4677058,202104292,1.7700,,1.6700,,2026-09-09 08:52:48.194254+07,admin
ee4d7cb7-d138-4656-b9cb-478d0c52ea48,202302173,1.5000,1.5000,1.5000,,2026-09-07 14:24:16.976218+07,migration_000506_backfill
ee548b24-cae5-4c47-aad9-2fbf2730d943,202306299,1.0000,1.0000,1.0000,,2026-09-08 09:21:50.2908+07,migration_000508_backfill
ee5b6005-d20d-48aa-8d4c-170447088739,202111635,2.0000,2.0000,2.0000,,2026-09-07 14:24:16.976218+07,migration_000506_backfill
ee8b7a35-528f-4e6c-a496-e7471dc96d75,202104106,1.6100,,1.6100,,2026-09-09 08:52:54.967208+07,admin
eedb3177-28ee-44fd-a1f8-d5a194dd6f36,,,,2.0000,,2026-09-09 08:52:42.245906+07,admin
eede37a5-e089-4b53-a89d-8fd60c339a0d,202209954,2.5000,,2.3800,,2026-09-08 09:21:50.2908+07,migration_000508_backfill
eedef723-d2c1-4ca8-9b1c-c316c17cff3c,202104274,1.1400,,1.1400,,2026-09-09 08:53:00.03643+07,admin
eeee7d12-61c8-4c37-a4e4-c4c19ba1e758,202104253,2.5000,,2.5000,,2026-09-09 08:52:51.314767+07,admin
eef83a14-dad9-4638-b055-6b943f6ac37c,202507420,3.3000,3.3000,3.3000,,2026-09-08 09:21:50.2908+07,migration_000508_backfill
eefa888b-889d-4e9f-81a3-536a5a3a965f,202507376,2.7000,3.0000,3.0000,,2026-09-08 09:21:50.2908+07,migration_000508_backfill
ef226046-5357-4bcb-9bde-9459299db678,202303187,2.2500,2.5000,2.5000,,2026-09-07 14:24:16.976218+07,migration_000506_backfill
ef5943b7-ac8b-4b3f-80e7-884af7c888dc,202204800,3.9000,3.7500,3.7500,,2026-09-07 14:24:16.976218+07,migration_000506_backfill
ef5c9286-21cf-44dd-83bb-714ec3d92440,202202735,3.5900,3.6500,3.6700,,2026-09-09 08:52:57.695528+07,admin
ef691f1f-8ad3-4557-b7d1-20b81add1e57,202411035,2.0000,2.0000,2.0000,,2026-09-08 09:21:50.2908+07,migration_000508_backfill
ef805422-c16e-4326-9b1c-1ad9f9d9e426,202506323,4.2500,5.0000,5.0000,,2026-09-08 09:21:50.2908+07,migration_000508_backfill
ef83df08-82f4-45ab-8822-cb50618cf0c7,202411003,2.8000,,2.6000,,2026-09-08 09:21:50.2908+07,migration_000508_backfill
ef8549ca-1f8e-4d63-a55a-96d059d44523,202104133,3.0000,,3.0000,,2026-09-08 09:21:50.2908+07,migration_000508_backfill
ef9a8457-5fbd-43b6-b9d5-8f12f8e61190,202104398,1.0800,,1.0800,,2026-09-09 08:52:46.334933+07,admin
ef9c35db-ef59-4f37-bc52-e0374a94a3e6,202206847,1.5000,1.5000,1.5000,,2026-09-07 14:24:16.976218+07,migration_000506_backfill
efa6ed99-d1a0-4b31-aee0-2c106527dac9,202508477,2.7500,3.0000,3.0000,,2026-09-07 14:24:16.976218+07,migration_000506_backfill
efb92c34-be69-4aad-b1a9-9a42e09176fc,202308426,1.5000,1.5000,1.5000,,2026-09-07 14:24:16.976218+07,migration_000506_backfill
efbb1441-59f3-4a0b-ac4c-71a1b831fb5c,202411006,2.6500,,2.8000,,2026-09-08 09:21:50.2908+07,migration_000508_backfill
efe0b8ca-8ede-441c-a827-ba52409f3a3a,,,,1.3700,,2026-09-09 08:52:38.729471+07,admin
efe69a10-80a3-4250-9daf-14515f15e49b,202412069,4.0000,4.0000,4.0000,,2026-09-08 09:21:50.2908+07,migration_000508_backfill
efea4ba4-a603-49d6-8420-350364d5bbf5,202104054,3.0000,,3.0000,,2026-09-09 08:52:59.090538+07,admin
f00cc0a3-fb4c-489d-abba-492ad5b22439,202302134,1.5000,1.5000,1.5000,,2026-09-07 14:24:16.976218+07,migration_000506_backfill
f01b9f93-9ad9-4cc4-84c4-62a91d5161ee,202104241,2.7400,,3.0500,,2026-09-09 08:52:45.075835+07,admin
f038c495-afff-4acb-bb62-900ffcbefd33,202108567,4.3400,,3.5700,,2026-09-08 09:21:50.2908+07,migration_000508_backfill
f061e2d9-9928-48c8-8031-0b1d589601b8,202412062,2.1000,2.0000,2.0000,,2026-09-08 09:21:50.2908+07,migration_000508_backfill
f07b35da-cb15-49ad-a397-ddaf5d2da8e7,,,,1.2500,,2026-09-09 08:52:39.715411+07,admin
f0d8f711-1e29-4b78-be87-7cb7640fc2dd,202305266,1.5000,1.5000,1.5000,,2026-09-08 09:21:50.2908+07,migration_000508_backfill
f0ebe852-282b-45f5-ba3f-092f0fcb28c2,202305268,3.3000,,3.3000,,2026-09-08 09:21:50.2908+07,migration_000508_backfill
f0f13303-8875-47fb-a7f8-c9ed0d078fc5,202603759,1.0000,1.0000,1.0000,,2026-09-08 09:21:50.2908+07,migration_000508_backfill
f1062434-b9e7-4a02-b629-a4d73a8c5edc,202512631,5.0000,5.0000,5.0000,,2026-09-08 09:21:50.2908+07,migration_000508_backfill
f113c312-4302-4dff-ba7d-91076c9bd962,202104315,2.9000,,1.0200,,2026-09-09 08:53:01.106435+07,admin
f1236779-1684-4322-813a-f21ec1a88137,202301109,2.4500,2.8000,3.3000,,2026-09-07 14:24:16.976218+07,migration_000506_backfill
f1369dcc-70aa-45e0-ad52-d9dfd750b3c0,202305238,2.9000,2.9000,2.9000,,2026-09-09 08:52:50.016826+07,admin
f1397cdc-489e-497e-bf7e-250cff566557,,,,2.4000,,2026-09-09 08:52:39.012999+07,admin
f13ceb20-08c3-4377-a94e-aeab4082546c,202211010,1.5000,1.5000,1.5000,,2026-09-08 09:21:50.2908+07,migration_000508_backfill
f163e1c9-b05c-40af-8062-c559b82b930b,202509501,2.0000,2.0000,2.0000,,2026-09-08 09:21:50.2908+07,migration_000508_backfill
f177e1bf-4103-4746-b550-7fedfb021b46,202104387,2.9000,,2.9000,,2026-09-09 08:52:44.255206+07,admin
f196c34b-a754-40d7-93a0-6dc0d1cce1e7,202211044,1.5400,1.5000,1.5000,,2026-09-08 09:21:50.2908+07,migration_000508_backfill
f19cc130-316d-4a8f-beca-059bb878d4b4,202505279,5.2800,5.5000,5.5000,,2026-09-08 09:21:50.2908+07,migration_000508_backfill
f19d8be0-0587-47ee-a4fd-63e98a5ceb75,202203762,1.6100,1.5000,1.5000,,2026-09-07 14:24:16.976218+07,migration_000506_backfill
f1c3062e-7c71-4918-b48d-97acdab20ae0,,,,2.0000,,2026-09-09 08:52:41.549836+07,admin
f1ca844b-2bb3-4f16-9a00-b3b097706243,202312577,3.0000,3.0000,3.0000,,2026-09-08 09:21:50.2908+07,migration_000508_backfill
f1f0a1ea-2f3f-458f-bc97-4c10dcff1497,202104079,3.0000,,3.0000,,2026-09-09 08:52:46.219941+07,admin
f223e767-810a-4230-9411-88678746b59d,202411012,2.0000,2.0000,2.0000,,2026-09-08 09:21:50.2908+07,migration_000508_backfill
f25a760b-2a55-4542-a031-7f730961b462,202111664,1.6500,1.5000,1.5000,,2026-09-07 14:24:16.976218+07,migration_000506_backfill
f2636f48-ff7d-4e5f-838a-0fa144e23c27,202104499,2.1000,,1.5000,,2026-09-09 08:52:55.30422+07,admin
f2a1beef-20c3-409f-87aa-567db841fddd,202507430,2.8500,3.0000,3.0000,,2026-09-07 14:24:16.976218+07,migration_000506_backfill
f2b7d9f8-9852-49ac-baac-0cf980e1b98f,202308416,1.3500,1.5000,1.5000,,2026-09-07 14:24:16.976218+07,migration_000506_backfill
f2caa3bd-65a7-452e-aaf1-c203590ae768,202104507,1.5000,1.5000,1.5000,,2026-09-09 08:52:57.314063+07,admin
f2e2edac-e8c5-4688-9fb7-9b42e21e0d06,202410954,3.0700,,3.0700,,2026-09-09 08:53:00.993393+07,admin
f2e9c46e-8106-481c-b6d7-e92edacb1e07,202601672,2.0000,2.0000,2.0000,,2026-09-08 09:21:50.2908+07,migration_000508_backfill
f2efe058-55da-442a-88cb-f0a6403105a1,202409888,1.5000,,1.5000,,2026-09-08 09:21:50.2908+07,migration_000508_backfill
f2fa06bc-5e1c-4698-a94b-1ccd57e2eb99,202104162,2.4000,,,,2025-01-13 00:00:00+07,1437
f3359aaa-ad74-4be5-880b-586431dcc6b5,202308434,2.0000,2.0000,2.0000,,2026-09-07 14:24:16.976218+07,migration_000506_backfill
f3553baf-547f-49ca-a1f9-eecfb584fd83,202308382,1.5000,1.5000,1.5000,,2026-09-08 09:21:50.2908+07,migration_000508_backfill
f3586894-86de-4f3a-bcfd-0649e3f56a88,202512632,5.0000,5.0000,5.0000,,2026-09-08 09:21:50.2908+07,migration_000508_backfill
f3858ed4-716f-4ed4-a980-00ae757fac4b,202506339,2.0000,2.0000,2.0000,,2026-09-08 09:21:50.2908+07,migration_000508_backfill
f397a0cd-1119-4413-851c-e5be0a7a1f9d,202509541,2.0000,2.0000,2.0000,,2026-09-08 09:21:50.2908+07,migration_000508_backfill
f3a852cb-fce5-4880-8e13-938a10504b2a,202501141,3.0000,3.0000,3.0000,,2026-09-08 09:21:50.2908+07,migration_000508_backfill
f3b514f5-5e9e-4b5a-9ae7-e95effe1291e,202502205,2.3000,2.5500,2.5500,,2026-09-08 09:21:50.2908+07,migration_000508_backfill
f3b634e4-a5b6-4d16-b0a9-4217a2e25e61,202606920,3.0000,3.0000,3.0000,,2026-09-08 09:21:50.2908+07,migration_000508_backfill
f3eead3e-2309-49c8-9e28-dc6aafdb2864,202109586,4.0000,4.0000,4.0000,,2026-09-07 14:24:16.976218+07,migration_000506_backfill
f41630a6-f148-4908-95c4-050080db2fed,202208917,1.5000,1.5000,1.5000,,2026-09-07 14:24:16.976218+07,migration_000506_backfill
f4167262-8ab6-419a-9401-d964635e88f3,202602755,2.5000,2.0000,2.0000,,2026-09-08 09:21:50.2908+07,migration_000508_backfill
f4307764-d6de-435d-b0c3-7cc881dea53a,202104450,1.3500,,,,2021-04-24 00:00:00+07,SINTIA
f44159dd-a676-4721-af0a-d8ced1b63474,202109583,2.1600,,2.9000,,2026-09-09 08:52:42.078882+07,admin
f464d2f6-2e8a-4897-9dc2-88362d65c3dd,202307339,1.5000,1.5000,1.5000,,2026-09-08 09:21:50.2908+07,migration_000508_backfill
f4876369-ee63-45da-b076-e4ebfc7a3f36,202404672,3.3000,2.0000,2.0000,,2026-09-08 09:21:50.2908+07,migration_000508_backfill
f491b270-7d16-4654-919c-42b809703905,202409878,2.0000,2.0000,2.0000,,2026-09-08 09:21:50.2908+07,migration_000508_backfill
f4a327ba-aab8-4ca5-88b2-c5a15b096599,202203754,2.0000,2.0000,2.0000,,2026-09-07 14:24:16.976218+07,migration_000506_backfill
f4dc2172-e224-46e6-94a7-7827f89fb93e,202208921,2.2000,2.0000,2.0000,,2026-09-07 14:24:16.976218+07,migration_000506_backfill
f4dd9cf1-48ce-40dc-bfa3-eb14f7aeaae9,202410952,4.2000,4.0000,4.0000,,2026-09-08 09:21:50.2908+07,migration_000508_backfill
f4df895c-a4ec-4100-bfea-b52d7ff3cd65,202509542,1.2500,2.0000,2.0000,,2026-09-08 09:21:50.2908+07,migration_000508_backfill
f4f27045-7265-41db-b4b2-cd3e16df11f2,202505272,4.0000,4.0000,4.0000,,2026-09-08 09:21:50.2908+07,migration_000508_backfill
f4f689fe-827c-4754-b873-fdecb8f66f4f,202507411,2.0000,2.0000,2.0000,,2026-09-08 09:21:50.2908+07,migration_000508_backfill
f4fb0ed9-d77c-4c5b-8838-14f8ddcbe3b9,202407795,2.0000,2.0000,2.0000,,2026-09-07 14:24:16.976218+07,migration_000506_backfill
f50e8971-0428-46b5-884d-3be0dd22cba2,202104036,1.0000,,1.0000,,2026-09-08 09:21:50.2908+07,migration_000508_backfill
f516dff4-355a-4202-929e-0b5c4ac09624,202504235,2.4300,,2.4300,,2026-09-09 08:53:00.678871+07,admin
f51920bc-2367-4fe2-a782-20c0e36852d0,202104211,1.0000,,1.0000,,2026-09-08 09:21:50.2908+07,migration_000508_backfill
f54ed88d-614a-4d0f-b9b0-70401efb607b,202312566,1.2700,1.0000,1.0000,,2026-09-07 14:24:16.976218+07,migration_000506_backfill
f56f67b4-ec88-4db7-bb67-1a8bc86c42df,202306304,1.5000,1.5000,1.5000,,2026-09-07 14:24:16.976218+07,migration_000506_backfill
f58d8d3a-cf9a-4e4e-aefd-82e199e0dc7f,202312564,2.0000,2.0000,2.0000,,2026-09-07 14:24:16.976218+07,migration_000506_backfill
f5ad7214-ea20-4a2b-b36a-4136085917cc,,,,1.5700,,2026-09-09 08:52:39.407343+07,admin
f5dd9bee-417a-4034-bc37-2e40aaa44a9e,202302135,1.5000,1.5000,1.5000,,2026-09-07 14:24:16.976218+07,migration_000506_backfill
f6315d3d-6314-495b-a68c-5decf5f9761c,202104333,1.5000,,1.5000,,2026-09-09 08:52:37.947842+07,admin
f65d5e1e-ab10-4be6-b830-d70c0f10cd05,202210968,1.7300,,1.8000,,2026-09-09 08:52:52.621646+07,admin
f6875491-dab2-438e-846d-e0e75b8c80a8,202110626,1.9500,2.0000,2.0000,,2026-09-07 14:24:16.976218+07,migration_000506_backfill
f6baf195-e997-4a8b-bcf3-719aa0677b0c,202309454,1.5000,1.5000,1.5000,,2026-09-07 14:24:16.976218+07,migration_000506_backfill
f6cdc008-ef96-4116-a861-eb749860b85d,202104213,1.5000,,1.5000,,2026-09-08 09:21:50.2908+07,migration_000508_backfill
f6e3283e-e921-4c08-b03b-c44c83191342,202111651,1.5000,1.0800,1.5000,,2026-09-07 14:24:16.976218+07,migration_000506_backfill
f6fd23fd-71d3-410b-9293-0c5630513cd1,202509516,2.0000,2.0000,2.0000,,2026-09-08 09:21:50.2908+07,migration_000508_backfill
f709a33f-411f-4cb9-8c27-2939d9c48bcc,202309471,2.0000,2.0000,2.0000,,2026-09-07 14:24:16.976218+07,migration_000506_backfill
f75800c3-3902-4103-8946-045ec6f2e26e,,,,1.5000,,2026-09-09 08:52:40.964485+07,admin
f763d4ca-400d-4e2d-b3c1-dc7afc5b6ef2,202505256,1.5000,1.5000,1.5000,,2026-09-08 09:21:50.2908+07,migration_000508_backfill
f76ea838-b012-4e92-8372-c9c4b54ec915,202601706,4.7100,5.0000,5.0000,,2026-09-08 09:21:50.2908+07,migration_000508_backfill
f7a30a31-86b0-4d99-b0e2-1ac7df537686,202110625,1.5500,1.5000,1.5000,,2026-09-07 14:24:16.976218+07,migration_000506_backfill
f7a36226-b48f-4845-8f22-1168e6e55837,202110619,2.2000,2.0000,2.0000,,2026-09-07 14:24:16.976218+07,migration_000506_backfill
f803a092-73ee-4e67-ac8d-351d1a650bbc,202206848,1.5000,1.5000,1.5000,,2026-09-07 14:24:16.976218+07,migration_000506_backfill
f80f2786-4afb-4a0f-bc0d-c7f79f3e05f1,202407771,1.5100,,1.1000,,2026-09-09 08:52:40.835237+07,admin
f81f0675-1010-4162-ba83-a138968fe27a,202405705,1.6400,2.0000,2.0000,,2026-09-09 08:52:51.593972+07,admin
f82d9469-cd92-4c6c-8cc9-98a0eab73b14,202104083,1.5100,,2.2000,,2026-09-09 08:52:56.091959+07,admin
f83438b0-a696-4e16-b982-5f828a36e9ba,202512661,2.0000,2.0000,2.0000,,2026-09-08 09:21:50.2908+07,migration_000508_backfill
f87a4b77-2581-4a84-ae5f-cbabed3c5e10,202209940,1.5000,1.5000,1.5000,,2026-09-07 14:24:16.976218+07,migration_000506_backfill
f88888b2-d724-4638-81a7-1d611ac8f6cd,202208899,4.5000,4.5000,4.5000,,2026-09-07 14:24:16.976218+07,migration_000506_backfill
f8b7d639-5851-4e63-8c96-fc0dc356a347,202411999,2.5600,2.0000,2.0000,,2026-09-08 09:21:50.2908+07,migration_000508_backfill
f8c5f207-a6a9-4c42-b1a1-63040e0e0544,202408849,3.0700,3.0000,3.0000,,2026-09-08 09:21:50.2908+07,migration_000508_backfill
f8e720c8-800d-44c1-9719-16e2fd7f437f,202212088,1.5000,,1.3000,,2026-09-09 08:53:01.250915+07,admin
f8ea8f45-8285-4042-844e-035ca2aecbaf,202411013,1.0000,1.0000,1.0000,,2026-09-08 09:21:50.2908+07,migration_000508_backfill
f927819d-7518-4d28-a73f-cdaa25ab5aca,202409912,1.0000,1.0000,1.0000,,2026-09-08 09:21:50.2908+07,migration_000508_backfill
f92ec7dd-c225-4719-b011-da42e76374a1,202604868,1.5000,1.5000,1.5000,,2026-09-08 09:21:50.2908+07,migration_000508_backfill
f93faf41-931d-49c7-ab64-86459746232c,202203752,3.0000,3.0000,3.0000,,2026-09-07 14:24:16.976218+07,migration_000506_backfill
f95d4524-b155-4e02-bc33-2fd88479102f,202504232,2.7200,2.7200,2.0000,,2026-09-07 14:24:16.976218+07,migration_000506_backfill
f98bdeac-3e72-4ccf-9f1d-5d31ca0c8059,202211026,3.0000,,3.0000,,2026-09-07 14:24:16.976218+07,migration_000506_backfill
f9a239e1-1c9f-4bde-9b90-f0be0d923cf1,202104314,1.3500,,1.0200,,2026-09-09 08:53:01.106435+07,admin
f9a28d38-45c0-43bb-bb32-9e46a93f4617,202104268,2.3800,,2.3800,,2026-09-09 08:52:44.517556+07,admin
f9e0a5ce-36a2-4f30-8c98-d5d3bea9edb6,202309443,1.5000,1.5000,1.5000,,2026-09-08 09:21:50.2908+07,migration_000508_backfill
f9f7cbcd-f470-4559-ba26-6b389e2cbffc,202405692,1.6400,2.0000,2.0000,,2026-09-07 14:24:16.976218+07,migration_000506_backfill
fa05898a-8104-457a-88f8-e855070cee16,202605887,2.2900,,1.8000,,2026-09-09 08:52:50.449376+07,admin
fa0b6e9e-02ca-44c4-8d1a-d6defe349590,,,,2.0000,,2026-09-09 08:52:39.850891+07,admin
fa22a088-fa7c-4317-b8c8-1e316f8bd45b,202412068,4.0000,4.0000,4.0000,,2026-09-08 09:21:50.2908+07,migration_000508_backfill
fa2544b3-eeb3-460c-a7fd-a08def40c929,202201689,2.3700,2.3700,1.5000,,2026-09-07 14:24:16.976218+07,migration_000506_backfill
fa44cfc7-dd89-4fee-8da9-8a014a30ab20,202512629,2.0000,2.0000,2.0000,,2026-09-08 09:21:50.2908+07,migration_000508_backfill
fa50681a-afb4-4bfe-8df7-c72f3d728e96,202111661,1.6300,1.5000,1.5000,,2026-09-07 14:24:16.976218+07,migration_000506_backfill
fa56f68d-6061-4b9c-8f84-988b87d05e78,202205810,5.0000,5.0000,5.0000,,2026-09-09 08:52:58.745045+07,admin
fa5d075d-4814-4278-a2ea-57ce16200453,202506332,1.6200,1.5000,1.5000,,2026-09-08 09:21:50.2908+07,migration_000508_backfill
fa8f2305-f781-4c6b-8e1b-3f0c67311f46,202104060,1.1800,,1.1800,,2026-09-09 08:52:56.285422+07,admin
faa9c3f2-d291-4c89-b9ce-4a9f9fd5cca8,202209947,4.0500,4.0000,4.0000,,2026-09-07 14:24:16.976218+07,migration_000506_backfill
facc13b5-ad77-451a-871a-fe961c561c49,202604820,4.0000,4.0000,4.0000,,2026-09-08 09:21:50.2908+07,migration_000508_backfill
fadaec48-6476-4966-9fd8-37b5290fccab,202606935,2.0000,2.0000,2.0000,,2026-09-08 09:21:50.2908+07,migration_000508_backfill
fb107f80-1e3e-4808-8d81-93b2ce19e528,,,,4.0000,,2026-09-09 08:52:41.414106+07,admin
fb18164b-a80b-4cc2-b9f1-6a6c7afc90d0,202309494,0.9500,,1.0900,,2026-09-09 08:52:56.787836+07,admin
fb3ee45a-82a3-4602-bb83-1d6df4dadc12,202603764,2.0000,2.0000,2.0000,,2026-09-08 09:21:50.2908+07,migration_000508_backfill
fb6b1dd2-b9dd-4e5c-8180-b1314451caf6,202506370,2.5400,2.0000,2.0000,,2026-09-08 09:21:50.2908+07,migration_000508_backfill
fb730092-210a-453e-a783-d34955fac408,202210988,2.0000,2.0000,2.0000,,2026-09-07 14:24:16.976218+07,migration_000506_backfill
fbb24c69-c1ec-4697-8347-0647c1f8ace8,202210990,2.0000,2.0000,2.0000,,2026-09-07 14:24:16.976218+07,migration_000506_backfill
fbc255a2-04e8-4daa-8c48-fbb70a7f1567,,,,3.2500,,2026-09-09 08:52:38.775867+07,admin
fbccad83-2fb2-4c98-b9f7-6555cb5a8779,202507407,2.0000,2.0000,2.0000,,2026-09-08 09:21:50.2908+07,migration_000508_backfill
fbcdcd85-2fea-472f-ad94-3b2b5ba44702,202409914,1.5000,1.5000,1.5000,,2026-09-08 09:21:50.2908+07,migration_000508_backfill
fbecae10-a9fd-45fc-af8f-7ead89a1e38b,202211019,4.0000,4.0000,4.0000,,2026-09-08 09:21:50.2908+07,migration_000508_backfill
fbf5a5b5-7604-4035-8c03-2ab076d66222,202407804,2.0000,2.0000,2.0000,,2026-09-07 14:24:16.976218+07,migration_000506_backfill
fbf63232-7d2b-4189-8f75-22c66a51a407,202401605,2.0000,2.0000,2.0000,,2026-09-07 14:24:16.976218+07,migration_000506_backfill
fc05d00b-f1e6-441f-b0e7-2a2645904030,202307329,2.0000,2.0000,2.0000,,2026-09-08 09:21:50.2908+07,migration_000508_backfill
fc1eefeb-a05c-449b-b7d3-191d43285001,202507375,2.0000,2.0000,2.0000,,2026-09-08 09:21:50.2908+07,migration_000508_backfill
fc28a9d1-98a9-420d-9ab6-4961e6a8ad6f,202409894,1.0000,,1.0000,,2026-09-08 09:21:50.2908+07,migration_000508_backfill
fc31b319-0a31-4022-9bd0-bac52598ef6d,202104472,1.4800,,,,2021-04-24 00:00:00+07,SINTIA
fc509b83-73c9-4f03-9442-6204fb31a619,202309451,1.5000,1.5000,1.5000,,2026-09-07 14:24:16.976218+07,migration_000506_backfill
fc7ac14b-989e-4801-a4b4-c36528e9dd2f,202604819,4.0000,4.0000,4.0000,,2026-09-08 09:21:50.2908+07,migration_000508_backfill
fc840480-f704-424d-8aa7-a4fc43335534,202104042,1.1400,,1.0600,,2026-09-09 08:52:55.119183+07,admin
fc91623b-6225-4bcc-a73d-3126467d1ebb,202104382,0.9500,,1.0000,,2026-09-09 08:52:52.045148+07,admin
fc94899b-3b87-496c-925e-9a4650e12eb2,202407761,1.0000,1.0000,1.0000,,2026-09-08 09:21:50.2908+07,migration_000508_backfill
fc9a79cf-5a36-41f6-9b60-46593bb57c2c,202211015,1.5000,1.5000,1.5000,,2026-09-08 09:21:50.2908+07,migration_000508_backfill
fca63d93-548e-4969-94a1-0fadff39fe35,202104271,2.1300,,2.1300,,2026-09-09 08:52:42.863374+07,admin
fcb68ab1-2d8b-48ee-8831-e7c2d1768c14,202104239,1.7500,,2.1600,,2026-09-09 08:52:41.872207+07,admin
fcb8ace7-5987-4ecd-8763-ff269ac79359,202604835,5.0000,5.0000,5.0000,,2026-09-08 09:21:50.2908+07,migration_000508_backfill
fcccef29-cb07-4770-8a42-5d3418be63e9,202302184,1.5000,1.5000,1.5000,,2026-09-07 14:24:16.976218+07,migration_000506_backfill
fcf75fed-5db0-44fd-a8d3-eaef1fa2fcd1,202405704,1.8500,2.0000,2.0000,,2026-09-09 08:52:49.494114+07,admin
fd1adcb0-24e7-4733-9a9f-f6b95ea5217b,202104193,1.7300,,,,2021-04-20 00:00:00+07,SINTIA
fd39f8d7-e6ce-4d10-952a-2c681c16142f,202407775,1.9000,1.9000,1.9000,,2026-09-07 14:24:16.976218+07,migration_000506_backfill
fd400f7a-237d-4b49-814e-c8d1f07a6f73,202602719,1.7000,2.0000,2.0000,,2026-09-08 09:21:50.2908+07,migration_000508_backfill
fd414b8b-0b39-4a2d-87f2-d3b7fe3fc571,202306311,2.6020,,3.6500,,2026-09-09 08:52:38.820461+07,admin
fd42bf9e-b04c-4988-92fb-55d1c5d39f4b,202312600,2.1000,2.0000,2.0000,,2026-09-07 14:24:16.976218+07,migration_000506_backfill
fd463a81-0ecd-4309-a913-58e90dd7a212,202110596,3.7200,,2.6500,,2026-09-09 08:52:44.128641+07,admin
fd590f1d-adb2-4261-92e1-2c9fe5da8b21,202410992,2.1000,2.0000,2.0000,,2026-09-08 09:21:50.2908+07,migration_000508_backfill
fd5b79ad-307e-42f5-a35d-21fbe2126acc,202212098,1.3800,,1.3800,,2026-09-09 08:52:50.052543+07,admin
fd70f85a-c402-4fdd-82c8-8231b5f338ee,202409922,3.0000,3.0000,3.0000,,2026-09-08 09:21:50.2908+07,migration_000508_backfill
fd71353d-8166-46a2-a999-9bb7a3dfe574,202104353,1.8500,,1.8500,,2026-09-09 08:52:55.047255+07,admin
fd7a14fa-55bb-4e21-9a8c-bba0fed2ab0c,202212097,1.0300,1.0000,1.0000,,2026-09-09 08:52:49.035978+07,admin
fd9b3ef3-52d5-4522-807d-67b7dc89cd4a,202604851,2.0000,2.0000,2.0000,,2026-09-08 09:21:50.2908+07,migration_000508_backfill
fdd25c9e-9d22-47d4-955e-4f47be9bf58e,202111666,4.0000,4.0000,4.0000,,2026-09-07 14:24:16.976218+07,migration_000506_backfill
fdd6d30e-df60-4844-9f91-c9c809856571,202506301,2.1500,2.5000,2.5000,,2026-09-08 09:21:50.2908+07,migration_000508_backfill
fde8afad-e404-40be-b513-2222ca097a5d,202603781,2.0000,2.0000,2.0000,,2026-09-08 09:21:50.2908+07,migration_000508_backfill
fe066169-d830-499a-a0b3-52d0a1d40f5e,202505283,1.4200,1.5000,1.5000,,2026-09-08 09:21:50.2908+07,migration_000508_backfill
fe1025e7-2cd5-4eea-b892-efc3e72f30eb,202312570,1.5000,1.5000,1.5000,,2026-09-09 08:52:52.222754+07,admin
fe13def1-9c6d-4858-9422-3e0a86cfb2d4,202501130,4.0000,4.0000,4.0000,,2026-09-08 09:21:50.2908+07,migration_000508_backfill
fe173890-fc10-4d06-b6ce-bcde537e263c,202104380,1.2000,,1.2000,,2026-09-09 08:52:43.712785+07,admin
fe216390-ae6e-4281-8993-d30fe162b3e7,202502181,5.0000,5.0000,5.0000,,2026-09-07 14:24:16.976218+07,migration_000506_backfill
fe28a5fa-69ce-4f9b-b01e-79cf68313be6,202108528,2.2800,2.3300,2.0000,,2026-09-09 08:53:00.306262+07,admin
fe318773-94e3-492d-9541-bffbf428ae1b,202104248,2.1000,,2.5000,,2026-09-09 08:52:58.975323+07,admin
fe7c4d2d-7bc5-4162-b5b5-e56def375cd2,202509482,4.0000,4.3000,4.3000,,2026-09-07 14:24:16.976218+07,migration_000506_backfill
fe88bf97-74f4-44bb-ae99-391a11841d8b,202509500,2.0000,2.0000,2.0000,,2026-09-08 09:21:50.2908+07,migration_000508_backfill
feae9ac5-c684-4506-a827-dc8b9abdd342,202309469,2.0000,2.0000,2.0000,,2026-09-07 14:24:16.976218+07,migration_000506_backfill
feb4c4e3-fb2d-4489-b144-4f51ae02b941,202104021,2.3200,,,,,
fec14512-5eb8-4d1f-8a1c-48ac73a188ec,202104022,1.7900,,1.8000,,2026-09-09 08:52:50.449376+07,admin
fecce14f-34d4-4fdc-9675-556f117db3c5,202305250,2.7500,3.0000,3.0000,,2026-09-07 14:24:16.976218+07,migration_000506_backfill
feff4362-7b51-4775-83cb-0c3bc3cf4353,202104293,3.7000,,3.6500,,2026-09-09 08:52:42.906573+07,admin
ff7bf137-a6b7-40db-8ce3-ffb2f549c12b,202506318,4.7000,2.0000,5.0000,,2026-09-08 09:21:50.2908+07,migration_000508_backfill
ffa28229-f9ed-4309-8e82-6d066ddebf21,202506297,3.4000,4.0000,4.0000,,2026-09-08 09:21:50.2908+07,migration_000508_backfill
ffb81a93-e898-4b0e-adc8-4a93e267042c,202409935,4.0000,4.0000,4.0000,,2026-09-07 14:24:16.976218+07,migration_000506_backfill
ffc34b5e-450e-4dca-a057-66638b44bb19,202506310,1.5000,1.5000,1.5000,,2026-09-08 09:21:50.2908+07,migration_000508_backfill
ffcd61bb-168d-431c-8cb1-6f6eafe711b3,,,,1.9000,,2026-09-09 08:52:39.455321+07,admin
ffe49b0d-ce16-4d11-94eb-2303736225ce,202601702,1.7400,2.0000,2.0000,,2026-09-08 09:21:50.2908+07,migration_000508_backfill
ffee8ae3-ae6c-43ba-bfb1-6f22f05e3d46,202502183,1.8000,2.0000,2.0000,,2026-09-07 14:24:16.976218+07,migration_000506_backfill
fff544ff-fd8f-4032-8a88-963c4ef8664d,202312594,4.0000,4.0000,4.0000,,2026-09-07 14:24:16.976218+07,migration_000506_backfill
