input_product_code,input_type,input_product_sys_id,dipakai_oleh_n_parent,perilaku,cost_hulu_tersedia,status_cost_hulu
CSTPOY2606001471,POY,1558,89,GAGAL - selalu unit_cost=1,1.408893,CALCULATED
CSTPOY2606000375,POY,462,73,GAGAL - selalu unit_cost=1,1.362270,CALCULATED
CSTTCY2606000135,TCY,34888,61,GAGAL - selalu unit_cost=1,1.188505,CALCULATED
CSTPOY2606001819,POY,1906,60,GAGAL - selalu unit_cost=1,1.273699,CALCULATED
CSTTTY2606000053,TTY,35620,46,GAGAL - selalu unit_cost=1,1.083948,CALCULATED
CSTPOY2606001829,POY,1916,44,GAGAL - selalu unit_cost=1,1.245417,CALCULATED
CSTPOY2606001594,POY,1681,42,GAGAL - selalu unit_cost=1,1.276950,CALCULATED
CSTPOY2606000088,POY,175,35,GAGAL - selalu unit_cost=1,1.410106,CALCULATED
CSTTCY2606000047,TCY,34800,34,GAGAL - selalu unit_cost=1,1.145170,CALCULATED
CSTPOY2606002076,POY,2163,29,GAGAL - selalu unit_cost=1,1.322301,CALCULATED
CSTTCY2606000070,TCY,34823,28,GAGAL - selalu unit_cost=1,1.135540,CALCULATED
CSTPOY2606001881,POY,1968,28,GAGAL - selalu unit_cost=1,1.321610,CALCULATED
CSTTTY2606000456,TTY,36023,25,GAGAL - selalu unit_cost=1,1.081688,CALCULATED
CSTTTY2606000460,TTY,36027,23,GAGAL - selalu unit_cost=1,1.070648,CALCULATED
CSTTTY2606000450,TTY,36017,23,GAGAL - selalu unit_cost=1,1.173961,CALCULATED
CSTPOY2606000086,POY,173,23,GAGAL - selalu unit_cost=1,1.400972,CALCULATED
CSTPOY2606000373,POY,460,20,GAGAL - selalu unit_cost=1,1.403185,CALCULATED
CSTPOY2606000589,POY,676,20,GAGAL - selalu unit_cost=1,3.024668,CALCULATED
CSTPOY2606001520,POY,1607,19,GAGAL - selalu unit_cost=1,1.383229,CALCULATED
CSTPTY2606005146,PTY,34572,19,GAGAL - selalu unit_cost=1,1.250414,CALCULATED
CSTTTY2606000514,TTY,27847,19,GAGAL - selalu unit_cost=1,1.059942,CALCULATED
CSTPOY2606001516,POY,1603,18,GAGAL - selalu unit_cost=1,1.400180,CALCULATED
CSTPOY2606001580,POY,1667,16,GAGAL - selalu unit_cost=1,1.354959,CALCULATED
CSTPOY2606001609,POY,1696,16,GAGAL - selalu unit_cost=1,2.914515,CALCULATED
CSTPOY2606000073,POY,160,16,GAGAL - selalu unit_cost=1,1.518694,CALCULATED
CSTPOY2606001458,POY,1545,16,GAGAL - selalu unit_cost=1,3.033312,CALCULATED
CSTPTY2606002300,PTY,10187,16,GAGAL - selalu unit_cost=1,1.558788,CALCULATED
CSTPOY2606000089,POY,176,15,GAGAL - selalu unit_cost=1,1.366767,CALCULATED
CSTPOY2606003229,POY,3316,14,GAGAL - selalu unit_cost=1,1.425035,CALCULATED
CSTPOY2606002039,POY,2126,14,GAGAL - selalu unit_cost=1,1.465968,CALCULATED
CSTPOY2606000020,POY,107,14,GAGAL - selalu unit_cost=1,1.598244,CALCULATED
CSTPOY2606002092,POY,2179,14,GAGAL - selalu unit_cost=1,1.274951,CALCULATED
CSTTTY2606000410,TTY,35977,13,GAGAL - selalu unit_cost=1,1.196713,CALCULATED
CSTPOY2606001875,POY,1962,13,GAGAL - selalu unit_cost=1,1.434367,CALCULATED
CSTPOY2606000027,POY,114,13,GAGAL - selalu unit_cost=1,1.627878,CALCULATED
CSTPOY2606003218,POY,3305,13,GAGAL - selalu unit_cost=1,1.294743,CALCULATED
CSTPTY2606001146,PTY,9033,13,GAGAL - selalu unit_cost=1,1.283631,CALCULATED
CSTTTY2606000054,TTY,35621,13,GAGAL - selalu unit_cost=1,1.083948,CALCULATED
CSTPOY2606000500,POY,587,13,GAGAL - selalu unit_cost=1,3.020481,CALCULATED
CSTPOY2606001938,POY,2025,12,GAGAL - selalu unit_cost=1,2.989318,CALCULATED
CSTPOY2606003378,POY,3465,11,GAGAL - selalu unit_cost=1,1.394809,CALCULATED
CSTPOY2606001566,POY,1653,11,GAGAL - selalu unit_cost=1,1.381485,CALCULATED
CSTTTY2606000379,TTY,35946,11,GAGAL - selalu unit_cost=1,1.124261,CALCULATED
CSTPOY2606001457,POY,1544,11,GAGAL - selalu unit_cost=1,3.012701,CALCULATED
CSTPOY2606003276,POY,3363,10,GAGAL - selalu unit_cost=1,1.292083,CALCULATED
CSTPOY2606001527,POY,1614,10,GAGAL - selalu unit_cost=1,2.996821,CALCULATED
CSTPTY2606004509,PTY,32853,10,GAGAL - selalu unit_cost=1,1.424911,CALCULATED
CSTTCY2606000088,TCY,34841,10,GAGAL - selalu unit_cost=1,1.111005,CALCULATED
CSTPOY2606000475,POY,562,10,GAGAL - selalu unit_cost=1,3.033647,CALCULATED
CSTPTY2606002297,PTY,10184,9,GAGAL - selalu unit_cost=1,1.283631,CALCULATED
CSTPOY2606000109,POY,196,9,GAGAL - selalu unit_cost=1,3.027660,CALCULATED
CSTPOY2606001941,POY,2028,9,GAGAL - selalu unit_cost=1,2.983668,CALCULATED
CSTTTY2606000308,TTY,35875,9,GAGAL - selalu unit_cost=1,1.110308,CALCULATED
CSTPTY2606000919,PTY,8806,9,GAGAL - selalu unit_cost=1,1.329978,CALCULATED
CSTPOY2606000522,POY,609,9,GAGAL - selalu unit_cost=1,3.013708,CALCULATED
CSTTTY2606000455,TTY,36022,9,GAGAL - selalu unit_cost=1,1.196713,CALCULATED
CSTPOY2606001620,POY,1707,9,GAGAL - selalu unit_cost=1,2.919612,CALCULATED
CSTPOY2606000406,POY,493,9,GAGAL - selalu unit_cost=1,3.024967,CALCULATED
CSTTCY2606000273,TCY,34890,9,GAGAL - selalu unit_cost=1,1.127836,CALCULATED
CSTPTY2606000921,PTY,8808,8,GAGAL - selalu unit_cost=1,1.378607,CALCULATED
CSTPOY2606001602,POY,1689,8,GAGAL - selalu unit_cost=1,2.912817,CALCULATED
CSTPOY2606002955,POY,3042,8,GAGAL - selalu unit_cost=1,3.013810,CALCULATED
CSTPTY2606002079,PTY,9966,8,GAGAL - selalu unit_cost=1,1.290598,CALCULATED
CSTPOY2606001528,POY,1615,8,GAGAL - selalu unit_cost=1,3.004386,CALCULATED
CSTPOY2606000485,POY,572,8,GAGAL - selalu unit_cost=1,3.004952,CALCULATED
CSTPOY2606000544,POY,631,8,GAGAL - selalu unit_cost=1,3.003063,CALCULATED
CSTPOY2606001588,POY,1675,8,GAGAL - selalu unit_cost=1,1.292229,CALCULATED
CSTPOY2606002259,POY,2346,8,GAGAL - selalu unit_cost=1,3.226974,CALCULATED
CSTPOY2606001480,POY,1567,8,GAGAL - selalu unit_cost=1,1.399180,CALCULATED
CSTPOY2606001460,POY,1547,8,GAGAL - selalu unit_cost=1,3.033312,CALCULATED
CSTPOY2606000414,POY,501,8,GAGAL - selalu unit_cost=1,3.026064,CALCULATED
CSTPOY2606002876,POY,2963,8,GAGAL - selalu unit_cost=1,1.434367,CALCULATED
CSTPOY2606000407,POY,494,8,GAGAL - selalu unit_cost=1,3.006046,CALCULATED
CSTPOY2606003232,POY,3319,8,GAGAL - selalu unit_cost=1,1.425035,CALCULATED
CSTPOY2606001585,POY,1672,8,GAGAL - selalu unit_cost=1,1.313513,CALCULATED
CSTPOY2606000537,POY,624,8,GAGAL - selalu unit_cost=1,3.017393,CALCULATED
CSTPOY2606003113,POY,3200,8,GAGAL - selalu unit_cost=1,1.420415,CALCULATED
CSTPOY2606001531,POY,1618,8,GAGAL - selalu unit_cost=1,3.013155,CALCULATED
CSTTTY2606000370,TTY,35937,8,GAGAL - selalu unit_cost=1,1.122994,CALCULATED
CSTPOY2606001038,POY,1125,7,GAGAL - selalu unit_cost=1,3.026263,CALCULATED
CSTTTY2606000057,TTY,35624,7,GAGAL - selalu unit_cost=1,1.083948,CALCULATED
CSTPOY2606001621,POY,1708,7,GAGAL - selalu unit_cost=1,2.916614,CALCULATED
CSTPOY2606000586,POY,673,7,GAGAL - selalu unit_cost=1,3.033747,CALCULATED
CSTPOY2606000311,POY,398,7,GAGAL - selalu unit_cost=1,3.031152,CALCULATED
CSTPTY2606002861,PTY,28781,7,GAGAL - selalu unit_cost=1,1.437374,CALCULATED
CSTPOY2606000562,POY,649,7,GAGAL - selalu unit_cost=1,3.027560,CALCULATED
CSTPOY2606000469,POY,556,7,GAGAL - selalu unit_cost=1,3.032150,CALCULATED
CSTPOY2606002405,POY,2492,7,GAGAL - selalu unit_cost=1,3.008537,CALCULATED
CSTPOY2606002548,POY,2635,7,GAGAL - selalu unit_cost=1,3.046877,CALCULATED
CSTPOY2606000076,POY,163,7,GAGAL - selalu unit_cost=1,1.520193,CALCULATED
CSTPOY2606002557,POY,2644,7,GAGAL - selalu unit_cost=1,3.049379,CALCULATED
CSTPOY2606002698,POY,2785,7,GAGAL - selalu unit_cost=1,3.032957,CALCULATED
CSTPOY2606000563,POY,650,7,GAGAL - selalu unit_cost=1,3.008831,CALCULATED
CSTPOY2606000530,POY,617,7,GAGAL - selalu unit_cost=1,3.035244,CALCULATED
CSTTTY2606000857,TTY,35445,7,GAGAL - selalu unit_cost=1,1.165511,CALCULATED
CSTPOY2606001568,POY,1655,7,GAGAL - selalu unit_cost=1,1.356742,CALCULATED
CSTPOY2606000578,POY,665,7,GAGAL - selalu unit_cost=1,3.021278,CALCULATED
CSTPTY2606003259,PTY,31543,7,GAGAL - selalu unit_cost=1,1.301411,CALCULATED
CSTPOY2606001607,POY,1694,7,GAGAL - selalu unit_cost=1,2.917413,CALCULATED
CSTPOY2606003567,POY,3654,7,GAGAL - selalu unit_cost=1,1.383847,CALCULATED
CSTPOY2606003220,POY,3307,7,GAGAL - selalu unit_cost=1,1.425030,CALCULATED
CSTPTY2606004742,PTY,33086,6,GAGAL - selalu unit_cost=1,3.067757,CALCULATED
CSTPTY2606001200,PTY,9087,6,GAGAL - selalu unit_cost=1,1.555392,CALCULATED
CSTPOY2606000098,POY,185,6,GAGAL - selalu unit_cost=1,3.032649,CALCULATED
CSTPOY2606000507,POY,594,6,GAGAL - selalu unit_cost=1,3.008234,CALCULATED
CSTPOY2606001943,POY,2030,6,GAGAL - selalu unit_cost=1,2.998368,CALCULATED
CSTPOY2606003243,POY,3330,6,GAGAL - selalu unit_cost=1,1.392379,CALCULATED
CSTPOY2606000637,POY,724,6,GAGAL - selalu unit_cost=1,3.014903,CALCULATED
CSTPOY2606000481,POY,568,6,GAGAL - selalu unit_cost=1,3.026263,CALCULATED
CSTPOY2606002359,POY,2446,6,GAGAL - selalu unit_cost=1,1.297228,CALCULATED
CSTPOY2606002411,POY,2498,6,GAGAL - selalu unit_cost=1,2.996381,CALCULATED
CSTPOY2606001955,POY,2042,6,GAGAL - selalu unit_cost=1,2.986544,CALCULATED
CSTPOY2606001591,POY,1678,6,GAGAL - selalu unit_cost=1,1.234486,CALCULATED
CSTPOY2606001642,POY,1729,6,GAGAL - selalu unit_cost=1,2.898646,CALCULATED
CSTPOY2606000470,POY,557,6,GAGAL - selalu unit_cost=1,3.025366,CALCULATED
CSTPTY2606001196,PTY,9083,6,GAGAL - selalu unit_cost=1,1.616238,CALCULATED
CSTPOY2606001836,POY,1923,6,GAGAL - selalu unit_cost=1,1.280327,CALCULATED
CSTPTY2606003105,PTY,30851,6,GAGAL - selalu unit_cost=1,1.383998,CALCULATED
CSTPOY2606000084,POY,171,6,GAGAL - selalu unit_cost=1,1.353346,CALCULATED
CSTPOY2606000108,POY,195,6,GAGAL - selalu unit_cost=1,3.016695,CALCULATED
CSTPTY2606001486,PTY,9373,6,GAGAL - selalu unit_cost=1,1.442255,CALCULATED
CSTPOY2606000906,POY,993,6,GAGAL - selalu unit_cost=1,3.028956,CALCULATED
CSTPOY2606000577,POY,664,6,GAGAL - selalu unit_cost=1,3.015699,CALCULATED
CSTPOY2606000587,POY,674,6,GAGAL - selalu unit_cost=1,3.007737,CALCULATED
CSTTTY2606000356,TTY,35923,6,GAGAL - selalu unit_cost=1,1.146005,CALCULATED
CSTPOY2606001824,POY,1911,6,GAGAL - selalu unit_cost=1,3.004455,CALCULATED
CSTPOY2606000095,POY,182,6,GAGAL - selalu unit_cost=1,3.031551,CALCULATED
CSTPOY2606000403,POY,490,6,GAGAL - selalu unit_cost=1,3.014704,CALCULATED
CSTPTY2606004030,PTY,32374,6,GAGAL - selalu unit_cost=1,1.282672,CALCULATED
CSTPOY2606003095,POY,3182,6,GAGAL - selalu unit_cost=1,3.116840,CALCULATED
CSTPOY2606003488,POY,3575,6,GAGAL - selalu unit_cost=1,1.450032,CALCULATED
CSTPTY2606001988,PTY,9875,6,GAGAL - selalu unit_cost=1,1.436204,CALCULATED
CSTPTY2606003853,PTY,32197,6,GAGAL - selalu unit_cost=1,1.345507,CALCULATED
CSTPOY2606001481,POY,1568,6,GAGAL - selalu unit_cost=1,1.350639,CALCULATED
CSTPOY2606001565,POY,1652,6,GAGAL - selalu unit_cost=1,1.349442,CALCULATED
CSTPOY2606001532,POY,1619,6,GAGAL - selalu unit_cost=1,3.009367,CALCULATED
CSTPOY2606001990,POY,2077,6,GAGAL - selalu unit_cost=1,2.971660,CALCULATED
CSTPOY2606000096,POY,183,5,GAGAL - selalu unit_cost=1,3.032649,CALCULATED
CSTPOY2606000417,POY,504,5,GAGAL - selalu unit_cost=1,3.029854,CALCULATED
CSTPOY2606001947,POY,2034,5,GAGAL - selalu unit_cost=1,2.995076,CALCULATED
CSTPOY2606000483,POY,570,5,GAGAL - selalu unit_cost=1,3.030154,CALCULATED
CSTPOY2606000620,POY,707,5,GAGAL - selalu unit_cost=1,3.029655,CALCULATED
CSTPTY2606002931,PTY,28851,5,GAGAL - selalu unit_cost=1,1.515163,CALCULATED
CSTPOY2606001935,POY,2022,5,GAGAL - selalu unit_cost=1,2.996516,CALCULATED
CSTPOY2606000456,POY,543,5,GAGAL - selalu unit_cost=1,3.027161,CALCULATED
CSTPOY2606002732,POY,2819,5,GAGAL - selalu unit_cost=1,3.032752,CALCULATED
CSTPTY2606000997,PTY,8884,5,GAGAL - selalu unit_cost=1,1.348021,CALCULATED
CSTPTY2606005522,PTY,28864,5,GAGAL - selalu unit_cost=1,1.515462,CALCULATED
CSTPOY2606002930,POY,3017,5,GAGAL - selalu unit_cost=1,3.003336,CALCULATED
CSTPOY2606000775,POY,862,5,GAGAL - selalu unit_cost=1,3.029655,CALCULATED
CSTPTY2606004824,PTY,33320,5,GAGAL - selalu unit_cost=1,1.358712,CALCULATED
CSTPOY2606002899,POY,2986,5,GAGAL - selalu unit_cost=1,2.993081,CALCULATED
CSTPOY2606002696,POY,2783,5,GAGAL - selalu unit_cost=1,3.042113,CALCULATED
CSTPOY2606003955,POY,27454,5,GAGAL - selalu unit_cost=1,1.314814,CALCULATED
CSTPOY2606000453,POY,540,5,GAGAL - selalu unit_cost=1,3.028059,CALCULATED
CSTPOY2606000125,POY,212,5,GAGAL - selalu unit_cost=1,3.021478,CALCULATED
CSTFDY2606000013,FDY,28164,5,GAGAL - selalu unit_cost=1,1.539047,CALCULATED
CSTPOY2606003347,POY,3434,5,GAGAL - selalu unit_cost=1,1.425035,CALCULATED
CSTPOY2606002111,POY,2198,5,GAGAL - selalu unit_cost=1,3.008989,CALCULATED
CSTPOY2606000489,POY,576,5,GAGAL - selalu unit_cost=1,3.029655,CALCULATED
CSTPTY2606000937,PTY,8824,5,GAGAL - selalu unit_cost=1,1.414753,CALCULATED
CSTPOY2606000526,POY,613,5,GAGAL - selalu unit_cost=1,3.008035,CALCULATED
CSTPOY2606000473,POY,560,5,GAGAL - selalu unit_cost=1,3.029455,CALCULATED
CSTPTY2606004400,PTY,32744,5,GAGAL - selalu unit_cost=1,1.459307,CALCULATED
CSTPOY2606000455,POY,542,5,GAGAL - selalu unit_cost=1,3.031351,CALCULATED
CSTPOY2606002796,POY,2883,5,GAGAL - selalu unit_cost=1,2.909257,CALCULATED
CSTPOY2606003081,POY,3168,5,GAGAL - selalu unit_cost=1,3.118918,CALCULATED
CSTPOY2606000491,POY,578,5,GAGAL - selalu unit_cost=1,3.004753,CALCULATED
CSTPTY2606004490,PTY,32834,5,GAGAL - selalu unit_cost=1,1.379969,CALCULATED
CSTPOY2606002401,POY,2488,5,GAGAL - selalu unit_cost=1,2.996175,CALCULATED
CSTPOY2606001950,POY,2037,5,GAGAL - selalu unit_cost=1,2.990141,CALCULATED
CSTPTY2606004780,PTY,33124,5,GAGAL - selalu unit_cost=1,1.294819,CALCULATED
CSTPOY2606000100,POY,187,5,GAGAL - selalu unit_cost=1,3.025864,CALCULATED
CSTPOY2606003499,POY,3586,5,GAGAL - selalu unit_cost=1,3.937776,CALCULATED
CSTPOY2606002962,POY,3049,5,GAGAL - selalu unit_cost=1,3.017407,CALCULATED
CSTPOY2606002260,POY,2347,5,GAGAL - selalu unit_cost=1,3.228167,CALCULATED
CSTPOY2606002766,POY,2853,5,GAGAL - selalu unit_cost=1,2.989318,CALCULATED
CSTPTY2606002763,PTY,28315,5,GAGAL - selalu unit_cost=1,1.166637,CALCULATED
CSTPTY2606003659,PTY,32003,5,GAGAL - selalu unit_cost=1,1.348435,CALCULATED
CSTPOY2606000832,POY,919,5,GAGAL - selalu unit_cost=1,3.031376,CALCULATED
CSTPOY2606000468,POY,555,5,GAGAL - selalu unit_cost=1,3.026463,CALCULATED
CSTPOY2606000462,POY,549,5,GAGAL - selalu unit_cost=1,3.008931,CALCULATED
CSTPOY2606003324,POY,3411,5,GAGAL - selalu unit_cost=1,1.316142,CALCULATED
CSTPOY2606000087,POY,174,5,GAGAL - selalu unit_cost=1,1.405185,CALCULATED
CSTPOY2606002261,POY,2348,5,GAGAL - selalu unit_cost=1,3.233836,CALCULATED
CSTPOY2606000099,POY,186,5,GAGAL - selalu unit_cost=1,3.033347,CALCULATED
CSTPOY2606000396,POY,483,5,GAGAL - selalu unit_cost=1,3.027959,CALCULATED
CSTPOY2606001939,POY,2026,5,GAGAL - selalu unit_cost=1,2.993842,CALCULATED
CSTPOY2606001041,POY,1128,5,GAGAL - selalu unit_cost=1,3.022973,CALCULATED
CSTPOY2606001937,POY,2024,5,GAGAL - selalu unit_cost=1,2.993739,CALCULATED
CSTPTY2606002074,PTY,9961,5,GAGAL - selalu unit_cost=1,2.853473,CALCULATED
CSTPOY2606000457,POY,544,5,GAGAL - selalu unit_cost=1,3.029755,CALCULATED
CSTPOY2606000926,POY,1013,5,GAGAL - selalu unit_cost=1,3.027161,CALCULATED
CSTPOY2606001945,POY,2032,5,GAGAL - selalu unit_cost=1,2.994047,CALCULATED
CSTPOY2606001090,POY,1177,5,GAGAL - selalu unit_cost=1,2.986383,CALCULATED
CSTPOY2606001604,POY,1691,5,GAGAL - selalu unit_cost=1,2.917913,CALCULATED
CSTPOY2606001915,POY,2002,4,GAGAL - selalu unit_cost=1,1.274880,CALCULATED
CSTATY2606000027,ATY,23327,4,GAGAL - selalu unit_cost=1,1.329333,CALCULATED
CSTPOY2606002387,POY,2474,4,GAGAL - selalu unit_cost=1,3.009774,CALCULATED
CSTPOY2606003552,POY,3639,4,GAGAL - selalu unit_cost=1,2.901006,CALCULATED
CSTPOY2606000687,POY,774,4,GAGAL - selalu unit_cost=1,2.983904,CALCULATED
CSTPOY2606000426,POY,513,4,GAGAL - selalu unit_cost=1,3.011418,CALCULATED
CSTPOY2606001571,POY,1658,4,GAGAL - selalu unit_cost=1,1.316846,CALCULATED
CSTATY2606000189,ATY,23386,4,GAGAL - selalu unit_cost=1,1.317656,CALCULATED
CSTPOY2606000118,POY,205,4,GAGAL - selalu unit_cost=1,3.031850,CALCULATED
CSTPOY2606000408,POY,495,4,GAGAL - selalu unit_cost=1,3.030653,CALCULATED
CSTPOY2606000307,POY,394,4,GAGAL - selalu unit_cost=1,3.034246,CALCULATED
CSTPOY2606001942,POY,2029,4,GAGAL - selalu unit_cost=1,2.998470,CALCULATED
CSTPOY2606000567,POY,654,4,GAGAL - selalu unit_cost=1,3.002765,CALCULATED
CSTPOY2606002692,POY,2779,4,GAGAL - selalu unit_cost=1,2.970181,CALCULATED
CSTPOY2606002699,POY,2786,4,GAGAL - selalu unit_cost=1,3.035220,CALCULATED
CSTPOY2606001830,POY,1917,4,GAGAL - selalu unit_cost=1,1.245417,CALCULATED
CSTPOY2606000699,POY,786,4,GAGAL - selalu unit_cost=1,3.032649,CALCULATED
CSTPOY2606000017,POY,104,4,GAGAL - selalu unit_cost=1,1.810499,CALCULATED
CSTPOY2606000762,POY,849,4,GAGAL - selalu unit_cost=1,3.029156,CALCULATED
CSTPOY2606001714,POY,1801,4,GAGAL - selalu unit_cost=1,2.915315,CALCULATED
CSTTCY2606000067,TCY,34820,4,GAGAL - selalu unit_cost=1,1.285828,CALCULATED
CSTPOY2606003563,POY,3650,4,GAGAL - selalu unit_cost=1,1.418660,CALCULATED
CSTPOY2606002807,POY,2894,4,GAGAL - selalu unit_cost=1,2.997796,CALCULATED
CSTPOY2606000508,POY,595,4,GAGAL - selalu unit_cost=1,3.024169,CALCULATED
CSTPOY2606002813,POY,2900,4,GAGAL - selalu unit_cost=1,2.994600,CALCULATED
CSTPOY2606002702,POY,2789,4,GAGAL - selalu unit_cost=1,3.033883,CALCULATED
CSTPOY2606003148,POY,3235,4,GAGAL - selalu unit_cost=1,2.997683,CALCULATED
CSTPOY2606003152,POY,3239,4,GAGAL - selalu unit_cost=1,3.008555,CALCULATED
CSTPOY2606000905,POY,992,4,GAGAL - selalu unit_cost=1,3.005748,CALCULATED
CSTPTY2606002829,PTY,28386,4,GAGAL - selalu unit_cost=1,1.143288,CALCULATED
CSTPOY2606002326,POY,2413,4,GAGAL - selalu unit_cost=1,3.252465,CALCULATED
CSTPOY2606000746,POY,833,4,GAGAL - selalu unit_cost=1,3.007140,CALCULATED
CSTPOY2606000533,POY,620,4,GAGAL - selalu unit_cost=1,3.033248,CALCULATED
CSTPOY2606000568,POY,655,4,GAGAL - selalu unit_cost=1,3.032449,CALCULATED
CSTPOY2606000638,POY,725,4,GAGAL - selalu unit_cost=1,3.016098,CALCULATED
CSTPOY2606002501,POY,2588,4,GAGAL - selalu unit_cost=1,1.439798,CALCULATED
CSTPTY2606000890,PTY,8777,4,GAGAL - selalu unit_cost=1,2.961164,CALCULATED
CSTPOY2606001589,POY,1676,4,GAGAL - selalu unit_cost=1,1.278950,CALCULATED
CSTPOY2606003169,POY,3256,4,GAGAL - selalu unit_cost=1,3.103013,CALCULATED
CSTPTY2606001197,PTY,9084,4,GAGAL - selalu unit_cost=1,1.773808,CALCULATED
CSTPOY2606000299,POY,386,4,GAGAL - selalu unit_cost=1,3.023073,CALCULATED
CSTPOY2606000427,POY,514,4,GAGAL - selalu unit_cost=1,3.023073,CALCULATED
CSTPOY2606002711,POY,2798,4,GAGAL - selalu unit_cost=1,3.031210,CALCULATED
CSTPOY2606002392,POY,2479,4,GAGAL - selalu unit_cost=1,3.005445,CALCULATED
CSTPOY2606001951,POY,2038,4,GAGAL - selalu unit_cost=1,2.989113,CALCULATED
CSTPTY2606002147,PTY,10034,4,GAGAL - selalu unit_cost=1,1.321519,CALCULATED
CSTPOY2606000195,POY,282,4,GAGAL - selalu unit_cost=1,3.034046,CALCULATED
CSTPOY2606000126,POY,213,4,GAGAL - selalu unit_cost=1,3.023172,CALCULATED
CSTPOY2606000476,POY,563,4,GAGAL - selalu unit_cost=1,3.015002,CALCULATED
CSTPOY2606000477,POY,564,4,GAGAL - selalu unit_cost=1,3.018688,CALCULATED
CSTPOY2606003185,POY,3272,4,GAGAL - selalu unit_cost=1,3.109997,CALCULATED
CSTPOY2606001526,POY,1613,4,GAGAL - selalu unit_cost=1,2.999110,CALCULATED
CSTPOY2606001952,POY,2039,4,GAGAL - selalu unit_cost=1,2.994767,CALCULATED
CSTPOY2606000127,POY,214,4,GAGAL - selalu unit_cost=1,3.020182,CALCULATED
CSTPTY2606003557,PTY,31901,4,GAGAL - selalu unit_cost=1,1.345674,CALCULATED
CSTPOY2606002939,POY,3026,4,GAGAL - selalu unit_cost=1,3.018846,CALCULATED
CSTPOY2606000090,POY,177,4,GAGAL - selalu unit_cost=1,1.366767,CALCULATED
CSTPOY2606001147,POY,1234,4,GAGAL - selalu unit_cost=1,3.023073,CALCULATED
CSTPOY2606003785,POY,3872,4,GAGAL - selalu unit_cost=1,1.544077,CALCULATED
CSTPOY2606001600,POY,1687,4,GAGAL - selalu unit_cost=1,2.910520,CALCULATED
CSTPOY2606003202,POY,3289,4,GAGAL - selalu unit_cost=1,1.357337,CALCULATED
CSTPOY2606001601,POY,1688,4,GAGAL - selalu unit_cost=1,2.921812,CALCULATED
CSTPOY2606000654,POY,741,4,GAGAL - selalu unit_cost=1,3.030253,CALCULATED
CSTPOY2606003327,POY,3414,4,GAGAL - selalu unit_cost=1,3.033393,CALCULATED
CSTPOY2606001606,POY,1693,4,GAGAL - selalu unit_cost=1,2.907425,CALCULATED
CSTPOY2606000656,POY,743,4,GAGAL - selalu unit_cost=1,3.033048,CALCULATED
CSTPOY2606000560,POY,647,4,GAGAL - selalu unit_cost=1,3.021876,CALCULATED
CSTPOY2606003219,POY,3306,4,GAGAL - selalu unit_cost=1,1.429068,CALCULATED
CSTPTY2606000917,PTY,8804,4,GAGAL - selalu unit_cost=1,1.356087,CALCULATED
CSTPOY2606000119,POY,206,4,GAGAL - selalu unit_cost=1,3.029655,CALCULATED
CSTPOY2606002099,POY,2186,4,GAGAL - selalu unit_cost=1,2.995084,CALCULATED
CSTTTY2606000314,TTY,35881,4,GAGAL - selalu unit_cost=1,1.122712,CALCULATED
CSTPOY2606001470,POY,1557,4,GAGAL - selalu unit_cost=1,3.034801,CALCULATED
CSTPOY2606001618,POY,1705,4,GAGAL - selalu unit_cost=1,2.904730,CALCULATED
CSTTTY2606000313,TTY,35880,4,GAGAL - selalu unit_cost=1,1.110308,CALCULATED
CSTPOY2606002895,POY,2982,4,GAGAL - selalu unit_cost=1,3.003849,CALCULATED
CSTPOY2606001533,POY,1620,4,GAGAL - selalu unit_cost=1,2.995428,CALCULATED
CSTPOY2606001084,POY,1171,4,GAGAL - selalu unit_cost=1,3.002566,CALCULATED
CSTPOY2606000584,POY,671,4,GAGAL - selalu unit_cost=1,3.017592,CALCULATED
CSTPOY2606002898,POY,2985,4,GAGAL - selalu unit_cost=1,3.013913,CALCULATED
CSTPOY2606002901,POY,2988,4,GAGAL - selalu unit_cost=1,3.015146,CALCULATED
CSTPOY2606000517,POY,604,4,GAGAL - selalu unit_cost=1,3.030353,CALCULATED
CSTPTY2606004255,PTY,32599,4,GAGAL - selalu unit_cost=1,1.596319,CALCULATED
CSTPOY2606003027,POY,3114,4,GAGAL - selalu unit_cost=1,3.019463,CALCULATED
CSTPOY2606000270,POY,357,4,GAGAL - selalu unit_cost=1,3.036762,CALCULATED
CSTPOY2606000531,POY,618,4,GAGAL - selalu unit_cost=1,3.029156,CALCULATED
CSTPOY2606002905,POY,2992,4,GAGAL - selalu unit_cost=1,3.015865,CALCULATED
CSTPOY2606003295,POY,3382,4,GAGAL - selalu unit_cost=1,2.932848,CALCULATED
CSTPOY2606000499,POY,586,4,GAGAL - selalu unit_cost=1,3.025665,CALCULATED
CSTPOY2606000859,POY,946,4,GAGAL - selalu unit_cost=1,3.025465,CALCULATED
CSTPTY2606001752,PTY,9639,4,GAGAL - selalu unit_cost=1,1.366612,CALCULATED
CSTPOY2606000588,POY,675,4,GAGAL - selalu unit_cost=1,3.032150,CALCULATED
CSTPOY2606002915,POY,3002,4,GAGAL - selalu unit_cost=1,3.014632,CALCULATED
CSTPOY2606002958,POY,3045,4,GAGAL - selalu unit_cost=1,3.016585,CALCULATED
CSTPOY2606001918,POY,2005,4,GAGAL - selalu unit_cost=1,2.990860,CALCULATED
CSTPOY2606001092,POY,1179,4,GAGAL - selalu unit_cost=1,3.017891,CALCULATED
CSTPOY2606000343,POY,430,4,GAGAL - selalu unit_cost=1,3.019485,CALCULATED
CSTPOY2606002112,POY,2199,4,GAGAL - selalu unit_cost=1,2.996937,CALCULATED
CSTPOY2606000502,POY,589,4,GAGAL - selalu unit_cost=1,3.025964,CALCULATED
CSTPOY2606002535,POY,2622,4,GAGAL - selalu unit_cost=1,2.993332,CALCULATED
CSTPOY2606002188,POY,2275,4,GAGAL - selalu unit_cost=1,3.108664,CALCULATED
CSTPOY2606000545,POY,632,4,GAGAL - selalu unit_cost=1,3.027360,CALCULATED
CSTPOY2606000377,POY,464,4,GAGAL - selalu unit_cost=1,1.337131,CALCULATED
CSTPOY2606003052,POY,3139,4,GAGAL - selalu unit_cost=1,1.353078,CALCULATED
CSTPOY2606003053,POY,3140,4,GAGAL - selalu unit_cost=1,1.311247,CALCULATED
CSTPOY2606001661,POY,1748,4,GAGAL - selalu unit_cost=1,2.907225,CALCULATED
CSTPOY2606003055,POY,3142,4,GAGAL - selalu unit_cost=1,3.020321,CALCULATED
CSTPOY2606003057,POY,3144,4,GAGAL - selalu unit_cost=1,3.015498,CALCULATED
CSTPTY2606002355,PTY,10242,4,GAGAL - selalu unit_cost=1,1.345674,CALCULATED
CSTPTY2606005966,PTY,34031,4,GAGAL - selalu unit_cost=1,1.330274,CALCULATED
CSTPOY2606000112,POY,199,4,GAGAL - selalu unit_cost=1,3.030852,CALCULATED
CSTPTY2606004510,PTY,32854,4,GAGAL - selalu unit_cost=1,1.301411,CALCULATED
CSTPTY2606001811,PTY,9698,4,GAGAL - selalu unit_cost=1,2.967596,CALCULATED
CSTPTY2606004446,PTY,32790,4,GAGAL - selalu unit_cost=1,1.540005,CALCULATED
CSTPOY2606002943,POY,3030,4,GAGAL - selalu unit_cost=1,3.012577,CALCULATED
CSTPOY2606000597,POY,684,4,GAGAL - selalu unit_cost=1,3.023671,CALCULATED
CSTPOY2606002551,POY,2638,4,GAGAL - selalu unit_cost=1,3.033483,CALCULATED
CSTPOY2606002552,POY,2639,4,GAGAL - selalu unit_cost=1,3.045377,CALCULATED
CSTPOY2606001691,POY,1778,4,GAGAL - selalu unit_cost=1,2.920012,CALCULATED
CSTPOY2606000454,POY,541,4,GAGAL - selalu unit_cost=1,3.026762,CALCULATED
CSTPOY2606000680,POY,767,4,GAGAL - selalu unit_cost=1,3.027261,CALCULATED
CSTPOY2606002206,POY,2293,4,GAGAL - selalu unit_cost=1,3.097371,CALCULATED
CSTPOY2606003543,POY,3630,4,GAGAL - selalu unit_cost=1,2.921159,CALCULATED
CSTPOY2606001927,POY,2014,4,GAGAL - selalu unit_cost=1,2.994253,CALCULATED
CSTPOY2606000734,POY,821,4,GAGAL - selalu unit_cost=1,3.023372,CALCULATED
CSTPOY2606002929,POY,3016,4,GAGAL - selalu unit_cost=1,3.000874,CALCULATED
CSTPOY2606003082,POY,3169,4,GAGAL - selalu unit_cost=1,3.117047,CALCULATED
CSTPOY2606003496,POY,3583,4,GAGAL - selalu unit_cost=1,1.279544,CALCULATED
CSTPTY2606002659,PTY,28211,4,GAGAL - selalu unit_cost=1,1.140412,CALCULATED
CSTPTY2606002660,PTY,28212,4,GAGAL - selalu unit_cost=1,1.140412,CALCULATED
CSTPOY2606001930,POY,2017,4,GAGAL - selalu unit_cost=1,2.989627,CALCULATED
CSTPOY2606000728,POY,815,4,GAGAL - selalu unit_cost=1,3.028458,CALCULATED
CSTPOY2606001551,POY,1638,4,GAGAL - selalu unit_cost=1,1.396475,CALCULATED
CSTPTY2606002665,PTY,28217,4,GAGAL - selalu unit_cost=1,1.140412,CALCULATED
CSTPOY2606000573,POY,660,4,GAGAL - selalu unit_cost=1,3.033148,CALCULATED
CSTPOY2606000520,POY,607,4,GAGAL - selalu unit_cost=1,3.017592,CALCULATED
CSTPOY2606000549,POY,636,4,GAGAL - selalu unit_cost=1,3.027759,CALCULATED
CSTPOY2606000598,POY,685,4,GAGAL - selalu unit_cost=1,3.032748,CALCULATED
CSTPTY2606002676,PTY,28228,4,GAGAL - selalu unit_cost=1,1.082560,CALCULATED
CSTPOY2606002949,POY,3036,4,GAGAL - selalu unit_cost=1,3.016996,CALCULATED
CSTPOY2606003096,POY,3183,4,GAGAL - selalu unit_cost=1,3.130358,CALCULATED
CSTPTY2606002690,PTY,28242,4,GAGAL - selalu unit_cost=1,1.139569,CALCULATED
CSTPOY2606002569,POY,2656,4,GAGAL - selalu unit_cost=1,3.052281,CALCULATED
CSTPTY2606000979,PTY,8866,4,GAGAL - selalu unit_cost=1,1.267651,CALCULATED
CSTPOY2606000392,POY,479,4,GAGAL - selalu unit_cost=1,3.028857,CALCULATED
CSTPOY2606000566,POY,653,4,GAGAL - selalu unit_cost=1,3.026163,CALCULATED
CSTPTY2606004950,PTY,33446,4,GAGAL - selalu unit_cost=1,1.319599,CALCULATED
CSTPOY2606000404,POY,491,4,GAGAL - selalu unit_cost=1,3.029655,CALCULATED
CSTPOY2606001570,POY,1657,4,GAGAL - selalu unit_cost=1,1.354345,CALCULATED
CSTPOY2606003293,POY,3380,3,GAGAL - selalu unit_cost=1,2.929656,CALCULATED
CSTPOY2606002919,POY,3006,3,GAGAL - selalu unit_cost=1,3.012063,CALCULATED
CSTPOY2606002920,POY,3007,3,GAGAL - selalu unit_cost=1,3.018332,CALCULATED
CSTPOY2606000828,POY,915,3,GAGAL - selalu unit_cost=1,3.028657,CALCULATED
CSTPOY2606000627,POY,714,3,GAGAL - selalu unit_cost=1,3.008732,CALCULATED
CSTPOY2606002924,POY,3011,3,GAGAL - selalu unit_cost=1,3.024400,CALCULATED
CSTPOY2606002926,POY,3013,3,GAGAL - selalu unit_cost=1,2.996772,CALCULATED
CSTPOY2606002928,POY,3015,3,GAGAL - selalu unit_cost=1,3.014632,CALCULATED
CSTPOY2606002931,POY,3018,3,GAGAL - selalu unit_cost=1,3.020286,CALCULATED
CSTPOY2606000628,POY,715,3,GAGAL - selalu unit_cost=1,3.021677,CALCULATED
CSTPOY2606001477,POY,1564,3,GAGAL - selalu unit_cost=1,2.946568,CALCULATED
CSTPOY2606001478,POY,1565,3,GAGAL - selalu unit_cost=1,1.364651,CALCULATED
CSTPOY2606002936,POY,3023,3,GAGAL - selalu unit_cost=1,3.010317,CALCULATED
CSTPOY2606000421,POY,508,3,GAGAL - selalu unit_cost=1,3.026862,CALCULATED
CSTPOY2606002941,POY,3028,3,GAGAL - selalu unit_cost=1,3.018641,CALCULATED
CSTPOY2606002942,POY,3029,3,GAGAL - selalu unit_cost=1,3.022960,CALCULATED
CSTPOY2606003956,POY,27455,3,GAGAL - selalu unit_cost=1,3.059616,CALCULATED
CSTPOY2606000111,POY,198,3,GAGAL - selalu unit_cost=1,3.032249,CALCULATED
CSTPOY2606000564,POY,651,3,GAGAL - selalu unit_cost=1,3.024668,CALCULATED
CSTPOY2606002952,POY,3039,3,GAGAL - selalu unit_cost=1,3.004362,CALCULATED
CSTPOY2606002953,POY,3040,3,GAGAL - selalu unit_cost=1,3.014632,CALCULATED
CSTPOY2606000536,POY,623,3,GAGAL - selalu unit_cost=1,3.029655,CALCULATED
CSTPOY2606000487,POY,574,3,GAGAL - selalu unit_cost=1,3.026762,CALCULATED
CSTPOY2606002960,POY,3047,3,GAGAL - selalu unit_cost=1,3.009496,CALCULATED
CSTTCY2606000117,TCY,34870,3,GAGAL - selalu unit_cost=1,1.254120,CALCULATED
CSTPOY2606003453,POY,3540,3,GAGAL - selalu unit_cost=1,1.254017,CALCULATED
CSTPOY2606001707,POY,1794,3,GAGAL - selalu unit_cost=1,2.919512,CALCULATED
CSTPOY2606002967,POY,3054,3,GAGAL - selalu unit_cost=1,3.018949,CALCULATED
CSTPOY2606000130,POY,217,3,GAGAL - selalu unit_cost=1,3.017691,CALCULATED
CSTPOY2606003459,POY,3546,3,GAGAL - selalu unit_cost=1,1.372543,CALCULATED
CSTPTY2606000964,PTY,8851,3,GAGAL - selalu unit_cost=1,1.306279,CALCULATED
CSTTTY2606000400,TTY,35967,3,GAGAL - selalu unit_cost=1,1.366430,CALCULATED
CSTPOY2606000736,POY,823,3,GAGAL - selalu unit_cost=1,3.009030,CALCULATED
CSTPTY2606000977,PTY,8864,3,GAGAL - selalu unit_cost=1,1.285852,CALCULATED
CSTPOY2606002976,POY,3063,3,GAGAL - selalu unit_cost=1,3.008366,CALCULATED
CSTPOY2606000097,POY,184,3,GAGAL - selalu unit_cost=1,3.021677,CALCULATED
CSTPOY2606003632,POY,3719,3,GAGAL - selalu unit_cost=1,2.921136,CALCULATED
CSTPOY2606000639,POY,726,3,GAGAL - selalu unit_cost=1,3.004057,CALCULATED
CSTPOY2606003633,POY,3720,3,GAGAL - selalu unit_cost=1,2.921136,CALCULATED
CSTPOY2606000428,POY,515,3,GAGAL - selalu unit_cost=1,3.020680,CALCULATED
CSTPTY2606006378,PTY,34443,3,GAGAL - selalu unit_cost=1,1.838015,CALCULATED
CSTPTY2606006361,PTY,34426,3,GAGAL - selalu unit_cost=1,1.330620,CALCULATED
CSTPOY2606003634,POY,3721,3,GAGAL - selalu unit_cost=1,2.920136,CALCULATED
CSTPOY2606003387,POY,3474,3,GAGAL - selalu unit_cost=1,3.027325,CALCULATED
CSTPOY2606001709,POY,1796,3,GAGAL - selalu unit_cost=1,2.916314,CALCULATED
CSTPOY2606001740,POY,1827,3,GAGAL - selalu unit_cost=1,2.898845,CALCULATED
CSTPTY2606006247,PTY,34312,3,GAGAL - selalu unit_cost=1,1.570796,CALCULATED
CSTPOY2606001635,POY,1722,3,GAGAL - selalu unit_cost=1,2.921212,CALCULATED
CSTPOY2606000114,POY,201,3,GAGAL - selalu unit_cost=1,3.012215,CALCULATED
CSTPTY2606006111,PTY,34176,3,GAGAL - selalu unit_cost=1,1.291136,CALCULATED
CSTPTY2606006026,PTY,34091,3,GAGAL - selalu unit_cost=1,1.298996,CALCULATED
CSTPOY2606000569,POY,656,3,GAGAL - selalu unit_cost=1,3.016396,CALCULATED
CSTPOY2606000115,POY,202,3,GAGAL - selalu unit_cost=1,3.034146,CALCULATED
CSTPOY2606000117,POY,204,3,GAGAL - selalu unit_cost=1,3.030852,CALCULATED
CSTPOY2606001063,POY,1150,3,GAGAL - selalu unit_cost=1,3.026662,CALCULATED
CSTPOY2606001923,POY,2010,3,GAGAL - selalu unit_cost=1,2.994253,CALCULATED
CSTPOY2606000336,POY,423,3,GAGAL - selalu unit_cost=1,3.024668,CALCULATED
CSTPOY2606001926,POY,2013,3,GAGAL - selalu unit_cost=1,2.988702,CALCULATED
CSTPOY2606001636,POY,1723,3,GAGAL - selalu unit_cost=1,2.912917,CALCULATED
CSTPTY2606005826,PTY,33891,3,GAGAL - selalu unit_cost=1,1.276955,CALCULATED
CSTPTY2606005804,PTY,33869,3,GAGAL - selalu unit_cost=1,1.232017,CALCULATED
CSTPOY2606003497,POY,3584,3,GAGAL - selalu unit_cost=1,1.418660,CALCULATED
CSTIDY2606000073,IDY,27575,3,GAGAL - selalu unit_cost=1,1.237165,CALCULATED
CSTPTY2606005691,PTY,33748,3,GAGAL - selalu unit_cost=1,2.906237,CALCULATED
CSTPOY2606001933,POY,2020,3,GAGAL - selalu unit_cost=1,2.992711,CALCULATED
CSTPTY2606005044,PTY,33540,3,GAGAL - selalu unit_cost=1,1.404261,CALCULATED
CSTPTY2606005001,PTY,33497,3,GAGAL - selalu unit_cost=1,1.353616,CALCULATED
CSTPOY2606000576,POY,663,3,GAGAL - selalu unit_cost=1,3.028258,CALCULATED
CSTPTY2606002037,PTY,9924,3,GAGAL - selalu unit_cost=1,2.853473,CALCULATED
CSTPOY2606000579,POY,666,3,GAGAL - selalu unit_cost=1,3.004753,CALCULATED
CSTPOY2606000741,POY,828,3,GAGAL - selalu unit_cost=1,3.028158,CALCULATED
CSTPOY2606001138,POY,1225,3,GAGAL - selalu unit_cost=1,3.014007,CALCULATED
CSTPOY2606002688,POY,2775,3,GAGAL - selalu unit_cost=1,3.012701,CALCULATED
CSTPOY2606003509,POY,3596,3,GAGAL - selalu unit_cost=1,1.402538,CALCULATED
CSTPOY2606001946,POY,2033,3,GAGAL - selalu unit_cost=1,2.974224,CALCULATED
CSTPOY2606003512,POY,3599,3,GAGAL - selalu unit_cost=1,1.390212,CALCULATED
CSTPOY2606002700,POY,2787,3,GAGAL - selalu unit_cost=1,3.032752,CALCULATED
CSTPOY2606001771,POY,1858,3,GAGAL - selalu unit_cost=1,2.917113,CALCULATED
CSTPOY2606000131,POY,218,3,GAGAL - selalu unit_cost=1,3.031152,CALCULATED
CSTPOY2606000747,POY,834,3,GAGAL - selalu unit_cost=1,3.023172,CALCULATED
CSTPOY2606002500,POY,2587,3,GAGAL - selalu unit_cost=1,1.305216,CALCULATED
CSTPOY2606000495,POY,582,3,GAGAL - selalu unit_cost=1,3.030353,CALCULATED
CSTPOY2606003677,POY,3764,3,GAGAL - selalu unit_cost=1,1.474743,CALCULATED
CSTPOY2606000496,POY,583,3,GAGAL - selalu unit_cost=1,3.024668,CALCULATED
CSTPTY2606004637,PTY,32981,3,GAGAL - selalu unit_cost=1,2.881812,CALCULATED
CSTPOY2606000497,POY,584,3,GAGAL - selalu unit_cost=1,3.019485,CALCULATED
CSTPOY2606000011,POY,98,3,GAGAL - selalu unit_cost=1,1.797714,CALCULATED
CSTPOY2606002158,POY,2245,3,GAGAL - selalu unit_cost=1,3.000541,CALCULATED
CSTPOY2606002159,POY,2246,3,GAGAL - selalu unit_cost=1,2.999820,CALCULATED
CSTPOY2606001953,POY,2040,3,GAGAL - selalu unit_cost=1,2.992711,CALCULATED
CSTPOY2606001954,POY,2041,3,GAGAL - selalu unit_cost=1,2.991682,CALCULATED
CSTPOY2606002515,POY,2602,3,GAGAL - selalu unit_cost=1,1.630737,CALCULATED
CSTPOY2606000394,POY,481,3,GAGAL - selalu unit_cost=1,3.020979,CALCULATED
CSTPOY2606003015,POY,3102,3,GAGAL - selalu unit_cost=1,3.008058,CALCULATED
CSTPOY2606003016,POY,3103,3,GAGAL - selalu unit_cost=1,3.000258,CALCULATED
CSTPOY2606003021,POY,3108,3,GAGAL - selalu unit_cost=1,3.005389,CALCULATED
CSTPOY2606000660,POY,747,3,GAGAL - selalu unit_cost=1,3.021777,CALCULATED
CSTPOY2606001323,POY,1410,3,GAGAL - selalu unit_cost=1,3.020979,CALCULATED
CSTPOY2606002731,POY,2818,3,GAGAL - selalu unit_cost=1,3.037894,CALCULATED
CSTPOY2606003032,POY,3119,3,GAGAL - selalu unit_cost=1,3.000156,CALCULATED
CSTPOY2606003035,POY,3122,3,GAGAL - selalu unit_cost=1,2.993081,CALCULATED
CSTPOY2606001541,POY,1628,3,GAGAL - selalu unit_cost=1,3.012856,CALCULATED
CSTPOY2606002530,POY,2617,3,GAGAL - selalu unit_cost=1,1.406185,CALCULATED
CSTPOY2606001093,POY,1180,3,GAGAL - selalu unit_cost=1,3.000280,CALCULATED
CSTPOY2606000501,POY,588,3,GAGAL - selalu unit_cost=1,3.020680,CALCULATED
CSTPOY2606002538,POY,2625,3,GAGAL - selalu unit_cost=1,3.055886,CALCULATED
CSTPOY2606003056,POY,3143,3,GAGAL - selalu unit_cost=1,3.023196,CALCULATED
CSTPOY2606001689,POY,1776,3,GAGAL - selalu unit_cost=1,2.917213,CALCULATED
CSTPOY2606000399,POY,486,3,GAGAL - selalu unit_cost=1,3.021876,CALCULATED
CSTPOY2606000669,POY,756,3,GAGAL - selalu unit_cost=1,3.029156,CALCULATED
CSTPOY2606003536,POY,3623,3,GAGAL - selalu unit_cost=1,2.921159,CALCULATED
CSTPOY2606000670,POY,757,3,GAGAL - selalu unit_cost=1,3.023671,CALCULATED
CSTPOY2606000378,POY,465,3,GAGAL - selalu unit_cost=1,1.362270,CALCULATED
CSTPOY2606003538,POY,3625,3,GAGAL - selalu unit_cost=1,2.913905,CALCULATED
CSTPOY2606000101,POY,188,3,GAGAL - selalu unit_cost=1,3.027959,CALCULATED
CSTPOY2606000452,POY,539,3,GAGAL - selalu unit_cost=1,3.008035,CALCULATED
CSTPOY2606002198,POY,2285,3,GAGAL - selalu unit_cost=1,3.101886,CALCULATED
CSTPOY2606003539,POY,3626,3,GAGAL - selalu unit_cost=1,2.918376,CALCULATED
CSTPOY2606002201,POY,2288,3,GAGAL - selalu unit_cost=1,3.109588,CALCULATED
CSTPOY2606000679,POY,766,3,GAGAL - selalu unit_cost=1,3.032150,CALCULATED
CSTPTY2606002634,PTY,28186,3,GAGAL - selalu unit_cost=1,1.078383,CALCULATED
CSTPOY2606002204,POY,2291,3,GAGAL - selalu unit_cost=1,3.092756,CALCULATED
CSTPOY2606002208,POY,2295,3,GAGAL - selalu unit_cost=1,3.113494,CALCULATED
CSTPOY2606002209,POY,2296,3,GAGAL - selalu unit_cost=1,3.099218,CALCULATED
CSTPOY2606003080,POY,3167,3,GAGAL - selalu unit_cost=1,3.129526,CALCULATED
CSTPOY2606000875,POY,962,3,GAGAL - selalu unit_cost=1,3.022275,CALCULATED
CSTPOY2606002211,POY,2298,3,GAGAL - selalu unit_cost=1,3.104761,CALCULATED
CSTPOY2606003085,POY,3172,3,GAGAL - selalu unit_cost=1,3.128277,CALCULATED
CSTPOY2606000682,POY,769,3,GAGAL - selalu unit_cost=1,3.029056,CALCULATED
CSTPOY2606003086,POY,3173,3,GAGAL - selalu unit_cost=1,3.128277,CALCULATED
CSTPOY2606002563,POY,2650,3,GAGAL - selalu unit_cost=1,3.060394,CALCULATED
CSTPTY2606002666,PTY,28218,3,GAGAL - selalu unit_cost=1,1.078383,CALCULATED
CSTPTY2606002667,PTY,28219,3,GAGAL - selalu unit_cost=1,1.078383,CALCULATED
CSTPOY2606003545,POY,3632,3,GAGAL - selalu unit_cost=1,2.924341,CALCULATED
CSTPOY2606002385,POY,2472,3,GAGAL - selalu unit_cost=1,3.004723,CALCULATED
CSTPOY2606002218,POY,2305,3,GAGAL - selalu unit_cost=1,3.086914,CALCULATED
CSTPOY2606001664,POY,1751,3,GAGAL - selalu unit_cost=1,2.895855,CALCULATED
CSTPTY2606002697,PTY,28249,3,GAGAL - selalu unit_cost=1,1.106716,CALCULATED
CSTPTY2606004333,PTY,32677,3,GAGAL - selalu unit_cost=1,1.477889,CALCULATED
CSTPOY2606003549,POY,3636,3,GAGAL - selalu unit_cost=1,2.926828,CALCULATED
CSTPOY2606003550,POY,3637,3,GAGAL - selalu unit_cost=1,2.940972,CALCULATED
CSTPOY2606000405,POY,492,3,GAGAL - selalu unit_cost=1,3.030154,CALCULATED
CSTPTY2606004319,PTY,32663,3,GAGAL - selalu unit_cost=1,1.321879,CALCULATED
CSTPOY2606000685,POY,772,3,GAGAL - selalu unit_cost=1,3.033148,CALCULATED
CSTPTY2606004193,PTY,32537,3,GAGAL - selalu unit_cost=1,1.443568,CALCULATED
CSTPTY2606004190,PTY,32534,3,GAGAL - selalu unit_cost=1,2.932339,CALCULATED
CSTPTY2606004148,PTY,32492,3,GAGAL - selalu unit_cost=1,1.308735,CALCULATED
CSTATY2606000039,ATY,23339,3,GAGAL - selalu unit_cost=1,1.329374,CALCULATED
CSTPOY2606003738,POY,3825,3,GAGAL - selalu unit_cost=1,1.434367,CALCULATED
CSTPTY2606003932,PTY,32276,3,GAGAL - selalu unit_cost=1,2.875185,CALCULATED
CSTPOY2606000505,POY,592,3,GAGAL - selalu unit_cost=1,3.028458,CALCULATED
CSTPOY2606003553,POY,3640,3,GAGAL - selalu unit_cost=1,2.940972,CALCULATED
CSTPOY2606002008,POY,2095,3,GAGAL - selalu unit_cost=1,2.986030,CALCULATED
CSTPOY2606000458,POY,545,3,GAGAL - selalu unit_cost=1,3.032649,CALCULATED
CSTPOY2606001666,POY,1753,3,GAGAL - selalu unit_cost=1,2.902835,CALCULATED
CSTPOY2606003556,POY,3643,3,GAGAL - selalu unit_cost=1,2.940972,CALCULATED
CSTPOY2606003557,POY,3644,3,GAGAL - selalu unit_cost=1,2.938779,CALCULATED
CSTPOY2606000892,POY,979,3,GAGAL - selalu unit_cost=1,3.029156,CALCULATED
CSTATY2606000243,ATY,23440,3,GAGAL - selalu unit_cost=1,1.366837,CALCULATED
CSTPOY2606002017,POY,2104,3,GAGAL - selalu unit_cost=1,2.984489,CALCULATED
CSTPOY2606003559,POY,3646,3,GAGAL - selalu unit_cost=1,2.939975,CALCULATED
CSTPTY2606003927,PTY,32271,3,GAGAL - selalu unit_cost=1,2.875185,CALCULATED
CSTPOY2606003807,POY,23740,3,GAGAL - selalu unit_cost=1,1.747817,CALCULATED
CSTPTY2606002767,PTY,28319,3,GAGAL - selalu unit_cost=1,1.057830,CALCULATED
CSTPOY2606000382,POY,469,3,GAGAL - selalu unit_cost=1,1.338123,CALCULATED
CSTPOY2606002022,POY,2109,3,GAGAL - selalu unit_cost=1,2.982641,CALCULATED
CSTPOY2606000698,POY,785,3,GAGAL - selalu unit_cost=1,3.033647,CALCULATED
CSTPTY2606002775,PTY,28327,3,GAGAL - selalu unit_cost=1,1.078383,CALCULATED
CSTPTY2606002777,PTY,28329,3,GAGAL - selalu unit_cost=1,1.055542,CALCULATED
CSTPOY2606001007,POY,1094,3,GAGAL - selalu unit_cost=1,3.023272,CALCULATED
CSTPOY2606000509,POY,596,3,GAGAL - selalu unit_cost=1,3.024169,CALCULATED
CSTPOY2606003830,POY,27187,3,GAGAL - selalu unit_cost=1,1.245337,CALCULATED
CSTPOY2606003147,POY,3234,3,GAGAL - selalu unit_cost=1,2.991606,CALCULATED
CSTPOY2606002815,POY,2902,3,GAGAL - selalu unit_cost=1,2.996298,CALCULATED
CSTPOY2606000705,POY,792,3,GAGAL - selalu unit_cost=1,3.025166,CALCULATED
CSTPOY2606003839,POY,27196,3,GAGAL - selalu unit_cost=1,1.394809,CALCULATED
CSTPOY2606003162,POY,3249,3,GAGAL - selalu unit_cost=1,3.098497,CALCULATED
CSTPOY2606000466,POY,553,3,GAGAL - selalu unit_cost=1,3.022574,CALCULATED
CSTPOY2606000907,POY,994,3,GAGAL - selalu unit_cost=1,2.999783,CALCULATED
CSTPOY2606003163,POY,3250,3,GAGAL - selalu unit_cost=1,3.115548,CALCULATED
CSTPOY2606000467,POY,554,3,GAGAL - selalu unit_cost=1,3.004256,CALCULATED
CSTPOY2606002820,POY,2907,3,GAGAL - selalu unit_cost=1,2.997996,CALCULATED
CSTPOY2606003166,POY,3253,3,GAGAL - selalu unit_cost=1,3.123057,CALCULATED
CSTPOY2606000036,POY,123,3,GAGAL - selalu unit_cost=1,3.272469,CALCULATED
CSTPTY2606003790,PTY,32134,3,GAGAL - selalu unit_cost=1,1.628779,CALCULATED
CSTPOY2606003845,POY,27202,3,GAGAL - selalu unit_cost=1,3.947486,CALCULATED
CSTPOY2606002440,POY,2527,3,GAGAL - selalu unit_cost=1,3.003899,CALCULATED
CSTPOY2606003168,POY,3255,3,GAGAL - selalu unit_cost=1,3.107223,CALCULATED
CSTPOY2606003847,POY,27204,3,GAGAL - selalu unit_cost=1,3.015867,CALCULATED
CSTPOY2606003170,POY,3257,3,GAGAL - selalu unit_cost=1,3.115548,CALCULATED
CSTPOY2606003171,POY,3258,3,GAGAL - selalu unit_cost=1,3.113903,CALCULATED
CSTPOY2606003173,POY,3260,3,GAGAL - selalu unit_cost=1,3.108045,CALCULATED
CSTPOY2606003574,POY,3661,3,GAGAL - selalu unit_cost=1,3.282101,CALCULATED
CSTPTY2606003654,PTY,31998,3,GAGAL - selalu unit_cost=1,1.264263,CALCULATED
CSTPOY2606000471,POY,558,3,GAGAL - selalu unit_cost=1,3.004753,CALCULATED
CSTPOY2606000617,POY,704,3,GAGAL - selalu unit_cost=1,3.022973,CALCULATED
CSTPOY2606002843,POY,2930,3,GAGAL - selalu unit_cost=1,3.058583,CALCULATED
CSTPOY2606000472,POY,559,3,GAGAL - selalu unit_cost=1,3.016197,CALCULATED
CSTPOY2606001595,POY,1682,3,GAGAL - selalu unit_cost=1,2.907125,CALCULATED
CSTPTY2606003641,PTY,31985,3,GAGAL - selalu unit_cost=1,3.061859,CALCULATED
CSTPTY2606003640,PTY,31984,3,GAGAL - selalu unit_cost=1,3.061859,CALCULATED
CSTPOY2606000718,POY,805,3,GAGAL - selalu unit_cost=1,3.023671,CALCULATED
CSTPOY2606000389,POY,476,3,GAGAL - selalu unit_cost=1,1.348049,CALCULATED
CSTPOY2606001032,POY,1119,3,GAGAL - selalu unit_cost=1,3.021378,CALCULATED
CSTPOY2606001598,POY,1685,3,GAGAL - selalu unit_cost=1,2.911618,CALCULATED
CSTPOY2606001033,POY,1120,3,GAGAL - selalu unit_cost=1,3.032449,CALCULATED
CSTPOY2606003190,POY,3277,3,GAGAL - selalu unit_cost=1,3.114314,CALCULATED
CSTPOY2606003191,POY,3278,3,GAGAL - selalu unit_cost=1,3.111025,CALCULATED
CSTPOY2606001037,POY,1124,3,GAGAL - selalu unit_cost=1,3.023372,CALCULATED
CSTPTY2606003283,PTY,31567,3,GAGAL - selalu unit_cost=1,2.895469,CALCULATED
CSTPOY2606001603,POY,1690,3,GAGAL - selalu unit_cost=1,2.912417,CALCULATED
CSTPOY2606001605,POY,1692,3,GAGAL - selalu unit_cost=1,2.921012,CALCULATED
CSTPOY2606001110,POY,1197,3,GAGAL - selalu unit_cost=1,3.021577,CALCULATED
CSTPOY2606000184,POY,271,3,GAGAL - selalu unit_cost=1,3.018688,CALCULATED
CSTPOY2606001467,POY,1554,3,GAGAL - selalu unit_cost=1,3.025327,CALCULATED
CSTPOY2606000078,POY,165,3,GAGAL - selalu unit_cost=1,1.524415,CALCULATED
CSTTTY2606000328,TTY,35895,3,GAGAL - selalu unit_cost=1,1.106472,CALCULATED
CSTPOY2606003231,POY,3318,3,GAGAL - selalu unit_cost=1,1.537387,CALCULATED
CSTPOY2606003233,POY,3320,3,GAGAL - selalu unit_cost=1,1.372801,CALCULATED
CSTPOY2606002896,POY,2983,3,GAGAL - selalu unit_cost=1,3.019258,CALCULATED
CSTPOY2606001619,POY,1706,3,GAGAL - selalu unit_cost=1,2.913317,CALCULATED
CSTPTY2606003093,PTY,30839,3,GAGAL - selalu unit_cost=1,1.296050,CALCULATED
CSTPOY2606002356,POY,2443,3,GAGAL - selalu unit_cost=1,3.017477,CALCULATED
CSTPOY2606003250,POY,3337,3,GAGAL - selalu unit_cost=1,1.393925,CALCULATED
CSTPOY2606003252,POY,3339,3,GAGAL - selalu unit_cost=1,1.313305,CALCULATED
CSTPOY2606002623,POY,2710,3,GAGAL - selalu unit_cost=1,3.054384,CALCULATED
CSTPOY2606003266,POY,3353,3,GAGAL - selalu unit_cost=1,1.271643,CALCULATED
CSTPTY2606005555,PTY,28897,3,GAGAL - selalu unit_cost=1,1.404230,CALCULATED
CSTPOY2606000518,POY,605,3,GAGAL - selalu unit_cost=1,3.025864,CALCULATED
CSTPOY2606000519,POY,606,3,GAGAL - selalu unit_cost=1,3.028458,CALCULATED
CSTPOY2606001629,POY,1716,3,GAGAL - selalu unit_cost=1,2.892865,CALCULATED
CSTPOY2606002397,POY,2484,3,GAGAL - selalu unit_cost=1,2.997822,CALCULATED
CSTPOY2606002909,POY,2996,3,GAGAL - selalu unit_cost=1,3.015043,CALCULATED
CSTPOY2606000622,POY,709,3,GAGAL - selalu unit_cost=1,3.030154,CALCULATED
CSTPOY2606003289,POY,3376,3,GAGAL - selalu unit_cost=1,2.929456,CALCULATED
CSTPOY2606002912,POY,2999,3,GAGAL - selalu unit_cost=1,2.998720,CALCULATED
CSTPOY2606002913,POY,3000,3,GAGAL - selalu unit_cost=1,3.016687,CALCULATED
CSTPOY2606002629,POY,2716,3,GAGAL - selalu unit_cost=1,3.007264,CALCULATED
CSTPOY2606002916,POY,3003,3,GAGAL - selalu unit_cost=1,2.998617,CALCULATED
CSTPOY2606000561,POY,648,3,GAGAL - selalu unit_cost=1,3.024069,CALCULATED
CSTPOY2606001553,POY,1640,2,GAGAL - selalu unit_cost=1,3.017659,CALCULATED
CSTPOY2606003093,POY,3180,2,GAGAL - selalu unit_cost=1,3.127757,CALCULATED
CSTPOY2606001560,POY,1647,2,GAGAL - selalu unit_cost=1,3.014268,CALCULATED
CSTPTY2606002692,PTY,28244,2,GAGAL - selalu unit_cost=1,1.140412,CALCULATED
CSTPTY2606002693,PTY,28245,2,GAGAL - selalu unit_cost=1,1.140412,CALCULATED
CSTPOY2606000503,POY,590,2,GAGAL - selalu unit_cost=1,3.029854,CALCULATED
CSTPTY2606002702,PTY,28254,2,GAGAL - selalu unit_cost=1,1.077540,CALCULATED
CSTPTY2606002703,PTY,28255,2,GAGAL - selalu unit_cost=1,1.107545,CALCULATED
CSTPTY2606002704,PTY,28256,2,GAGAL - selalu unit_cost=1,1.060284,CALCULATED
CSTPOY2606001569,POY,1656,2,GAGAL - selalu unit_cost=1,1.305896,CALCULATED
CSTPTY2606004331,PTY,32675,2,GAGAL - selalu unit_cost=1,1.399305,CALCULATED
CSTPTY2606004250,PTY,32594,2,GAGAL - selalu unit_cost=1,2.894315,CALCULATED
CSTPTY2606004245,PTY,32589,2,GAGAL - selalu unit_cost=1,2.894315,CALCULATED
CSTPTY2606004244,PTY,32588,2,GAGAL - selalu unit_cost=1,2.894315,CALCULATED
CSTPTY2606004138,PTY,32482,2,GAGAL - selalu unit_cost=1,1.401845,CALCULATED
CSTPTY2606003938,PTY,32282,2,GAGAL - selalu unit_cost=1,2.875185,CALCULATED
CSTPTY2606003937,PTY,32281,2,GAGAL - selalu unit_cost=1,2.875185,CALCULATED
CSTPTY2606003936,PTY,32280,2,GAGAL - selalu unit_cost=1,2.875185,CALCULATED
CSTPTY2606003935,PTY,32279,2,GAGAL - selalu unit_cost=1,2.875185,CALCULATED
CSTPTY2606003934,PTY,32278,2,GAGAL - selalu unit_cost=1,2.875185,CALCULATED
CSTPTY2606003933,PTY,32277,2,GAGAL - selalu unit_cost=1,2.875185,CALCULATED
CSTPTY2606003930,PTY,32274,2,GAGAL - selalu unit_cost=1,2.875185,CALCULATED
CSTPOY2606000077,POY,164,2,GAGAL - selalu unit_cost=1,1.491690,CALCULATED
CSTPOY2606001101,POY,1188,2,GAGAL - selalu unit_cost=1,3.022674,CALCULATED
CSTPOY2606003114,POY,3201,2,GAGAL - selalu unit_cost=1,3.037443,CALCULATED
CSTPOY2606003115,POY,3202,2,GAGAL - selalu unit_cost=1,3.037443,CALCULATED
CSTPOY2606003116,POY,3203,2,GAGAL - selalu unit_cost=1,3.034449,CALCULATED
CSTPOY2606003117,POY,3204,2,GAGAL - selalu unit_cost=1,3.027468,CALCULATED
CSTPOY2606003118,POY,3205,2,GAGAL - selalu unit_cost=1,3.036445,CALCULATED
CSTPOY2606003119,POY,3206,2,GAGAL - selalu unit_cost=1,3.036445,CALCULATED
CSTPOY2606003120,POY,3207,2,GAGAL - selalu unit_cost=1,3.036445,CALCULATED
CSTPTY2606002747,PTY,28299,2,GAGAL - selalu unit_cost=1,1.106947,CALCULATED
CSTPTY2606002748,PTY,28300,2,GAGAL - selalu unit_cost=1,1.106947,CALCULATED
CSTPTY2606002749,PTY,28301,2,GAGAL - selalu unit_cost=1,1.106947,CALCULATED
CSTPTY2606002750,PTY,28302,2,GAGAL - selalu unit_cost=1,1.186231,CALCULATED
CSTPOY2606003121,POY,3208,2,GAGAL - selalu unit_cost=1,3.022486,CALCULATED
CSTPTY2606002752,PTY,28304,2,GAGAL - selalu unit_cost=1,1.106947,CALCULATED
CSTPOY2606003122,POY,3209,2,GAGAL - selalu unit_cost=1,3.022486,CALCULATED
CSTPTY2606002758,PTY,28310,2,GAGAL - selalu unit_cost=1,1.072346,CALCULATED
CSTPOY2606003123,POY,3210,2,GAGAL - selalu unit_cost=1,3.042435,CALCULATED
CSTPOY2606003124,POY,3211,2,GAGAL - selalu unit_cost=1,3.032454,CALCULATED
CSTPOY2606003125,POY,3212,2,GAGAL - selalu unit_cost=1,3.036445,CALCULATED
CSTPOY2606003126,POY,3213,2,GAGAL - selalu unit_cost=1,3.036445,CALCULATED
CSTPTY2606003925,PTY,32269,2,GAGAL - selalu unit_cost=1,2.928657,CALCULATED
CSTPOY2606003127,POY,3214,2,GAGAL - selalu unit_cost=1,3.032454,CALCULATED
CSTPOY2606003128,POY,3215,2,GAGAL - selalu unit_cost=1,3.036445,CALCULATED
CSTPTY2606002773,PTY,28325,2,GAGAL - selalu unit_cost=1,1.078383,CALCULATED
CSTPTY2606002774,PTY,28326,2,GAGAL - selalu unit_cost=1,1.078383,CALCULATED
CSTPTY2606002776,PTY,28328,2,GAGAL - selalu unit_cost=1,1.078383,CALCULATED
CSTPOY2606003129,POY,3216,2,GAGAL - selalu unit_cost=1,3.037443,CALCULATED
CSTPOY2606003130,POY,3217,2,GAGAL - selalu unit_cost=1,3.036445,CALCULATED
CSTPOY2606003131,POY,3218,2,GAGAL - selalu unit_cost=1,3.037443,CALCULATED
CSTPOY2606003132,POY,3219,2,GAGAL - selalu unit_cost=1,3.037443,CALCULATED
CSTPOY2606000506,POY,593,2,GAGAL - selalu unit_cost=1,3.004753,CALCULATED
CSTPTY2606002783,PTY,28335,2,GAGAL - selalu unit_cost=1,1.149927,CALCULATED
CSTPTY2606003924,PTY,32268,2,GAGAL - selalu unit_cost=1,2.958311,CALCULATED
CSTPTY2606003876,PTY,32220,2,GAGAL - selalu unit_cost=1,2.987023,CALCULATED
CSTPTY2606003874,PTY,32218,2,GAGAL - selalu unit_cost=1,2.987023,CALCULATED
CSTPTY2606003873,PTY,32217,2,GAGAL - selalu unit_cost=1,2.987023,CALCULATED
CSTPTY2606003871,PTY,32215,2,GAGAL - selalu unit_cost=1,2.987023,CALCULATED
CSTPOY2606002233,POY,2320,2,GAGAL - selalu unit_cost=1,3.103220,CALCULATED
CSTPTY2606003868,PTY,32212,2,GAGAL - selalu unit_cost=1,2.987023,CALCULATED
CSTPTY2606003854,PTY,32198,2,GAGAL - selalu unit_cost=1,1.310403,CALCULATED
CSTPTY2606002801,PTY,28353,2,GAGAL - selalu unit_cost=1,1.141435,CALCULATED
CSTPOY2606003146,POY,3233,2,GAGAL - selalu unit_cost=1,2.996587,CALCULATED
CSTPTY2606003841,PTY,32185,2,GAGAL - selalu unit_cost=1,1.294819,CALCULATED
CSTPOY2606003149,POY,3236,2,GAGAL - selalu unit_cost=1,2.989614,CALCULATED
CSTPOY2606001581,POY,1668,2,GAGAL - selalu unit_cost=1,1.319735,CALCULATED
CSTPOY2606001582,POY,1669,2,GAGAL - selalu unit_cost=1,1.341961,CALCULATED
CSTPOY2606000510,POY,597,2,GAGAL - selalu unit_cost=1,3.027360,CALCULATED
CSTPOY2606003157,POY,3244,2,GAGAL - selalu unit_cost=1,3.007557,CALCULATED
CSTPTY2606003812,PTY,32156,2,GAGAL - selalu unit_cost=1,1.404646,CALCULATED
CSTPTY2606003800,PTY,32144,2,GAGAL - selalu unit_cost=1,1.507608,CALCULATED
CSTPOY2606001587,POY,1674,2,GAGAL - selalu unit_cost=1,1.241170,CALCULATED
CSTPTY2606005203,PTY,28399,2,GAGAL - selalu unit_cost=1,1.117996,CALCULATED
CSTPTY2606003796,PTY,32140,2,GAGAL - selalu unit_cost=1,1.353216,CALCULATED
CSTPTY2606003767,PTY,32111,2,GAGAL - selalu unit_cost=1,3.048011,CALCULATED
CSTPTY2606005208,PTY,28404,2,GAGAL - selalu unit_cost=1,1.077573,CALCULATED
CSTPTY2606005212,PTY,28408,2,GAGAL - selalu unit_cost=1,1.172428,CALCULATED
CSTPTY2606003714,PTY,32058,2,GAGAL - selalu unit_cost=1,2.856902,CALCULATED
CSTPTY2606003713,PTY,32057,2,GAGAL - selalu unit_cost=1,2.856902,CALCULATED
CSTPTY2606003655,PTY,31999,2,GAGAL - selalu unit_cost=1,1.404646,CALCULATED
CSTPOY2606003172,POY,3259,2,GAGAL - selalu unit_cost=1,3.114931,CALCULATED
CSTPOY2606002247,POY,2334,2,GAGAL - selalu unit_cost=1,3.102502,CALCULATED
CSTPOY2606001590,POY,1677,2,GAGAL - selalu unit_cost=1,1.273699,CALCULATED
CSTPOY2606000356,POY,443,2,GAGAL - selalu unit_cost=1,3.007737,CALCULATED
CSTPOY2606000768,POY,855,2,GAGAL - selalu unit_cost=1,3.025665,CALCULATED
CSTPTY2606003651,PTY,31995,2,GAGAL - selalu unit_cost=1,3.034373,CALCULATED
CSTPTY2606003650,PTY,31994,2,GAGAL - selalu unit_cost=1,3.034373,CALCULATED
CSTPTY2606003649,PTY,31993,2,GAGAL - selalu unit_cost=1,3.034373,CALCULATED
CSTPTY2606003648,PTY,31992,2,GAGAL - selalu unit_cost=1,3.061859,CALCULATED
CSTPOY2606001596,POY,1683,2,GAGAL - selalu unit_cost=1,2.924113,CALCULATED
CSTPTY2606003645,PTY,31989,2,GAGAL - selalu unit_cost=1,3.034373,CALCULATED
CSTPOY2606001597,POY,1684,2,GAGAL - selalu unit_cost=1,2.906926,CALCULATED
CSTPOY2606003183,POY,3270,2,GAGAL - selalu unit_cost=1,3.120382,CALCULATED
CSTPTY2606003643,PTY,31987,2,GAGAL - selalu unit_cost=1,3.034373,CALCULATED
CSTPOY2606003184,POY,3271,2,GAGAL - selalu unit_cost=1,3.116473,CALCULATED
CSTPTY2606003593,PTY,31937,2,GAGAL - selalu unit_cost=1,2.796455,CALCULATED
CSTPTY2606003590,PTY,31934,2,GAGAL - selalu unit_cost=1,2.857389,CALCULATED
CSTPTY2606003581,PTY,31925,2,GAGAL - selalu unit_cost=1,2.857389,CALCULATED
CSTPTY2606003574,PTY,31918,2,GAGAL - selalu unit_cost=1,2.857389,CALCULATED
CSTPTY2606003572,PTY,31916,2,GAGAL - selalu unit_cost=1,2.857389,CALCULATED
CSTPOY2606002258,POY,2345,2,GAGAL - selalu unit_cost=1,3.166874,CALCULATED
CSTPTY2606003406,PTY,31750,2,GAGAL - selalu unit_cost=1,2.932339,CALCULATED
CSTPOY2606003192,POY,3279,2,GAGAL - selalu unit_cost=1,3.093882,CALCULATED
CSTPOY2606003193,POY,3280,2,GAGAL - selalu unit_cost=1,3.107737,CALCULATED
CSTPOY2606002262,POY,2349,2,GAGAL - selalu unit_cost=1,3.249773,CALCULATED
CSTPOY2606002263,POY,2350,2,GAGAL - selalu unit_cost=1,3.244490,CALCULATED
CSTPOY2606002265,POY,2352,2,GAGAL - selalu unit_cost=1,3.236025,CALCULATED
CSTPOY2606002266,POY,2353,2,GAGAL - selalu unit_cost=1,3.226775,CALCULATED
CSTPOY2606002267,POY,2354,2,GAGAL - selalu unit_cost=1,3.229559,CALCULATED
CSTPOY2606001599,POY,1686,2,GAGAL - selalu unit_cost=1,2.915515,CALCULATED
CSTPTY2606003402,PTY,31746,2,GAGAL - selalu unit_cost=1,2.932339,CALCULATED
CSTPOY2606003206,POY,3293,2,GAGAL - selalu unit_cost=1,3.232109,CALCULATED
CSTPOY2606003208,POY,3295,2,GAGAL - selalu unit_cost=1,3.220300,CALCULATED
CSTPOY2606002274,POY,2361,2,GAGAL - selalu unit_cost=1,3.241302,CALCULATED
CSTPTY2606003237,PTY,31521,2,GAGAL - selalu unit_cost=1,2.992956,CALCULATED
CSTPOY2606001608,POY,1695,2,GAGAL - selalu unit_cost=1,2.923612,CALCULATED
CSTPTY2606005287,PTY,28483,2,GAGAL - selalu unit_cost=1,1.140307,CALCULATED
CSTPTY2606005288,PTY,28484,2,GAGAL - selalu unit_cost=1,1.124668,CALCULATED
CSTPOY2606003216,POY,3303,2,GAGAL - selalu unit_cost=1,3.010796,CALCULATED
CSTPTY2606003235,PTY,31519,2,GAGAL - selalu unit_cost=1,2.992956,CALCULATED
CSTPOY2606003223,POY,3310,2,GAGAL - selalu unit_cost=1,1.426721,CALCULATED
CSTPOY2606000514,POY,601,2,GAGAL - selalu unit_cost=1,3.017691,CALCULATED
CSTPOY2606000359,POY,446,2,GAGAL - selalu unit_cost=1,2.992831,CALCULATED
CSTPOY2606003228,POY,3315,2,GAGAL - selalu unit_cost=1,1.344958,CALCULATED
CSTPOY2606000773,POY,860,2,GAGAL - selalu unit_cost=1,3.025067,CALCULATED
CSTPOY2606003236,POY,3323,2,GAGAL - selalu unit_cost=1,3.080504,CALCULATED
CSTPOY2606001617,POY,1704,2,GAGAL - selalu unit_cost=1,2.917213,CALCULATED
CSTPTY2606005328,PTY,28524,2,GAGAL - selalu unit_cost=1,1.060152,CALCULATED
CSTPTY2606005329,PTY,28525,2,GAGAL - selalu unit_cost=1,1.060152,CALCULATED
CSTPTY2606003233,PTY,31517,2,GAGAL - selalu unit_cost=1,2.992956,CALCULATED
CSTPOY2606003249,POY,3336,2,GAGAL - selalu unit_cost=1,1.405532,CALCULATED
CSTPOY2606001622,POY,1709,2,GAGAL - selalu unit_cost=1,2.920012,CALCULATED
CSTPOY2606000774,POY,861,2,GAGAL - selalu unit_cost=1,3.030054,CALCULATED
CSTPOY2606003261,POY,3348,2,GAGAL - selalu unit_cost=1,3.018900,CALCULATED
CSTPOY2606003265,POY,3352,2,GAGAL - selalu unit_cost=1,3.076867,CALCULATED
CSTPTY2606005603,PTY,28945,2,GAGAL - selalu unit_cost=1,1.536993,CALCULATED
CSTPOY2606003271,POY,3358,2,GAGAL - selalu unit_cost=1,2.998231,CALCULATED
CSTPTY2606005602,PTY,28944,2,GAGAL - selalu unit_cost=1,1.526332,CALCULATED
CSTPTY2606002938,PTY,28858,2,GAGAL - selalu unit_cost=1,3.106006,CALCULATED
CSTPTY2606005367,PTY,28563,2,GAGAL - selalu unit_cost=1,1.059628,CALCULATED
CSTPOY2606001630,POY,1717,2,GAGAL - selalu unit_cost=1,2.919512,CALCULATED
CSTPOY2606003278,POY,3365,2,GAGAL - selalu unit_cost=1,3.103183,CALCULATED
CSTPOY2606003284,POY,3371,2,GAGAL - selalu unit_cost=1,1.280327,CALCULATED
CSTPTY2606002879,PTY,28799,2,GAGAL - selalu unit_cost=1,1.366610,CALCULATED
CSTTPM2606000576,TPM,28722,2,GAGAL - selalu unit_cost=1,1.230333,CALCULATED
CSTPOY2606001631,POY,1718,2,GAGAL - selalu unit_cost=1,2.916514,CALCULATED
CSTPOY2606003288,POY,3375,2,GAGAL - selalu unit_cost=1,2.930155,CALCULATED
CSTPTY2606005382,PTY,28578,2,GAGAL - selalu unit_cost=1,1.076533,CALCULATED
CSTPTY2606005383,PTY,28579,2,GAGAL - selalu unit_cost=1,1.061035,CALCULATED
CSTPOY2606003290,POY,3377,2,GAGAL - selalu unit_cost=1,2.917797,CALCULATED
CSTPTY2606005506,PTY,28702,2,GAGAL - selalu unit_cost=1,1.141435,CALCULATED
CSTPTY2606005462,PTY,28658,2,GAGAL - selalu unit_cost=1,1.075126,CALCULATED
CSTPOY2606003291,POY,3378,2,GAGAL - selalu unit_cost=1,2.925568,CALCULATED
CSTPOY2606003292,POY,3379,2,GAGAL - selalu unit_cost=1,2.931551,CALCULATED
CSTPOY2606003294,POY,3381,2,GAGAL - selalu unit_cost=1,2.928260,CALCULATED
CSTPOY2606002304,POY,2391,2,GAGAL - selalu unit_cost=1,3.224589,CALCULATED
CSTPOY2606003298,POY,3385,2,GAGAL - selalu unit_cost=1,2.930753,CALCULATED
CSTPOY2606002305,POY,2392,2,GAGAL - selalu unit_cost=1,3.224589,CALCULATED
CSTPOY2606002306,POY,2393,2,GAGAL - selalu unit_cost=1,3.224589,CALCULATED
CSTPOY2606002307,POY,2394,2,GAGAL - selalu unit_cost=1,3.244490,CALCULATED
CSTPOY2606002308,POY,2395,2,GAGAL - selalu unit_cost=1,3.254461,CALCULATED
CSTPOY2606002309,POY,2396,2,GAGAL - selalu unit_cost=1,3.224589,CALCULATED
CSTPOY2606002310,POY,2397,2,GAGAL - selalu unit_cost=1,3.224589,CALCULATED
CSTPOY2606001122,POY,1209,2,GAGAL - selalu unit_cost=1,3.013807,CALCULATED
CSTPOY2606001634,POY,1721,2,GAGAL - selalu unit_cost=1,2.904531,CALCULATED
CSTPOY2606001637,POY,1724,2,GAGAL - selalu unit_cost=1,2.915914,CALCULATED
CSTPOY2606000523,POY,610,2,GAGAL - selalu unit_cost=1,3.029655,CALCULATED
CSTPOY2606001641,POY,1728,2,GAGAL - selalu unit_cost=1,2.914515,CALCULATED
CSTPOY2606003318,POY,3405,2,GAGAL - selalu unit_cost=1,1.316142,CALCULATED
CSTPOY2606003322,POY,3409,2,GAGAL - selalu unit_cost=1,1.665824,CALCULATED
CSTPOY2606003323,POY,3410,2,GAGAL - selalu unit_cost=1,1.658368,CALCULATED
CSTPOY2606000793,POY,880,2,GAGAL - selalu unit_cost=1,3.025665,CALCULATED
CSTPOY2606001652,POY,1739,2,GAGAL - selalu unit_cost=1,2.917513,CALCULATED
CSTPOY2606001653,POY,1740,2,GAGAL - selalu unit_cost=1,2.921012,CALCULATED
CSTPOY2606000368,POY,455,2,GAGAL - selalu unit_cost=1,3.032649,CALCULATED
CSTPOY2606003348,POY,3435,2,GAGAL - selalu unit_cost=1,1.293708,CALCULATED
CSTPOY2606002339,POY,2426,2,GAGAL - selalu unit_cost=1,3.226775,CALCULATED
CSTPOY2606000795,POY,882,2,GAGAL - selalu unit_cost=1,3.033846,CALCULATED
CSTPOY2606001139,POY,1226,2,GAGAL - selalu unit_cost=1,2.998591,CALCULATED
CSTPOY2606000796,POY,883,2,GAGAL - selalu unit_cost=1,3.017193,CALCULATED
CSTPOY2606003357,POY,3444,2,GAGAL - selalu unit_cost=1,3.322466,CALCULATED
CSTPOY2606001142,POY,1229,2,GAGAL - selalu unit_cost=1,3.009727,CALCULATED
CSTPOY2606001143,POY,1230,2,GAGAL - selalu unit_cost=1,3.003262,CALCULATED
CSTPOY2606001663,POY,1750,2,GAGAL - selalu unit_cost=1,2.918113,CALCULATED
CSTPOY2606001665,POY,1752,2,GAGAL - selalu unit_cost=1,2.898746,CALCULATED
CSTPOY2606001144,POY,1231,2,GAGAL - selalu unit_cost=1,3.027660,CALCULATED
CSTPOY2606003374,POY,3461,2,GAGAL - selalu unit_cost=1,3.103796,CALCULATED
CSTPOY2606003375,POY,3462,2,GAGAL - selalu unit_cost=1,3.104310,CALCULATED
CSTPOY2606000800,POY,887,2,GAGAL - selalu unit_cost=1,3.028956,CALCULATED
CSTPOY2606001149,POY,1236,2,GAGAL - selalu unit_cost=1,3.022175,CALCULATED
CSTPOY2606003385,POY,3472,2,GAGAL - selalu unit_cost=1,3.036307,CALCULATED
CSTPOY2606001151,POY,1238,2,GAGAL - selalu unit_cost=1,3.027161,CALCULATED
CSTPOY2606003393,POY,3480,2,GAGAL - selalu unit_cost=1,3.020012,CALCULATED
CSTPOY2606003397,POY,3484,2,GAGAL - selalu unit_cost=1,3.049476,CALCULATED
CSTPOY2606001675,POY,1762,2,GAGAL - selalu unit_cost=1,2.918113,CALCULATED
CSTPOY2606003399,POY,3486,2,GAGAL - selalu unit_cost=1,3.075647,CALCULATED
CSTPOY2606001676,POY,1763,2,GAGAL - selalu unit_cost=1,2.922212,CALCULATED
CSTPOY2606001152,POY,1239,2,GAGAL - selalu unit_cost=1,3.031351,CALCULATED
CSTPOY2606003403,POY,3490,2,GAGAL - selalu unit_cost=1,3.076867,CALCULATED
CSTPOY2606003404,POY,3491,2,GAGAL - selalu unit_cost=1,3.077883,CALCULATED
CSTPOY2606003405,POY,3492,2,GAGAL - selalu unit_cost=1,3.081950,CALCULATED
CSTPOY2606000542,POY,629,2,GAGAL - selalu unit_cost=1,3.027161,CALCULATED
CSTPOY2606000013,POY,100,2,GAGAL - selalu unit_cost=1,3.004628,CALCULATED
CSTPOY2606001688,POY,1775,2,GAGAL - selalu unit_cost=1,2.897549,CALCULATED
CSTPOY2606000813,POY,900,2,GAGAL - selalu unit_cost=1,3.020979,CALCULATED
CSTPOY2606000026,POY,113,2,GAGAL - selalu unit_cost=1,3.253329,CALCULATED
CSTPOY2606000550,POY,637,2,GAGAL - selalu unit_cost=1,3.031152,CALCULATED
CSTPOY2606003426,POY,3513,2,GAGAL - selalu unit_cost=1,3.253249,CALCULATED
CSTPOY2606003428,POY,3515,2,GAGAL - selalu unit_cost=1,3.254546,CALCULATED
CSTPOY2606003430,POY,3517,2,GAGAL - selalu unit_cost=1,3.255744,CALCULATED
CSTPOY2606002389,POY,2476,2,GAGAL - selalu unit_cost=1,3.007609,CALCULATED
CSTPOY2606003435,POY,3522,2,GAGAL - selalu unit_cost=1,1.384885,CALCULATED
CSTPOY2606003438,POY,3525,2,GAGAL - selalu unit_cost=1,3.238933,CALCULATED
CSTPOY2606003439,POY,3526,2,GAGAL - selalu unit_cost=1,3.243913,CALCULATED
CSTPOY2606003440,POY,3527,2,GAGAL - selalu unit_cost=1,3.243913,CALCULATED
CSTPOY2606001700,POY,1787,2,GAGAL - selalu unit_cost=1,2.907425,CALCULATED
CSTPOY2606003442,POY,3529,2,GAGAL - selalu unit_cost=1,3.279868,CALCULATED
CSTPOY2606003444,POY,3531,2,GAGAL - selalu unit_cost=1,3.253884,CALCULATED
CSTPOY2606001702,POY,1789,2,GAGAL - selalu unit_cost=1,2.906028,CALCULATED
CSTPOY2606001703,POY,1790,2,GAGAL - selalu unit_cost=1,2.888384,CALCULATED
CSTPOY2606001704,POY,1791,2,GAGAL - selalu unit_cost=1,2.903832,CALCULATED
CSTPOY2606001706,POY,1793,2,GAGAL - selalu unit_cost=1,2.906327,CALCULATED
CSTPOY2606002406,POY,2493,2,GAGAL - selalu unit_cost=1,3.006269,CALCULATED
CSTPOY2606001710,POY,1797,2,GAGAL - selalu unit_cost=1,2.914515,CALCULATED
CSTPOY2606002409,POY,2496,2,GAGAL - selalu unit_cost=1,3.009568,CALCULATED
CSTPOY2606002412,POY,2499,2,GAGAL - selalu unit_cost=1,3.001324,CALCULATED
CSTPOY2606002413,POY,2500,2,GAGAL - selalu unit_cost=1,3.001324,CALCULATED
CSTPOY2606002414,POY,2501,2,GAGAL - selalu unit_cost=1,3.001324,CALCULATED
CSTPOY2606002415,POY,2502,2,GAGAL - selalu unit_cost=1,2.985887,CALCULATED
CSTPOY2606002416,POY,2503,2,GAGAL - selalu unit_cost=1,2.985887,CALCULATED
CSTPOY2606003505,POY,3592,2,GAGAL - selalu unit_cost=1,1.649429,CALCULATED
CSTPOY2606002417,POY,2504,2,GAGAL - selalu unit_cost=1,3.001324,CALCULATED
CSTPOY2606002418,POY,2505,2,GAGAL - selalu unit_cost=1,3.001324,CALCULATED
CSTPOY2606002419,POY,2506,2,GAGAL - selalu unit_cost=1,3.001324,CALCULATED
CSTPOY2606002420,POY,2507,2,GAGAL - selalu unit_cost=1,3.001324,CALCULATED
CSTPOY2606003521,POY,3608,2,GAGAL - selalu unit_cost=1,3.112186,CALCULATED
CSTPOY2606003523,POY,3610,2,GAGAL - selalu unit_cost=1,3.105071,CALCULATED
CSTPOY2606003524,POY,3611,2,GAGAL - selalu unit_cost=1,3.104052,CALCULATED
CSTPOY2606003525,POY,3612,2,GAGAL - selalu unit_cost=1,3.916481,CALCULATED
CSTPOY2606002421,POY,2508,2,GAGAL - selalu unit_cost=1,3.001324,CALCULATED
CSTPOY2606002422,POY,2509,2,GAGAL - selalu unit_cost=1,3.001324,CALCULATED
CSTPOY2606002423,POY,2510,2,GAGAL - selalu unit_cost=1,3.001324,CALCULATED
CSTPOY2606002424,POY,2511,2,GAGAL - selalu unit_cost=1,2.975612,CALCULATED
CSTPOY2606003533,POY,3620,2,GAGAL - selalu unit_cost=1,1.655155,CALCULATED
CSTPOY2606002425,POY,2512,2,GAGAL - selalu unit_cost=1,3.001324,CALCULATED
CSTPOY2606002426,POY,2513,2,GAGAL - selalu unit_cost=1,3.001324,CALCULATED
CSTPOY2606002427,POY,2514,2,GAGAL - selalu unit_cost=1,3.001324,CALCULATED
CSTPOY2606003541,POY,3628,2,GAGAL - selalu unit_cost=1,2.940972,CALCULATED
CSTPOY2606002428,POY,2515,2,GAGAL - selalu unit_cost=1,2.996175,CALCULATED
CSTPOY2606002429,POY,2516,2,GAGAL - selalu unit_cost=1,3.001324,CALCULATED
CSTPOY2606002430,POY,2517,2,GAGAL - selalu unit_cost=1,3.001324,CALCULATED
CSTPOY2606002431,POY,2518,2,GAGAL - selalu unit_cost=1,3.003899,CALCULATED
CSTPOY2606002432,POY,2519,2,GAGAL - selalu unit_cost=1,2.993602,CALCULATED
CSTPOY2606002433,POY,2520,2,GAGAL - selalu unit_cost=1,2.980748,CALCULATED
CSTPOY2606001711,POY,1798,2,GAGAL - selalu unit_cost=1,2.924513,CALCULATED
CSTPOY2606001712,POY,1799,2,GAGAL - selalu unit_cost=1,2.923512,CALCULATED
CSTPOY2606003558,POY,3645,2,GAGAL - selalu unit_cost=1,2.945759,CALCULATED
CSTPOY2606002436,POY,2523,2,GAGAL - selalu unit_cost=1,3.001324,CALCULATED
CSTPOY2606001713,POY,1800,2,GAGAL - selalu unit_cost=1,2.919512,CALCULATED
CSTPOY2606002439,POY,2526,2,GAGAL - selalu unit_cost=1,3.001324,CALCULATED
CSTPOY2606003572,POY,3659,2,GAGAL - selalu unit_cost=1,1.365554,CALCULATED
CSTPOY2606002441,POY,2528,2,GAGAL - selalu unit_cost=1,2.996175,CALCULATED
CSTPOY2606002442,POY,2529,2,GAGAL - selalu unit_cost=1,2.996175,CALCULATED
CSTPOY2606003578,POY,3665,2,GAGAL - selalu unit_cost=1,3.048818,CALCULATED
CSTPOY2606003580,POY,3667,2,GAGAL - selalu unit_cost=1,2.890445,CALCULATED
CSTPOY2606000391,POY,478,2,GAGAL - selalu unit_cost=1,3.027360,CALCULATED
CSTPOY2606001718,POY,1805,2,GAGAL - selalu unit_cost=1,2.904531,CALCULATED
CSTPOY2606001719,POY,1806,2,GAGAL - selalu unit_cost=1,2.894559,CALCULATED
CSTPOY2606001180,POY,1267,2,GAGAL - selalu unit_cost=1,3.023671,CALCULATED
CSTPOY2606001181,POY,1268,2,GAGAL - selalu unit_cost=1,3.014704,CALCULATED
CSTPOY2606001182,POY,1269,2,GAGAL - selalu unit_cost=1,3.017691,CALCULATED
CSTPOY2606001183,POY,1270,2,GAGAL - selalu unit_cost=1,3.027161,CALCULATED
CSTPOY2606001184,POY,1271,2,GAGAL - selalu unit_cost=1,3.016197,CALCULATED
CSTPOY2606002453,POY,2540,2,GAGAL - selalu unit_cost=1,3.001324,CALCULATED
CSTPOY2606001185,POY,1272,2,GAGAL - selalu unit_cost=1,3.024668,CALCULATED
CSTPOY2606000830,POY,917,2,GAGAL - selalu unit_cost=1,3.026662,CALCULATED
CSTPOY2606001733,POY,1820,2,GAGAL - selalu unit_cost=1,2.901538,CALCULATED
CSTPOY2606001734,POY,1821,2,GAGAL - selalu unit_cost=1,2.904531,CALCULATED
CSTPOY2606001735,POY,1822,2,GAGAL - selalu unit_cost=1,2.904531,CALCULATED
CSTPOY2606003605,POY,3692,2,GAGAL - selalu unit_cost=1,2.982520,CALCULATED
CSTPOY2606002470,POY,2557,2,GAGAL - selalu unit_cost=1,3.028702,CALCULATED
CSTPOY2606002472,POY,2559,2,GAGAL - selalu unit_cost=1,3.021088,CALCULATED
CSTPOY2606002474,POY,2561,2,GAGAL - selalu unit_cost=1,3.029525,CALCULATED
CSTPOY2606003639,POY,3726,2,GAGAL - selalu unit_cost=1,1.382140,CALCULATED
CSTPOY2606003641,POY,3728,2,GAGAL - selalu unit_cost=1,3.388184,CALCULATED
CSTPOY2606001741,POY,1828,2,GAGAL - selalu unit_cost=1,2.890076,CALCULATED
CSTPOY2606003643,POY,3730,2,GAGAL - selalu unit_cost=1,3.367217,CALCULATED
CSTPOY2606003644,POY,3731,2,GAGAL - selalu unit_cost=1,3.356751,CALCULATED
CSTPOY2606000570,POY,657,2,GAGAL - selalu unit_cost=1,3.013011,CALCULATED
CSTTTY2606000393,TTY,35960,2,GAGAL - selalu unit_cost=1,1.238770,CALCULATED
CSTTTY2606000389,TTY,35956,2,GAGAL - selalu unit_cost=1,1.251489,CALCULATED
CSTPOY2606000571,POY,658,2,GAGAL - selalu unit_cost=1,3.024269,CALCULATED
CSTPOY2606000572,POY,659,2,GAGAL - selalu unit_cost=1,3.023073,CALCULATED
CSTPOY2606000574,POY,661,2,GAGAL - selalu unit_cost=1,3.021478,CALCULATED
CSTPOY2606000575,POY,662,2,GAGAL - selalu unit_cost=1,3.023272,CALCULATED
CSTPOY2606002485,POY,2572,2,GAGAL - selalu unit_cost=1,3.030863,CALCULATED
CSTPOY2606003667,POY,3754,2,GAGAL - selalu unit_cost=1,1.453559,CALCULATED
CSTPOY2606000580,POY,667,2,GAGAL - selalu unit_cost=1,3.032649,CALCULATED
CSTPOY2606001209,POY,1296,2,GAGAL - selalu unit_cost=1,3.014704,CALCULATED
CSTPOY2606001769,POY,1856,2,GAGAL - selalu unit_cost=1,2.910021,CALCULATED
CSTPOY2606001210,POY,1297,2,GAGAL - selalu unit_cost=1,3.019684,CALCULATED
CSTPOY2606001772,POY,1859,2,GAGAL - selalu unit_cost=1,2.891570,CALCULATED
CSTPOY2606001773,POY,1860,2,GAGAL - selalu unit_cost=1,2.922512,CALCULATED
CSTPOY2606001211,POY,1298,2,GAGAL - selalu unit_cost=1,3.019684,CALCULATED
CSTPOY2606000393,POY,480,2,GAGAL - selalu unit_cost=1,3.027360,CALCULATED
CSTPOY2606000851,POY,938,2,GAGAL - selalu unit_cost=1,3.025465,CALCULATED
CSTPOY2606000852,POY,939,2,GAGAL - selalu unit_cost=1,2.965098,CALCULATED
CSTPOY2606001215,POY,1302,2,GAGAL - selalu unit_cost=1,3.029655,CALCULATED
CSTPOY2606001217,POY,1304,2,GAGAL - selalu unit_cost=1,3.017193,CALCULATED
CSTPOY2606000583,POY,670,2,GAGAL - selalu unit_cost=1,3.004753,CALCULATED
CSTPOY2606000860,POY,947,2,GAGAL - selalu unit_cost=1,3.023671,CALCULATED
CSTPOY2606002537,POY,2624,2,GAGAL - selalu unit_cost=1,3.051080,CALCULATED
CSTPOY2606000397,POY,484,2,GAGAL - selalu unit_cost=1,3.024568,CALCULATED
CSTPOY2606000866,POY,953,2,GAGAL - selalu unit_cost=1,3.023671,CALCULATED
CSTPOY2606003703,POY,3790,2,GAGAL - selalu unit_cost=1,1.290976,CALCULATED
CSTTTY2606000386,TTY,35953,2,GAGAL - selalu unit_cost=1,1.239997,CALCULATED
CSTPOY2606000869,POY,956,2,GAGAL - selalu unit_cost=1,3.014704,CALCULATED
CSTPOY2606000401,POY,488,2,GAGAL - selalu unit_cost=1,3.004753,CALCULATED
CSTPOY2606003714,POY,3801,2,GAGAL - selalu unit_cost=1,2.933326,CALCULATED
CSTPOY2606002553,POY,2640,2,GAGAL - selalu unit_cost=1,3.045977,CALCULATED
CSTPOY2606002554,POY,2641,2,GAGAL - selalu unit_cost=1,3.042277,CALCULATED
CSTPOY2606002555,POY,2642,2,GAGAL - selalu unit_cost=1,3.039578,CALCULATED
CSTPOY2606000874,POY,961,2,GAGAL - selalu unit_cost=1,3.006742,CALCULATED
CSTPOY2606001802,POY,1889,2,GAGAL - selalu unit_cost=1,2.917014,CALCULATED
CSTPOY2606002565,POY,2652,2,GAGAL - selalu unit_cost=1,3.055485,CALCULATED
CSTPOY2606002567,POY,2654,2,GAGAL - selalu unit_cost=1,3.058390,CALCULATED
CSTPOY2606000879,POY,966,2,GAGAL - selalu unit_cost=1,3.034146,CALCULATED
CSTPOY2606002571,POY,2658,2,GAGAL - selalu unit_cost=1,3.056887,CALCULATED
CSTPOY2606002572,POY,2659,2,GAGAL - selalu unit_cost=1,3.046877,CALCULATED
CSTPOY2606002573,POY,2660,2,GAGAL - selalu unit_cost=1,3.034382,CALCULATED
CSTPOY2606003735,POY,3822,2,GAGAL - selalu unit_cost=1,1.416983,CALCULATED
CSTPOY2606003736,POY,3823,2,GAGAL - selalu unit_cost=1,1.676020,CALCULATED
CSTPOY2606003740,POY,3827,2,GAGAL - selalu unit_cost=1,1.453559,CALCULATED
CSTPOY2606002578,POY,2665,2,GAGAL - selalu unit_cost=1,3.050379,CALCULATED
CSTPOY2606000885,POY,972,2,GAGAL - selalu unit_cost=1,3.023671,CALCULATED
CSTPOY2606000605,POY,692,2,GAGAL - selalu unit_cost=1,3.023471,CALCULATED
CSTPOY2606000102,POY,189,2,GAGAL - selalu unit_cost=1,3.034645,CALCULATED
CSTPOY2606000015,POY,102,2,GAGAL - selalu unit_cost=1,2.990251,CALCULATED
CSTPOY2606000608,POY,695,2,GAGAL - selalu unit_cost=1,3.011518,CALCULATED
CSTPOY2606000895,POY,982,2,GAGAL - selalu unit_cost=1,3.024668,CALCULATED
CSTPOY2606000610,POY,697,2,GAGAL - selalu unit_cost=1,3.026862,CALCULATED
CSTPOY2606001832,POY,1919,2,GAGAL - selalu unit_cost=1,1.246114,CALCULATED
CSTPOY2606000901,POY,988,2,GAGAL - selalu unit_cost=1,3.008533,CALCULATED
CSTPOY2606000034,POY,121,2,GAGAL - selalu unit_cost=1,1.600323,CALCULATED
CSTPOY2606003764,POY,3851,2,GAGAL - selalu unit_cost=1,3.140989,CALCULATED
CSTPOY2606001264,POY,1351,2,GAGAL - selalu unit_cost=1,3.014704,CALCULATED
CSTPOY2606002606,POY,2693,2,GAGAL - selalu unit_cost=1,3.036880,CALCULATED
CSTPOY2606001265,POY,1352,2,GAGAL - selalu unit_cost=1,3.014704,CALCULATED
CSTPOY2606000616,POY,703,2,GAGAL - selalu unit_cost=1,3.017293,CALCULATED
CSTPOY2606000618,POY,705,2,GAGAL - selalu unit_cost=1,3.007737,CALCULATED
CSTPOY2606001270,POY,1357,2,GAGAL - selalu unit_cost=1,3.024668,CALCULATED
CSTPOY2606001271,POY,1358,2,GAGAL - selalu unit_cost=1,3.024668,CALCULATED
CSTPOY2606001272,POY,1359,2,GAGAL - selalu unit_cost=1,3.030453,CALCULATED
CSTPOY2606001273,POY,1360,2,GAGAL - selalu unit_cost=1,3.033148,CALCULATED
CSTPOY2606001276,POY,1363,2,GAGAL - selalu unit_cost=1,3.024668,CALCULATED
CSTPOY2606001278,POY,1365,2,GAGAL - selalu unit_cost=1,3.014704,CALCULATED
CSTPOY2606002622,POY,2709,2,GAGAL - selalu unit_cost=1,3.027394,CALCULATED
CSTTTY2606000309,TTY,35876,2,GAGAL - selalu unit_cost=1,1.123802,CALCULATED
CSTPOY2606003800,POY,3887,2,GAGAL - selalu unit_cost=1,1.375614,CALCULATED
CSTPOY2606002624,POY,2711,2,GAGAL - selalu unit_cost=1,3.044577,CALCULATED
CSTPTY2606000268,PTY,8155,2,GAGAL - selalu unit_cost=1,2.961662,CALCULATED
CSTPOY2606001279,POY,1366,2,GAGAL - selalu unit_cost=1,3.024668,CALCULATED
CSTPOY2606002626,POY,2713,2,GAGAL - selalu unit_cost=1,3.017322,CALCULATED
CSTPOY2606000626,POY,713,2,GAGAL - selalu unit_cost=1,3.022175,CALCULATED
CSTPTY2606000671,PTY,8558,2,GAGAL - selalu unit_cost=1,2.961662,CALCULATED
CSTPOY2606000920,POY,1007,2,GAGAL - selalu unit_cost=1,3.026163,CALCULATED
CSTPOY2606000327,POY,414,2,GAGAL - selalu unit_cost=1,3.007737,CALCULATED
CSTPOY2606000423,POY,510,2,GAGAL - selalu unit_cost=1,3.028757,CALCULATED
CSTPOY2606002639,POY,2726,2,GAGAL - selalu unit_cost=1,3.016923,CALCULATED
CSTPTY2606000858,PTY,8745,2,GAGAL - selalu unit_cost=1,2.972415,CALCULATED
CSTPTY2606000882,PTY,8769,2,GAGAL - selalu unit_cost=1,2.944060,CALCULATED
CSTPTY2606000904,PTY,8791,2,GAGAL - selalu unit_cost=1,1.407404,CALCULATED
CSTPOY2606000425,POY,512,2,GAGAL - selalu unit_cost=1,3.031152,CALCULATED
CSTPTY2606000938,PTY,8825,2,GAGAL - selalu unit_cost=1,1.583083,CALCULATED
CSTPTY2606000959,PTY,8846,2,GAGAL - selalu unit_cost=1,1.322612,CALCULATED
CSTPOY2606002642,POY,2729,2,GAGAL - selalu unit_cost=1,3.007861,CALCULATED
CSTPOY2606000635,POY,722,2,GAGAL - selalu unit_cost=1,3.029954,CALCULATED
CSTPTY2606000983,PTY,8870,2,GAGAL - selalu unit_cost=1,1.259606,CALCULATED
CSTPTY2606000984,PTY,8871,2,GAGAL - selalu unit_cost=1,1.293148,CALCULATED
CSTPTY2606001025,PTY,8912,2,GAGAL - selalu unit_cost=1,2.856902,CALCULATED
CSTPOY2606002645,POY,2732,2,GAGAL - selalu unit_cost=1,3.019415,CALCULATED
CSTPTY2606001151,PTY,9038,2,GAGAL - selalu unit_cost=1,1.301331,CALCULATED
CSTPTY2606001161,PTY,9048,2,GAGAL - selalu unit_cost=1,1.762253,CALCULATED
CSTPTY2606001376,PTY,9263,2,GAGAL - selalu unit_cost=1,1.312654,CALCULATED
CSTTTY2606000052,TTY,35619,2,GAGAL - selalu unit_cost=1,1.216735,CALCULATED
CSTPOY2606002651,POY,2738,2,GAGAL - selalu unit_cost=1,3.019415,CALCULATED
CSTPOY2606000113,POY,200,2,GAGAL - selalu unit_cost=1,3.011916,CALCULATED
CSTPTY2606001776,PTY,9663,2,GAGAL - selalu unit_cost=1,1.290598,CALCULATED
CSTPOY2606002656,POY,2743,2,GAGAL - selalu unit_cost=1,3.016624,CALCULATED
CSTPOY2606002658,POY,2745,2,GAGAL - selalu unit_cost=1,3.055185,CALCULATED
CSTPOY2606002659,POY,2746,2,GAGAL - selalu unit_cost=1,3.036880,CALCULATED
CSTPTY2606001809,PTY,9696,2,GAGAL - selalu unit_cost=1,2.967596,CALCULATED
CSTPTY2606001810,PTY,9697,2,GAGAL - selalu unit_cost=1,2.967596,CALCULATED
CSTPOY2606000116,POY,203,2,GAGAL - selalu unit_cost=1,3.027660,CALCULATED
CSTPOY2606001924,POY,2011,2,GAGAL - selalu unit_cost=1,2.995796,CALCULATED
CSTPOY2606002668,POY,2755,2,GAGAL - selalu unit_cost=1,3.041877,CALCULATED
CSTPOY2606001928,POY,2015,2,GAGAL - selalu unit_cost=1,2.991271,CALCULATED
CSTPOY2606001929,POY,2016,2,GAGAL - selalu unit_cost=1,2.988085,CALCULATED
CSTPOY2606002672,POY,2759,2,GAGAL - selalu unit_cost=1,3.009454,CALCULATED
CSTPOY2606001931,POY,2018,2,GAGAL - selalu unit_cost=1,2.999397,CALCULATED
CSTPOY2606001932,POY,2019,2,GAGAL - selalu unit_cost=1,3.000426,CALCULATED
CSTPTY2606002031,PTY,9918,2,GAGAL - selalu unit_cost=1,2.969353,CALCULATED
CSTPOY2606002676,POY,2763,2,GAGAL - selalu unit_cost=1,3.009454,CALCULATED
CSTPOY2606000436,POY,523,2,GAGAL - selalu unit_cost=1,3.024668,CALCULATED
CSTPTY2606002040,PTY,9927,2,GAGAL - selalu unit_cost=1,2.853473,CALCULATED
CSTPTY2606002041,PTY,9928,2,GAGAL - selalu unit_cost=1,2.853473,CALCULATED
CSTPTY2606002043,PTY,9930,2,GAGAL - selalu unit_cost=1,2.853473,CALCULATED
CSTPTY2606002044,PTY,9931,2,GAGAL - selalu unit_cost=1,2.853473,CALCULATED
CSTPOY2606002689,POY,2776,2,GAGAL - selalu unit_cost=1,1.273471,CALCULATED
CSTPTY2606002054,PTY,9941,2,GAGAL - selalu unit_cost=1,2.855578,CALCULATED
CSTPOY2606002697,POY,2784,2,GAGAL - selalu unit_cost=1,3.022477,CALCULATED
CSTPOY2606002701,POY,2788,2,GAGAL - selalu unit_cost=1,3.037380,CALCULATED
CSTPOY2606002704,POY,2791,2,GAGAL - selalu unit_cost=1,3.038923,CALCULATED
CSTPOY2606000651,POY,738,2,GAGAL - selalu unit_cost=1,3.022375,CALCULATED
CSTPOY2606001949,POY,2036,2,GAGAL - selalu unit_cost=1,2.984695,CALCULATED
CSTPOY2606002707,POY,2794,2,GAGAL - selalu unit_cost=1,3.040466,CALCULATED
CSTPOY2606002708,POY,2795,2,GAGAL - selalu unit_cost=1,3.037688,CALCULATED
CSTPOY2606002709,POY,2796,2,GAGAL - selalu unit_cost=1,3.032135,CALCULATED
CSTPTY2606002075,PTY,9962,2,GAGAL - selalu unit_cost=1,2.853473,CALCULATED
CSTPTY2606002148,PTY,10035,2,GAGAL - selalu unit_cost=1,1.314706,CALCULATED
CSTPTY2606002166,PTY,10053,2,GAGAL - selalu unit_cost=1,2.896326,CALCULATED
CSTPOY2606000652,POY,739,2,GAGAL - selalu unit_cost=1,3.032649,CALCULATED
CSTPOY2606001957,POY,2044,2,GAGAL - selalu unit_cost=1,2.989113,CALCULATED
CSTPOY2606000653,POY,740,2,GAGAL - selalu unit_cost=1,3.013011,CALCULATED
CSTPOY2606000655,POY,742,2,GAGAL - selalu unit_cost=1,3.030154,CALCULATED
CSTPOY2606000170,POY,257,2,GAGAL - selalu unit_cost=1,3.030154,CALCULATED
CSTPOY2606000039,POY,126,2,GAGAL - selalu unit_cost=1,1.612755,CALCULATED
CSTPOY2606000341,POY,428,2,GAGAL - selalu unit_cost=1,3.016098,CALCULATED
CSTPOY2606000442,POY,529,2,GAGAL - selalu unit_cost=1,3.025166,CALCULATED
CSTPOY2606001322,POY,1409,2,GAGAL - selalu unit_cost=1,3.027360,CALCULATED
CSTPOY2606002733,POY,2820,2,GAGAL - selalu unit_cost=1,2.999510,CALCULATED
CSTPOY2606002734,POY,2821,2,GAGAL - selalu unit_cost=1,3.042833,CALCULATED
CSTPOY2606000443,POY,530,2,GAGAL - selalu unit_cost=1,3.007737,CALCULATED
CSTPOY2606001971,POY,2058,2,GAGAL - selalu unit_cost=1,2.990963,CALCULATED
CSTPTY2606002301,PTY,10188,2,GAGAL - selalu unit_cost=1,1.745961,CALCULATED
CSTPTY2606002326,PTY,10213,2,GAGAL - selalu unit_cost=1,2.855578,CALCULATED
CSTPTY2606002327,PTY,10214,2,GAGAL - selalu unit_cost=1,2.855578,CALCULATED
CSTPOY2606000665,POY,752,2,GAGAL - selalu unit_cost=1,3.014704,CALCULATED
CSTPOY2606000041,POY,128,2,GAGAL - selalu unit_cost=1,1.518694,CALCULATED
CSTPTY2606002348,PTY,10235,2,GAGAL - selalu unit_cost=1,2.877683,CALCULATED
CSTPTY2606002349,PTY,10236,2,GAGAL - selalu unit_cost=1,2.877683,CALCULATED
CSTPTY2606002350,PTY,10237,2,GAGAL - selalu unit_cost=1,2.877683,CALCULATED
CSTPTY2606002351,PTY,10238,2,GAGAL - selalu unit_cost=1,2.877683,CALCULATED
CSTPOY2606000122,POY,209,2,GAGAL - selalu unit_cost=1,3.024468,CALCULATED
CSTPTY2606002485,PTY,10372,2,GAGAL - selalu unit_cost=1,1.372057,CALCULATED
CSTPTY2606002490,PTY,10377,2,GAGAL - selalu unit_cost=1,1.290033,CALCULATED
CSTPTY2606002531,PTY,10418,2,GAGAL - selalu unit_cost=1,1.294313,CALCULATED
CSTPOY2606000347,POY,434,2,GAGAL - selalu unit_cost=1,3.030154,CALCULATED
CSTPOY2606000449,POY,536,2,GAGAL - selalu unit_cost=1,3.024668,CALCULATED
CSTPOY2606000450,POY,537,2,GAGAL - selalu unit_cost=1,3.025166,CALCULATED
CSTPOY2606000974,POY,1061,2,GAGAL - selalu unit_cost=1,3.002964,CALCULATED
CSTPTY2606002548,PTY,10435,2,GAGAL - selalu unit_cost=1,3.141561,CALCULATED
CSTPTY2606002549,PTY,10436,2,GAGAL - selalu unit_cost=1,3.129474,CALCULATED
CSTPTY2606002550,PTY,10437,2,GAGAL - selalu unit_cost=1,3.129474,CALCULATED
CSTPOY2606002750,POY,2837,2,GAGAL - selalu unit_cost=1,3.012215,CALCULATED
CSTPOY2606002753,POY,2840,2,GAGAL - selalu unit_cost=1,3.037894,CALCULATED
CSTPOY2606002757,POY,2844,2,GAGAL - selalu unit_cost=1,3.040466,CALCULATED
CSTPOY2606001992,POY,2079,2,GAGAL - selalu unit_cost=1,2.992197,CALCULATED
CSTPOY2606001993,POY,2080,2,GAGAL - selalu unit_cost=1,2.976789,CALCULATED
CSTPOY2606000681,POY,768,2,GAGAL - selalu unit_cost=1,3.026463,CALCULATED
CSTPOY2606001996,POY,2083,2,GAGAL - selalu unit_cost=1,2.990346,CALCULATED
CSTPOY2606002763,POY,2850,2,GAGAL - selalu unit_cost=1,1.321610,CALCULATED
CSTATY2606000067,ATY,23211,2,GAGAL - selalu unit_cost=1,1.338908,CALCULATED
CSTPOY2606002764,POY,2851,2,GAGAL - selalu unit_cost=1,1.321610,CALCULATED
CSTPOY2606001997,POY,2084,2,GAGAL - selalu unit_cost=1,2.994870,CALCULATED
CSTPOY2606001344,POY,1431,2,GAGAL - selalu unit_cost=1,3.009727,CALCULATED
CSTPOY2606000683,POY,770,2,GAGAL - selalu unit_cost=1,3.026163,CALCULATED
CSTPOY2606002000,POY,2087,2,GAGAL - selalu unit_cost=1,2.971455,CALCULATED
CSTTTY2606000787,TTY,35358,2,GAGAL - selalu unit_cost=1,1.222048,CALCULATED
CSTTTY2606000682,TTY,35253,2,GAGAL - selalu unit_cost=1,1.110308,CALCULATED
CSTTTY2606000676,TTY,35247,2,GAGAL - selalu unit_cost=1,1.226889,CALCULATED
CSTATY2606000021,ATY,23321,2,GAGAL - selalu unit_cost=1,1.317429,CALCULATED
CSTPOY2606000684,POY,771,2,GAGAL - selalu unit_cost=1,3.010722,CALCULATED
CSTATY2606000029,ATY,23329,2,GAGAL - selalu unit_cost=1,1.423393,CALCULATED
CSTTTY2606000576,TTY,35147,2,GAGAL - selalu unit_cost=1,1.137724,CALCULATED
CSTPOY2606000690,POY,777,2,GAGAL - selalu unit_cost=1,3.026662,CALCULATED
CSTTTM2606000528,TTM,35078,2,GAGAL - selalu unit_cost=1,1.247487,CALCULATED
CSTATY2606000195,ATY,23392,2,GAGAL - selalu unit_cost=1,1.334095,CALCULATED
CSTPOY2606002009,POY,2096,2,GAGAL - selalu unit_cost=1,2.987058,CALCULATED
CSTATY2606000210,ATY,23407,2,GAGAL - selalu unit_cost=1,1.362388,CALCULATED
CSTPOY2606000459,POY,546,2,GAGAL - selalu unit_cost=1,3.027660,CALCULATED
CSTPOY2606002012,POY,2099,2,GAGAL - selalu unit_cost=1,2.975455,CALCULATED
CSTATY2606000227,ATY,23424,2,GAGAL - selalu unit_cost=1,1.338668,CALCULATED
CSTPOY2606000460,POY,547,2,GAGAL - selalu unit_cost=1,3.013210,CALCULATED
CSTPOY2606000694,POY,781,2,GAGAL - selalu unit_cost=1,3.029854,CALCULATED
CSTPOY2606000695,POY,782,2,GAGAL - selalu unit_cost=1,3.027360,CALCULATED
CSTPOY2606000461,POY,548,2,GAGAL - selalu unit_cost=1,3.027959,CALCULATED
CSTTCY2606000292,TCY,34909,2,GAGAL - selalu unit_cost=1,1.145170,CALCULATED
CSTPOY2606000697,POY,784,2,GAGAL - selalu unit_cost=1,3.019684,CALCULATED
CSTPOY2606002019,POY,2106,2,GAGAL - selalu unit_cost=1,2.987777,CALCULATED
CSTPOY2606002020,POY,2107,2,GAGAL - selalu unit_cost=1,2.993533,CALCULATED
CSTPOY2606003808,POY,23741,2,GAGAL - selalu unit_cost=1,3.927356,CALCULATED
CSTPOY2606002021,POY,2108,2,GAGAL - selalu unit_cost=1,2.971455,CALCULATED
CSTPOY2606002023,POY,2110,2,GAGAL - selalu unit_cost=1,2.948111,CALCULATED
CSTPOY2606003815,POY,27172,2,GAGAL - selalu unit_cost=1,3.928785,CALCULATED
CSTPOY2606002797,POY,2884,2,GAGAL - selalu unit_cost=1,2.906760,CALCULATED
CSTPOY2606000463,POY,550,2,GAGAL - selalu unit_cost=1,3.033447,CALCULATED
CSTPOY2606000464,POY,551,2,GAGAL - selalu unit_cost=1,3.020680,CALCULATED
CSTPOY2606000465,POY,552,2,GAGAL - selalu unit_cost=1,3.018688,CALCULATED
CSTPOY2606001010,POY,1097,2,GAGAL - selalu unit_cost=1,3.013509,CALCULATED
CSTPOY2606001011,POY,1098,2,GAGAL - selalu unit_cost=1,3.021179,CALCULATED
CSTPOY2606003829,POY,27186,2,GAGAL - selalu unit_cost=1,2.882999,CALCULATED
CSTPOY2606000704,POY,791,2,GAGAL - selalu unit_cost=1,3.032649,CALCULATED
CSTPOY2606003836,POY,27193,2,GAGAL - selalu unit_cost=1,1.358108,CALCULATED
CSTPOY2606002817,POY,2904,2,GAGAL - selalu unit_cost=1,2.989308,CALCULATED
CSTPOY2606003841,POY,27198,2,GAGAL - selalu unit_cost=1,1.367841,CALCULATED
CSTPOY2606001016,POY,1103,2,GAGAL - selalu unit_cost=1,3.023671,CALCULATED
CSTPOY2606003846,POY,27203,2,GAGAL - selalu unit_cost=1,3.169892,CALCULATED
CSTPOY2606002822,POY,2909,2,GAGAL - selalu unit_cost=1,2.998795,CALCULATED
CSTPOY2606001018,POY,1105,2,GAGAL - selalu unit_cost=1,3.023272,CALCULATED
CSTPOY2606001020,POY,1107,2,GAGAL - selalu unit_cost=1,3.022275,CALCULATED
CSTPOY2606003853,POY,27210,2,GAGAL - selalu unit_cost=1,1.463813,CALCULATED
CSTPOY2606002838,POY,2925,2,GAGAL - selalu unit_cost=1,3.048561,CALCULATED
CSTPOY2606002842,POY,2929,2,GAGAL - selalu unit_cost=1,3.058082,CALCULATED
CSTPOY2606002053,POY,2140,2,GAGAL - selalu unit_cost=1,3.027922,CALCULATED
CSTPOY2606000478,POY,565,2,GAGAL - selalu unit_cost=1,3.025565,CALCULATED
CSTPOY2606001404,POY,1491,2,GAGAL - selalu unit_cost=1,3.024553,CALCULATED
CSTPOY2606000042,POY,129,2,GAGAL - selalu unit_cost=1,1.488803,CALCULATED
CSTPOY2606002066,POY,2153,2,GAGAL - selalu unit_cost=1,3.033165,CALCULATED
CSTPOY2606002866,POY,2953,2,GAGAL - selalu unit_cost=1,3.017411,CALCULATED
CSTPOY2606001039,POY,1126,2,GAGAL - selalu unit_cost=1,3.020182,CALCULATED
CSTPOY2606000482,POY,569,2,GAGAL - selalu unit_cost=1,3.027959,CALCULATED
CSTPOY2606001459,POY,1546,2,GAGAL - selalu unit_cost=1,3.033312,CALCULATED
CSTPOY2606001464,POY,1551,2,GAGAL - selalu unit_cost=1,3.030317,CALCULATED
CSTPOY2606001043,POY,1130,2,GAGAL - selalu unit_cost=1,3.019285,CALCULATED
CSTPOY2606001468,POY,1555,2,GAGAL - selalu unit_cost=1,3.025327,CALCULATED
CSTPOY2606001469,POY,1556,2,GAGAL - selalu unit_cost=1,3.023831,CALCULATED
CSTPOY2606002093,POY,2180,2,GAGAL - selalu unit_cost=1,1.321610,CALCULATED
CSTPOY2606003896,POY,27253,2,GAGAL - selalu unit_cost=1,3.149995,CALCULATED
CSTPOY2606002894,POY,2981,2,GAGAL - selalu unit_cost=1,3.017613,CALCULATED
CSTPOY2606003901,POY,27258,2,GAGAL - selalu unit_cost=1,3.944391,CALCULATED
CSTPOY2606002900,POY,2987,2,GAGAL - selalu unit_cost=1,3.020389,CALCULATED
CSTPOY2606001044,POY,1131,2,GAGAL - selalu unit_cost=1,3.025864,CALCULATED
CSTPOY2606001474,POY,1561,2,GAGAL - selalu unit_cost=1,2.944598,CALCULATED
CSTPOY2606002904,POY,2991,2,GAGAL - selalu unit_cost=1,3.014632,CALCULATED
CSTPOY2606003911,POY,27268,2,GAGAL - selalu unit_cost=1,2.952486,CALCULATED
CSTPOY2606002906,POY,2993,2,GAGAL - selalu unit_cost=1,3.025429,CALCULATED
CSTPOY2606002907,POY,2994,2,GAGAL - selalu unit_cost=1,3.015968,CALCULATED
CSTPOY2606002107,POY,2194,2,GAGAL - selalu unit_cost=1,2.985621,CALCULATED
CSTPOY2606002108,POY,2195,2,GAGAL - selalu unit_cost=1,2.963652,CALCULATED
CSTPOY2606002911,POY,2998,2,GAGAL - selalu unit_cost=1,3.012783,CALCULATED
CSTPOY2606002109,POY,2196,2,GAGAL - selalu unit_cost=1,3.007753,CALCULATED
CSTPOY2606002917,POY,3004,2,GAGAL - selalu unit_cost=1,3.012577,CALCULATED
CSTPOY2606002918,POY,3005,2,GAGAL - selalu unit_cost=1,3.015968,CALCULATED
CSTPOY2606002110,POY,2197,2,GAGAL - selalu unit_cost=1,2.998378,CALCULATED
CSTPOY2606002922,POY,3009,2,GAGAL - selalu unit_cost=1,3.024400,CALCULATED
CSTPOY2606002923,POY,3010,2,GAGAL - selalu unit_cost=1,3.017818,CALCULATED
CSTPOY2606002113,POY,2200,2,GAGAL - selalu unit_cost=1,3.008268,CALCULATED
CSTPOY2606001476,POY,1563,2,GAGAL - selalu unit_cost=1,2.946568,CALCULATED
CSTPOY2606002937,POY,3024,2,GAGAL - selalu unit_cost=1,3.017613,CALCULATED
CSTPOY2606000484,POY,571,2,GAGAL - selalu unit_cost=1,3.034246,CALCULATED
CSTPOY2606000727,POY,814,2,GAGAL - selalu unit_cost=1,3.023172,CALCULATED
CSTPOY2606002948,POY,3035,2,GAGAL - selalu unit_cost=1,2.993081,CALCULATED
CSTPOY2606002950,POY,3037,2,GAGAL - selalu unit_cost=1,3.014015,CALCULATED
CSTPOY2606002951,POY,3038,2,GAGAL - selalu unit_cost=1,3.001284,CALCULATED
CSTTCY2606000133,TCY,34886,2,GAGAL - selalu unit_cost=1,1.197675,CALCULATED
CSTPOY2606002954,POY,3041,2,GAGAL - selalu unit_cost=1,2.998207,CALCULATED
CSTPOY2606002956,POY,3043,2,GAGAL - selalu unit_cost=1,3.002413,CALCULATED
CSTPOY2606000486,POY,573,2,GAGAL - selalu unit_cost=1,3.022773,CALCULATED
CSTTCY2606000132,TCY,34885,2,GAGAL - selalu unit_cost=1,1.085262,CALCULATED
CSTPOY2606002961,POY,3048,2,GAGAL - selalu unit_cost=1,3.023268,CALCULATED
CSTPOY2606002963,POY,3050,2,GAGAL - selalu unit_cost=1,3.016379,CALCULATED
CSTPOY2606002964,POY,3051,2,GAGAL - selalu unit_cost=1,3.018332,CALCULATED
CSTPOY2606003984,POY,27483,2,GAGAL - selalu unit_cost=1,3.947486,CALCULATED
CSTPOY2606003985,POY,27484,2,GAGAL - selalu unit_cost=1,1.302129,CALCULATED
CSTPOY2606000732,POY,819,2,GAGAL - selalu unit_cost=1,3.026662,CALCULATED
CSTPOY2606001056,POY,1143,2,GAGAL - selalu unit_cost=1,3.002765,CALCULATED
CSTPOY2606002972,POY,3059,2,GAGAL - selalu unit_cost=1,2.998720,CALCULATED
CSTPOY2606001057,POY,1144,2,GAGAL - selalu unit_cost=1,3.027161,CALCULATED
CSTPOY2606000737,POY,824,2,GAGAL - selalu unit_cost=1,3.034346,CALCULATED
CSTPOY2606003998,POY,27497,2,GAGAL - selalu unit_cost=1,2.943721,CALCULATED
CSTPOY2606003999,POY,27498,2,GAGAL - selalu unit_cost=1,4.047563,CALCULATED
CSTPOY2606004000,POY,27499,2,GAGAL - selalu unit_cost=1,1.916273,CALCULATED
CSTTCY2606000090,TCY,34843,2,GAGAL - selalu unit_cost=1,1.197675,CALCULATED
CSTPOY2606004003,POY,27502,2,GAGAL - selalu unit_cost=1,1.374591,CALCULATED
CSTTCY2606000074,TCY,34827,2,GAGAL - selalu unit_cost=1,1.147045,CALCULATED
CSTTCY2606000073,TCY,34826,2,GAGAL - selalu unit_cost=1,1.147045,CALCULATED
CSTTCY2606000072,TCY,34825,2,GAGAL - selalu unit_cost=1,1.147045,CALCULATED
CSTTCY2606000057,TCY,34810,2,GAGAL - selalu unit_cost=1,1.266509,CALCULATED
CSTTCY2606000017,TCY,34770,2,GAGAL - selalu unit_cost=1,1.266509,CALCULATED
CSTTCY2606000009,TCY,34762,2,GAGAL - selalu unit_cost=1,1.206386,CALCULATED
CSTTCY2606000253,TCY,34743,2,GAGAL - selalu unit_cost=1,1.231841,CALCULATED
CSTTPY2606005805,TPY,34548,2,GAGAL - selalu unit_cost=1,1.109430,CALCULATED
CSTTPY2606005804,TPY,34547,2,GAGAL - selalu unit_cost=1,1.109430,CALCULATED
CSTPTY2606006456,PTY,34521,2,GAGAL - selalu unit_cost=1,2.930574,CALCULATED
CSTPTY2606006455,PTY,34520,2,GAGAL - selalu unit_cost=1,2.930574,CALCULATED
CSTPTY2606006454,PTY,34519,2,GAGAL - selalu unit_cost=1,2.930574,CALCULATED
CSTPOY2606001060,POY,1147,2,GAGAL - selalu unit_cost=1,2.989854,CALCULATED
CSTPOY2606002135,POY,2222,2,GAGAL - selalu unit_cost=1,3.007753,CALCULATED
CSTPTY2606006421,PTY,34486,2,GAGAL - selalu unit_cost=1,1.593806,CALCULATED
CSTPTY2606006420,PTY,34485,2,GAGAL - selalu unit_cost=1,1.691872,CALCULATED
CSTPOY2606001061,POY,1148,2,GAGAL - selalu unit_cost=1,3.021278,CALCULATED
CSTIDY2606000032,IDY,27534,2,GAGAL - selalu unit_cost=1,1.123551,CALCULATED
CSTPTY2606006291,PTY,34356,2,GAGAL - selalu unit_cost=1,2.971698,CALCULATED
CSTPTY2606006290,PTY,34355,2,GAGAL - selalu unit_cost=1,2.971698,CALCULATED
CSTPTY2606006289,PTY,34354,2,GAGAL - selalu unit_cost=1,2.913173,CALCULATED
CSTPTY2606006288,PTY,34353,2,GAGAL - selalu unit_cost=1,2.971698,CALCULATED
CSTPTY2606006287,PTY,34352,2,GAGAL - selalu unit_cost=1,2.971698,CALCULATED
CSTPTY2606006286,PTY,34351,2,GAGAL - selalu unit_cost=1,2.971698,CALCULATED
CSTPTY2606006285,PTY,34350,2,GAGAL - selalu unit_cost=1,2.971698,CALCULATED
CSTPTY2606006245,PTY,34310,2,GAGAL - selalu unit_cost=1,1.419491,CALCULATED
CSTPTY2606006153,PTY,34218,2,GAGAL - selalu unit_cost=1,1.414228,CALCULATED
CSTPTY2606006102,PTY,34167,2,GAGAL - selalu unit_cost=1,1.330813,CALCULATED
CSTPTY2606006098,PTY,34163,2,GAGAL - selalu unit_cost=1,1.348263,CALCULATED
CSTPTY2606005894,PTY,33959,2,GAGAL - selalu unit_cost=1,1.343802,CALCULATED
CSTPTY2606005863,PTY,33928,2,GAGAL - selalu unit_cost=1,1.365171,CALCULATED
CSTPTY2606005851,PTY,33916,2,GAGAL - selalu unit_cost=1,3.171622,CALCULATED
CSTPTY2606005850,PTY,33915,2,GAGAL - selalu unit_cost=1,3.171622,CALCULATED
CSTPOY2606001062,POY,1149,2,GAGAL - selalu unit_cost=1,3.009229,CALCULATED
CSTPTY2606005849,PTY,33914,2,GAGAL - selalu unit_cost=1,3.171622,CALCULATED
CSTPTY2606005848,PTY,33913,2,GAGAL - selalu unit_cost=1,3.171622,CALCULATED
CSTPTY2606005847,PTY,33912,2,GAGAL - selalu unit_cost=1,3.171622,CALCULATED
CSTPTY2606005842,PTY,33907,2,GAGAL - selalu unit_cost=1,1.277514,CALCULATED
CSTPOY2606002139,POY,2226,2,GAGAL - selalu unit_cost=1,3.000335,CALCULATED
CSTPOY2606000738,POY,825,2,GAGAL - selalu unit_cost=1,3.020182,CALCULATED
CSTPTY2606005830,PTY,33895,2,GAGAL - selalu unit_cost=1,1.408307,CALCULATED
CSTPTY2606005759,PTY,33816,2,GAGAL - selalu unit_cost=1,1.353986,CALCULATED
CSTPTY2606005737,PTY,33794,2,GAGAL - selalu unit_cost=1,1.359667,CALCULATED
CSTIDY2606000072,IDY,27574,2,GAGAL - selalu unit_cost=1,1.237165,CALCULATED
CSTPTY2606005662,PTY,33719,2,GAGAL - selalu unit_cost=1,1.489923,CALCULATED
CSTPTY2606005617,PTY,33674,2,GAGAL - selalu unit_cost=1,2.888439,CALCULATED
CSTPTY2606005093,PTY,33589,2,GAGAL - selalu unit_cost=1,3.006587,CALCULATED
CSTPTY2606005090,PTY,33586,2,GAGAL - selalu unit_cost=1,1.495643,CALCULATED
CSTPTY2606005061,PTY,33557,2,GAGAL - selalu unit_cost=1,1.277514,CALCULATED
CSTPTY2606004968,PTY,33464,2,GAGAL - selalu unit_cost=1,1.844078,CALCULATED
CSTPTY2606004963,PTY,33459,2,GAGAL - selalu unit_cost=1,1.426389,CALCULATED
CSTPTY2606004913,PTY,33409,2,GAGAL - selalu unit_cost=1,2.881812,CALCULATED
CSTPTY2606004906,PTY,33402,2,GAGAL - selalu unit_cost=1,2.881812,CALCULATED
CSTPOY2606001065,POY,1152,2,GAGAL - selalu unit_cost=1,3.022175,CALCULATED
CSTPOY2606001066,POY,1153,2,GAGAL - selalu unit_cost=1,3.022674,CALCULATED
CSTPTY2606004904,PTY,33400,2,GAGAL - selalu unit_cost=1,2.881812,CALCULATED
CSTPTY2606004899,PTY,33395,2,GAGAL - selalu unit_cost=1,2.881812,CALCULATED
CSTPTY2606004897,PTY,33393,2,GAGAL - selalu unit_cost=1,2.881812,CALCULATED
CSTPTY2606004896,PTY,33392,2,GAGAL - selalu unit_cost=1,2.881812,CALCULATED
CSTPTY2606004883,PTY,33379,2,GAGAL - selalu unit_cost=1,2.829023,CALCULATED
CSTPTY2606004882,PTY,33378,2,GAGAL - selalu unit_cost=1,2.820069,CALCULATED
CSTPTY2606004881,PTY,33377,2,GAGAL - selalu unit_cost=1,2.820069,CALCULATED
CSTPTY2606004880,PTY,33376,2,GAGAL - selalu unit_cost=1,2.820069,CALCULATED
CSTPTY2606004871,PTY,33367,2,GAGAL - selalu unit_cost=1,2.878594,CALCULATED
CSTPTY2606004867,PTY,33363,2,GAGAL - selalu unit_cost=1,2.820069,CALCULATED
CSTPTY2606004853,PTY,33349,2,GAGAL - selalu unit_cost=1,2.820069,CALCULATED
CSTPTY2606004851,PTY,33347,2,GAGAL - selalu unit_cost=1,2.820069,CALCULATED
CSTPTY2606004848,PTY,33344,2,GAGAL - selalu unit_cost=1,2.820069,CALCULATED
CSTPTY2606004834,PTY,33330,2,GAGAL - selalu unit_cost=1,2.878594,CALCULATED
CSTPTY2606004832,PTY,33328,2,GAGAL - selalu unit_cost=1,2.878594,CALCULATED
CSTPTY2606004826,PTY,33322,2,GAGAL - selalu unit_cost=1,1.449630,CALCULATED
CSTITY2606000019,ITY,27636,2,GAGAL - selalu unit_cost=1,2.023608,CALCULATED
CSTPTY2606004794,PTY,33138,2,GAGAL - selalu unit_cost=1,1.330274,CALCULATED
CSTPOY2606000492,POY,579,2,GAGAL - selalu unit_cost=1,3.027360,CALCULATED
CSTPTY2606004784,PTY,33128,2,GAGAL - selalu unit_cost=1,1.294819,CALCULATED
CSTPTY2606004745,PTY,33089,2,GAGAL - selalu unit_cost=1,3.181002,CALCULATED
CSTPTY2606004743,PTY,33087,2,GAGAL - selalu unit_cost=1,3.025540,CALCULATED
CSTPTY2606004741,PTY,33085,2,GAGAL - selalu unit_cost=1,3.067757,CALCULATED
CSTPTY2606004740,PTY,33084,2,GAGAL - selalu unit_cost=1,3.025540,CALCULATED
CSTPOY2606000493,POY,580,2,GAGAL - selalu unit_cost=1,3.015699,CALCULATED
CSTPOY2606000745,POY,832,2,GAGAL - selalu unit_cost=1,3.029854,CALCULATED
CSTPOY2606001074,POY,1161,2,GAGAL - selalu unit_cost=1,3.023671,CALCULATED
CSTPOY2606001076,POY,1163,2,GAGAL - selalu unit_cost=1,3.024668,CALCULATED
CSTPTY2606004739,PTY,33083,2,GAGAL - selalu unit_cost=1,3.025540,CALCULATED
CSTPTY2606004738,PTY,33082,2,GAGAL - selalu unit_cost=1,3.025540,CALCULATED
CSTPTY2606004636,PTY,32980,2,GAGAL - selalu unit_cost=1,2.881812,CALCULATED
CSTPTY2606004635,PTY,32979,2,GAGAL - selalu unit_cost=1,2.881812,CALCULATED
CSTPTY2606004631,PTY,32975,2,GAGAL - selalu unit_cost=1,2.881812,CALCULATED
CSTPOY2606000498,POY,585,2,GAGAL - selalu unit_cost=1,3.001771,CALCULATED
CSTPOY2606001081,POY,1168,2,GAGAL - selalu unit_cost=1,3.006742,CALCULATED
CSTPTY2606004628,PTY,32972,2,GAGAL - selalu unit_cost=1,2.881812,CALCULATED
CSTPOY2606001082,POY,1169,2,GAGAL - selalu unit_cost=1,3.003063,CALCULATED
CSTPOY2606001083,POY,1170,2,GAGAL - selalu unit_cost=1,3.013708,CALCULATED
CSTPTY2606004625,PTY,32969,2,GAGAL - selalu unit_cost=1,2.881812,CALCULATED
CSTPOY2606002165,POY,2252,2,GAGAL - selalu unit_cost=1,3.005588,CALCULATED
CSTPTY2606004618,PTY,32962,2,GAGAL - selalu unit_cost=1,2.881812,CALCULATED
CSTPTY2606004616,PTY,32960,2,GAGAL - selalu unit_cost=1,2.881812,CALCULATED
CSTPOY2606003010,POY,3097,2,GAGAL - selalu unit_cost=1,3.021314,CALCULATED
CSTPTY2606004610,PTY,32954,2,GAGAL - selalu unit_cost=1,2.881812,CALCULATED
CSTPTY2606004594,PTY,32938,2,GAGAL - selalu unit_cost=1,2.881812,CALCULATED
CSTPOY2606001529,POY,1616,2,GAGAL - selalu unit_cost=1,3.017145,CALCULATED
CSTPTY2606004593,PTY,32937,2,GAGAL - selalu unit_cost=1,2.881812,CALCULATED
CSTPTY2606004592,PTY,32936,2,GAGAL - selalu unit_cost=1,2.881812,CALCULATED
CSTPOY2606003013,POY,3100,2,GAGAL - selalu unit_cost=1,3.018332,CALCULATED
CSTPOY2606001530,POY,1617,2,GAGAL - selalu unit_cost=1,3.017145,CALCULATED
CSTPOY2606003018,POY,3105,2,GAGAL - selalu unit_cost=1,3.004465,CALCULATED
CSTPOY2606001535,POY,1622,2,GAGAL - selalu unit_cost=1,3.015748,CALCULATED
CSTPOY2606001085,POY,1172,2,GAGAL - selalu unit_cost=1,3.006444,CALCULATED
CSTPTY2606004580,PTY,32924,2,GAGAL - selalu unit_cost=1,2.881812,CALCULATED
CSTPTY2606004579,PTY,32923,2,GAGAL - selalu unit_cost=1,2.881812,CALCULATED
CSTPOY2606003025,POY,3112,2,GAGAL - selalu unit_cost=1,3.014118,CALCULATED
CSTPOY2606003026,POY,3113,2,GAGAL - selalu unit_cost=1,3.014940,CALCULATED
CSTPOY2606003028,POY,3115,2,GAGAL - selalu unit_cost=1,3.019155,CALCULATED
CSTPOY2606000753,POY,840,2,GAGAL - selalu unit_cost=1,3.020979,CALCULATED
CSTPOY2606003031,POY,3118,2,GAGAL - selalu unit_cost=1,3.014632,CALCULATED
CSTPOY2606003033,POY,3120,2,GAGAL - selalu unit_cost=1,3.013091,CALCULATED
CSTPOY2606001089,POY,1176,2,GAGAL - selalu unit_cost=1,3.021677,CALCULATED
CSTPTY2606004578,PTY,32922,2,GAGAL - selalu unit_cost=1,2.881812,CALCULATED
CSTPOY2606003039,POY,3126,2,GAGAL - selalu unit_cost=1,3.014015,CALCULATED
CSTPTY2606004577,PTY,32921,2,GAGAL - selalu unit_cost=1,2.881812,CALCULATED
CSTPTY2606004576,PTY,32920,2,GAGAL - selalu unit_cost=1,2.881812,CALCULATED
CSTPTY2606004573,PTY,32917,2,GAGAL - selalu unit_cost=1,2.881812,CALCULATED
CSTPOY2606002187,POY,2274,2,GAGAL - selalu unit_cost=1,3.093268,CALCULATED
CSTPOY2606002189,POY,2276,2,GAGAL - selalu unit_cost=1,3.105069,CALCULATED
CSTPOY2606003047,POY,3134,2,GAGAL - selalu unit_cost=1,3.011550,CALCULATED
CSTPOY2606002190,POY,2277,2,GAGAL - selalu unit_cost=1,3.107842,CALCULATED
CSTPOY2606003049,POY,3136,2,GAGAL - selalu unit_cost=1,3.029132,CALCULATED
CSTPOY2606003050,POY,3137,2,GAGAL - selalu unit_cost=1,3.033659,CALCULATED
CSTPOY2606002191,POY,2278,2,GAGAL - selalu unit_cost=1,3.107636,CALCULATED
CSTPOY2606002192,POY,2279,2,GAGAL - selalu unit_cost=1,3.107431,CALCULATED
CSTPOY2606001096,POY,1183,2,GAGAL - selalu unit_cost=1,3.024169,CALCULATED
CSTPOY2606002194,POY,2281,2,GAGAL - selalu unit_cost=1,3.108253,CALCULATED
CSTPOY2606002195,POY,2282,2,GAGAL - selalu unit_cost=1,3.111232,CALCULATED
CSTPOY2606002196,POY,2283,2,GAGAL - selalu unit_cost=1,3.107123,CALCULATED
CSTPTY2606004562,PTY,32906,2,GAGAL - selalu unit_cost=1,2.901710,CALCULATED
CSTFDY2606000002,FDY,28153,2,GAGAL - selalu unit_cost=1,1.601264,CALCULATED
CSTPTY2606004541,PTY,32885,2,GAGAL - selalu unit_cost=1,2.886914,CALCULATED
CSTFDY2606000004,FDY,28155,2,GAGAL - selalu unit_cost=1,1.318677,CALCULATED
CSTPTY2606004477,PTY,32821,2,GAGAL - selalu unit_cost=1,1.323142,CALCULATED
CSTPTY2606004418,PTY,32762,2,GAGAL - selalu unit_cost=1,1.329995,CALCULATED
CSTPTY2606004374,PTY,32718,2,GAGAL - selalu unit_cost=1,1.348435,CALCULATED
CSTPTY2606004364,PTY,32708,2,GAGAL - selalu unit_cost=1,1.274448,CALCULATED
CSTPOY2606002197,POY,2284,2,GAGAL - selalu unit_cost=1,3.101989,CALCULATED
CSTPTY2606004334,PTY,32678,2,GAGAL - selalu unit_cost=1,1.503676,CALCULATED
CSTPTY2606002624,PTY,28176,2,GAGAL - selalu unit_cost=1,1.081109,CALCULATED
CSTPOY2606002199,POY,2286,2,GAGAL - selalu unit_cost=1,3.106096,CALCULATED
CSTPTY2606002627,PTY,28179,2,GAGAL - selalu unit_cost=1,1.140412,CALCULATED
CSTPOY2606002200,POY,2287,2,GAGAL - selalu unit_cost=1,3.110308,CALCULATED
CSTPOY2606002202,POY,2289,2,GAGAL - selalu unit_cost=1,3.107636,CALCULATED
CSTPOY2606001097,POY,1184,2,GAGAL - selalu unit_cost=1,3.024668,CALCULATED
CSTPTY2606002632,PTY,28184,2,GAGAL - selalu unit_cost=1,1.078383,CALCULATED
CSTPTY2606002633,PTY,28185,2,GAGAL - selalu unit_cost=1,1.078383,CALCULATED
CSTPTY2606002636,PTY,28188,2,GAGAL - selalu unit_cost=1,1.140412,CALCULATED
CSTPTY2606002637,PTY,28189,2,GAGAL - selalu unit_cost=1,1.078383,CALCULATED
CSTPOY2606002205,POY,2292,2,GAGAL - selalu unit_cost=1,3.116475,CALCULATED
CSTPOY2606003074,POY,3161,2,GAGAL - selalu unit_cost=1,2.997668,CALCULATED
CSTPOY2606002207,POY,2294,2,GAGAL - selalu unit_cost=1,3.104555,CALCULATED
CSTPOY2606002210,POY,2297,2,GAGAL - selalu unit_cost=1,3.114830,CALCULATED
CSTPTY2606002661,PTY,28213,2,GAGAL - selalu unit_cost=1,1.078383,CALCULATED
CSTPOY2606002213,POY,2300,2,GAGAL - selalu unit_cost=1,3.095935,CALCULATED
CSTPOY2606002214,POY,2301,2,GAGAL - selalu unit_cost=1,3.112774,CALCULATED
CSTPTY2606002671,PTY,28223,2,GAGAL - selalu unit_cost=1,1.111171,CALCULATED
CSTPOY2606003091,POY,3178,2,GAGAL - selalu unit_cost=1,3.125989,CALCULATED
CSTPOY2606002058,POY,2145,1,GAGAL - selalu unit_cost=1,3.026689,CALCULATED
CSTPOY2606002059,POY,2146,1,GAGAL - selalu unit_cost=1,3.008623,CALCULATED
CSTPOY2606002060,POY,2147,1,GAGAL - selalu unit_cost=1,1.303865,CALCULATED
CSTPOY2606002061,POY,2148,1,GAGAL - selalu unit_cost=1,3.032137,CALCULATED
CSTPOY2606002062,POY,2149,1,GAGAL - selalu unit_cost=1,3.020217,CALCULATED
CSTPOY2606002063,POY,2150,1,GAGAL - selalu unit_cost=1,3.021552,CALCULATED
CSTPOY2606002064,POY,2151,1,GAGAL - selalu unit_cost=1,3.022579,CALCULATED
CSTPOY2606002065,POY,2152,1,GAGAL - selalu unit_cost=1,3.025456,CALCULATED
CSTPOY2606002067,POY,2154,1,GAGAL - selalu unit_cost=1,3.033371,CALCULATED
CSTPOY2606002068,POY,2155,1,GAGAL - selalu unit_cost=1,3.012622,CALCULATED
CSTPOY2606002069,POY,2156,1,GAGAL - selalu unit_cost=1,3.029464,CALCULATED
CSTPOY2606002070,POY,2157,1,GAGAL - selalu unit_cost=1,3.033371,CALCULATED
CSTPOY2606002072,POY,2159,1,GAGAL - selalu unit_cost=1,3.036148,CALCULATED
CSTPOY2606002073,POY,2160,1,GAGAL - selalu unit_cost=1,3.030389,CALCULATED
CSTPOY2606002074,POY,2161,1,GAGAL - selalu unit_cost=1,3.034811,CALCULATED
CSTPOY2606002077,POY,2164,1,GAGAL - selalu unit_cost=1,1.355180,CALCULATED
CSTPOY2606002082,POY,2169,1,GAGAL - selalu unit_cost=1,2.921136,CALCULATED
CSTPOY2606002083,POY,2170,1,GAGAL - selalu unit_cost=1,2.921136,CALCULATED
CSTPOY2606002084,POY,2171,1,GAGAL - selalu unit_cost=1,2.931142,CALCULATED
CSTPOY2606002085,POY,2172,1,GAGAL - selalu unit_cost=1,2.931142,CALCULATED
CSTPOY2606002086,POY,2173,1,GAGAL - selalu unit_cost=1,2.918136,CALCULATED
CSTPOY2606002088,POY,2175,1,GAGAL - selalu unit_cost=1,2.921136,CALCULATED
CSTPOY2606002089,POY,2176,1,GAGAL - selalu unit_cost=1,3.014692,CALCULATED
CSTPOY2606002101,POY,2188,1,GAGAL - selalu unit_cost=1,3.004661,CALCULATED
CSTPOY2606002102,POY,2189,1,GAGAL - selalu unit_cost=1,2.994364,CALCULATED
CSTPOY2606002103,POY,2190,1,GAGAL - selalu unit_cost=1,2.981510,CALCULATED
CSTPOY2606002106,POY,2193,1,GAGAL - selalu unit_cost=1,3.009093,CALCULATED
CSTPOY2606002114,POY,2201,1,GAGAL - selalu unit_cost=1,3.002086,CALCULATED
CSTPOY2606002115,POY,2202,1,GAGAL - selalu unit_cost=1,3.002086,CALCULATED
CSTPOY2606002116,POY,2203,1,GAGAL - selalu unit_cost=1,2.986649,CALCULATED
CSTPOY2606002117,POY,2204,1,GAGAL - selalu unit_cost=1,2.986649,CALCULATED
CSTPOY2606002118,POY,2205,1,GAGAL - selalu unit_cost=1,3.002086,CALCULATED
CSTPOY2606002119,POY,2206,1,GAGAL - selalu unit_cost=1,3.002086,CALCULATED
CSTPOY2606002120,POY,2207,1,GAGAL - selalu unit_cost=1,3.005176,CALCULATED
CSTPOY2606002121,POY,2208,1,GAGAL - selalu unit_cost=1,3.005176,CALCULATED
CSTPOY2606002122,POY,2209,1,GAGAL - selalu unit_cost=1,3.002086,CALCULATED
CSTPOY2606002123,POY,2210,1,GAGAL - selalu unit_cost=1,3.002086,CALCULATED
CSTPOY2606002124,POY,2211,1,GAGAL - selalu unit_cost=1,3.002086,CALCULATED
CSTPOY2606002125,POY,2212,1,GAGAL - selalu unit_cost=1,3.002086,CALCULATED
CSTPOY2606002126,POY,2213,1,GAGAL - selalu unit_cost=1,3.002086,CALCULATED
CSTPOY2606002127,POY,2214,1,GAGAL - selalu unit_cost=1,2.996937,CALCULATED
CSTPOY2606002128,POY,2215,1,GAGAL - selalu unit_cost=1,3.002086,CALCULATED
CSTPOY2606002129,POY,2216,1,GAGAL - selalu unit_cost=1,3.002086,CALCULATED
CSTPOY2606002130,POY,2217,1,GAGAL - selalu unit_cost=1,3.002086,CALCULATED
CSTPOY2606002131,POY,2218,1,GAGAL - selalu unit_cost=1,3.002086,CALCULATED
CSTPOY2606002132,POY,2219,1,GAGAL - selalu unit_cost=1,2.996937,CALCULATED
CSTPOY2606002133,POY,2220,1,GAGAL - selalu unit_cost=1,2.996937,CALCULATED
CSTPOY2606002134,POY,2221,1,GAGAL - selalu unit_cost=1,3.001571,CALCULATED
CSTPOY2606002136,POY,2223,1,GAGAL - selalu unit_cost=1,3.002910,CALCULATED
CSTPOY2606002137,POY,2224,1,GAGAL - selalu unit_cost=1,3.001674,CALCULATED
CSTPOY2606002138,POY,2225,1,GAGAL - selalu unit_cost=1,2.998172,CALCULATED
CSTPOY2606002140,POY,2227,1,GAGAL - selalu unit_cost=1,3.010536,CALCULATED
CSTPOY2606002141,POY,2228,1,GAGAL - selalu unit_cost=1,2.993849,CALCULATED
CSTPOY2606002142,POY,2229,1,GAGAL - selalu unit_cost=1,3.007237,CALCULATED
CSTPOY2606002143,POY,2230,1,GAGAL - selalu unit_cost=1,3.002086,CALCULATED
CSTPOY2606002144,POY,2231,1,GAGAL - selalu unit_cost=1,3.002086,CALCULATED
CSTPOY2606002145,POY,2232,1,GAGAL - selalu unit_cost=1,3.007237,CALCULATED
CSTPOY2606002146,POY,2233,1,GAGAL - selalu unit_cost=1,2.986649,CALCULATED
CSTPOY2606002147,POY,2234,1,GAGAL - selalu unit_cost=1,3.002086,CALCULATED
CSTPOY2606002148,POY,2235,1,GAGAL - selalu unit_cost=1,3.002086,CALCULATED
CSTPOY2606002149,POY,2236,1,GAGAL - selalu unit_cost=1,3.002086,CALCULATED
CSTPOY2606002150,POY,2237,1,GAGAL - selalu unit_cost=1,3.002086,CALCULATED
CSTPOY2606002151,POY,2238,1,GAGAL - selalu unit_cost=1,3.002086,CALCULATED
CSTPOY2606002152,POY,2239,1,GAGAL - selalu unit_cost=1,3.002086,CALCULATED
CSTPOY2606002153,POY,2240,1,GAGAL - selalu unit_cost=1,3.002086,CALCULATED
CSTPOY2606002154,POY,2241,1,GAGAL - selalu unit_cost=1,3.007237,CALCULATED
CSTPOY2606002155,POY,2242,1,GAGAL - selalu unit_cost=1,2.996937,CALCULATED
CSTPOY2606002156,POY,2243,1,GAGAL - selalu unit_cost=1,2.996937,CALCULATED
CSTPOY2606002157,POY,2244,1,GAGAL - selalu unit_cost=1,2.996937,CALCULATED
CSTPOY2606002160,POY,2247,1,GAGAL - selalu unit_cost=1,2.976374,CALCULATED
CSTPOY2606002161,POY,2248,1,GAGAL - selalu unit_cost=1,2.976374,CALCULATED
CSTPOY2606002162,POY,2249,1,GAGAL - selalu unit_cost=1,3.001674,CALCULATED
CSTPOY2606002163,POY,2250,1,GAGAL - selalu unit_cost=1,2.999923,CALCULATED
CSTPOY2606002164,POY,2251,1,GAGAL - selalu unit_cost=1,2.995908,CALCULATED
CSTPOY2606002166,POY,2253,1,GAGAL - selalu unit_cost=1,3.006207,CALCULATED
CSTPOY2606002167,POY,2254,1,GAGAL - selalu unit_cost=1,2.996937,CALCULATED
CSTPOY2606002168,POY,2255,1,GAGAL - selalu unit_cost=1,2.996937,CALCULATED
CSTPOY2606002169,POY,2256,1,GAGAL - selalu unit_cost=1,2.986649,CALCULATED
CSTPOY2606002170,POY,2257,1,GAGAL - selalu unit_cost=1,3.007237,CALCULATED
CSTPOY2606002171,POY,2258,1,GAGAL - selalu unit_cost=1,3.007237,CALCULATED
CSTPOY2606002172,POY,2259,1,GAGAL - selalu unit_cost=1,2.986649,CALCULATED
CSTPOY2606002173,POY,2260,1,GAGAL - selalu unit_cost=1,2.996937,CALCULATED
CSTPOY2606002174,POY,2261,1,GAGAL - selalu unit_cost=1,2.996937,CALCULATED
CSTPOY2606002175,POY,2262,1,GAGAL - selalu unit_cost=1,2.996937,CALCULATED
CSTPOY2606002176,POY,2263,1,GAGAL - selalu unit_cost=1,3.002086,CALCULATED
CSTPOY2606002177,POY,2264,1,GAGAL - selalu unit_cost=1,2.996937,CALCULATED
CSTPOY2606002178,POY,2265,1,GAGAL - selalu unit_cost=1,2.976374,CALCULATED
CSTPOY2606002179,POY,2266,1,GAGAL - selalu unit_cost=1,2.996937,CALCULATED
CSTPOY2606002180,POY,2267,1,GAGAL - selalu unit_cost=1,2.996937,CALCULATED
CSTPOY2606002181,POY,2268,1,GAGAL - selalu unit_cost=1,2.996937,CALCULATED
CSTPOY2606002182,POY,2269,1,GAGAL - selalu unit_cost=1,2.996937,CALCULATED
CSTPOY2606002183,POY,2270,1,GAGAL - selalu unit_cost=1,3.002086,CALCULATED
CSTPOY2606002184,POY,2271,1,GAGAL - selalu unit_cost=1,2.996937,CALCULATED
CSTPOY2606002185,POY,2272,1,GAGAL - selalu unit_cost=1,3.000850,CALCULATED
CSTPOY2606002193,POY,2280,1,GAGAL - selalu unit_cost=1,3.108047,CALCULATED
CSTPOY2606002203,POY,2290,1,GAGAL - selalu unit_cost=1,3.103837,CALCULATED
CSTPOY2606002212,POY,2299,1,GAGAL - selalu unit_cost=1,3.098089,CALCULATED
CSTPOY2606002216,POY,2303,1,GAGAL - selalu unit_cost=1,3.099833,CALCULATED
CSTPOY2606002217,POY,2304,1,GAGAL - selalu unit_cost=1,3.101886,CALCULATED
CSTPOY2606002219,POY,2306,1,GAGAL - selalu unit_cost=1,3.109075,CALCULATED
CSTPOY2606002220,POY,2307,1,GAGAL - selalu unit_cost=1,3.100962,CALCULATED
CSTPOY2606002222,POY,2309,1,GAGAL - selalu unit_cost=1,3.109691,CALCULATED
CSTPOY2606002223,POY,2310,1,GAGAL - selalu unit_cost=1,3.104555,CALCULATED
CSTPOY2606002224,POY,2311,1,GAGAL - selalu unit_cost=1,3.104555,CALCULATED
CSTPOY2606002225,POY,2312,1,GAGAL - selalu unit_cost=1,3.109691,CALCULATED
CSTPOY2606002226,POY,2313,1,GAGAL - selalu unit_cost=1,3.109691,CALCULATED
CSTPOY2606002227,POY,2314,1,GAGAL - selalu unit_cost=1,3.114624,CALCULATED
CSTPOY2606002228,POY,2315,1,GAGAL - selalu unit_cost=1,3.087733,CALCULATED
CSTPOY2606002229,POY,2316,1,GAGAL - selalu unit_cost=1,3.103015,CALCULATED
CSTPOY2606002230,POY,2317,1,GAGAL - selalu unit_cost=1,3.105582,CALCULATED
CSTPOY2606002231,POY,2318,1,GAGAL - selalu unit_cost=1,3.112260,CALCULATED
CSTPOY2606002232,POY,2319,1,GAGAL - selalu unit_cost=1,3.115961,CALCULATED
CSTPOY2606002235,POY,2322,1,GAGAL - selalu unit_cost=1,3.108150,CALCULATED
CSTPOY2606002236,POY,2323,1,GAGAL - selalu unit_cost=1,3.104555,CALCULATED
CSTPOY2606002237,POY,2324,1,GAGAL - selalu unit_cost=1,3.110205,CALCULATED
CSTPOY2606002238,POY,2325,1,GAGAL - selalu unit_cost=1,3.104555,CALCULATED
CSTPOY2606002239,POY,2326,1,GAGAL - selalu unit_cost=1,3.104555,CALCULATED
CSTPOY2606002240,POY,2327,1,GAGAL - selalu unit_cost=1,3.099423,CALCULATED
CSTPOY2606002241,POY,2328,1,GAGAL - selalu unit_cost=1,3.097679,CALCULATED
CSTPOY2606002244,POY,2331,1,GAGAL - selalu unit_cost=1,3.105788,CALCULATED
CSTPOY2606002245,POY,2332,1,GAGAL - selalu unit_cost=1,3.107636,CALCULATED
CSTPOY2606002246,POY,2333,1,GAGAL - selalu unit_cost=1,3.104555,CALCULATED
CSTPOY2606002248,POY,2335,1,GAGAL - selalu unit_cost=1,3.104555,CALCULATED
CSTPOY2606002249,POY,2336,1,GAGAL - selalu unit_cost=1,3.078927,CALCULATED
CSTPOY2606002250,POY,2337,1,GAGAL - selalu unit_cost=1,3.104555,CALCULATED
CSTPOY2606002251,POY,2338,1,GAGAL - selalu unit_cost=1,3.104555,CALCULATED
CSTPOY2606002252,POY,2339,1,GAGAL - selalu unit_cost=1,3.112466,CALCULATED
CSTPOY2606002253,POY,2340,1,GAGAL - selalu unit_cost=1,3.104555,CALCULATED
CSTPOY2606002254,POY,2341,1,GAGAL - selalu unit_cost=1,3.104555,CALCULATED
CSTPOY2606002255,POY,2342,1,GAGAL - selalu unit_cost=1,3.099423,CALCULATED
CSTPOY2606002257,POY,2344,1,GAGAL - selalu unit_cost=1,3.163201,CALCULATED
CSTPOY2606002268,POY,2355,1,GAGAL - selalu unit_cost=1,3.246981,CALCULATED
CSTPOY2606002269,POY,2356,1,GAGAL - selalu unit_cost=1,3.244789,CALCULATED
CSTPOY2606002270,POY,2357,1,GAGAL - selalu unit_cost=1,3.255957,CALCULATED
CSTPOY2606002271,POY,2358,1,GAGAL - selalu unit_cost=1,3.250471,CALCULATED
CSTPOY2606002272,POY,2359,1,GAGAL - selalu unit_cost=1,3.247380,CALCULATED
CSTPOY2606002273,POY,2360,1,GAGAL - selalu unit_cost=1,3.242198,CALCULATED
CSTPOY2606002275,POY,2362,1,GAGAL - selalu unit_cost=1,3.231747,CALCULATED
CSTPOY2606002276,POY,2363,1,GAGAL - selalu unit_cost=1,3.241501,CALCULATED
CSTPOY2606002277,POY,2364,1,GAGAL - selalu unit_cost=1,3.237518,CALCULATED
CSTPOY2606002278,POY,2365,1,GAGAL - selalu unit_cost=1,3.233040,CALCULATED
CSTPOY2606002280,POY,2367,1,GAGAL - selalu unit_cost=1,3.233936,CALCULATED
CSTPOY2606002282,POY,2369,1,GAGAL - selalu unit_cost=1,3.244789,CALCULATED
CSTPOY2606002283,POY,2370,1,GAGAL - selalu unit_cost=1,3.244490,CALCULATED
CSTPOY2606002284,POY,2371,1,GAGAL - selalu unit_cost=1,3.244490,CALCULATED
CSTPOY2606002285,POY,2372,1,GAGAL - selalu unit_cost=1,3.239509,CALCULATED
CSTPOY2606002286,POY,2373,1,GAGAL - selalu unit_cost=1,3.234533,CALCULATED
CSTPOY2606002287,POY,2374,1,GAGAL - selalu unit_cost=1,3.244490,CALCULATED
CSTPOY2606002288,POY,2375,1,GAGAL - selalu unit_cost=1,3.216645,CALCULATED
CSTPOY2606002289,POY,2376,1,GAGAL - selalu unit_cost=1,3.244490,CALCULATED
CSTPOY2606002290,POY,2377,1,GAGAL - selalu unit_cost=1,3.244490,CALCULATED
CSTPOY2606002291,POY,2378,1,GAGAL - selalu unit_cost=1,3.228366,CALCULATED
CSTPOY2606002292,POY,2379,1,GAGAL - selalu unit_cost=1,3.254461,CALCULATED
CSTPOY2606002293,POY,2380,1,GAGAL - selalu unit_cost=1,3.238514,CALCULATED
CSTPOY2606002295,POY,2382,1,GAGAL - selalu unit_cost=1,3.244490,CALCULATED
CSTPOY2606002296,POY,2383,1,GAGAL - selalu unit_cost=1,3.234533,CALCULATED
CSTPOY2606002297,POY,2384,1,GAGAL - selalu unit_cost=1,3.222900,CALCULATED
CSTPOY2606002298,POY,2385,1,GAGAL - selalu unit_cost=1,3.231548,CALCULATED
CSTPOY2606002299,POY,2386,1,GAGAL - selalu unit_cost=1,3.252864,CALCULATED
CSTPOY2606002300,POY,2387,1,GAGAL - selalu unit_cost=1,3.250072,CALCULATED
CSTPOY2606002301,POY,2388,1,GAGAL - selalu unit_cost=1,3.244490,CALCULATED
CSTPOY2606002302,POY,2389,1,GAGAL - selalu unit_cost=1,3.244490,CALCULATED
CSTPOY2606002303,POY,2390,1,GAGAL - selalu unit_cost=1,3.212676,CALCULATED
CSTPOY2606002311,POY,2398,1,GAGAL - selalu unit_cost=1,3.252864,CALCULATED
CSTPOY2606002312,POY,2399,1,GAGAL - selalu unit_cost=1,3.240704,CALCULATED
CSTPOY2606002314,POY,2401,1,GAGAL - selalu unit_cost=1,3.234533,CALCULATED
CSTPOY2606002315,POY,2402,1,GAGAL - selalu unit_cost=1,3.214660,CALCULATED
CSTPOY2606002316,POY,2403,1,GAGAL - selalu unit_cost=1,3.234533,CALCULATED
CSTPOY2606002317,POY,2404,1,GAGAL - selalu unit_cost=1,3.234533,CALCULATED
CSTPOY2606002318,POY,2405,1,GAGAL - selalu unit_cost=1,3.244490,CALCULATED
CSTPOY2606002319,POY,2406,1,GAGAL - selalu unit_cost=1,3.214660,CALCULATED
CSTPOY2606002320,POY,2407,1,GAGAL - selalu unit_cost=1,3.224589,CALCULATED
CSTPOY2606002321,POY,2408,1,GAGAL - selalu unit_cost=1,3.214660,CALCULATED
CSTPOY2606002324,POY,2411,1,GAGAL - selalu unit_cost=1,3.211684,CALCULATED
CSTPOY2606002327,POY,2414,1,GAGAL - selalu unit_cost=1,3.214660,CALCULATED
CSTPOY2606002328,POY,2415,1,GAGAL - selalu unit_cost=1,3.214660,CALCULATED
CSTPOY2606002329,POY,2416,1,GAGAL - selalu unit_cost=1,3.245486,CALCULATED
CSTPOY2606002330,POY,2417,1,GAGAL - selalu unit_cost=1,3.204746,CALCULATED
CSTPOY2606002331,POY,2418,1,GAGAL - selalu unit_cost=1,3.204746,CALCULATED
CSTPOY2606002332,POY,2419,1,GAGAL - selalu unit_cost=1,3.242497,CALCULATED
CSTPOY2606002333,POY,2420,1,GAGAL - selalu unit_cost=1,3.250969,CALCULATED
CSTPOY2606002334,POY,2421,1,GAGAL - selalu unit_cost=1,3.253563,CALCULATED
CSTPOY2606002335,POY,2422,1,GAGAL - selalu unit_cost=1,3.232841,CALCULATED
CSTPOY2606002336,POY,2423,1,GAGAL - selalu unit_cost=1,3.253962,CALCULATED
CSTPOY2606002337,POY,2424,1,GAGAL - selalu unit_cost=1,3.254461,CALCULATED
CSTPOY2606002338,POY,2425,1,GAGAL - selalu unit_cost=1,3.254461,CALCULATED
CSTPOY2606002340,POY,2427,1,GAGAL - selalu unit_cost=1,3.234533,CALCULATED
CSTPOY2606002341,POY,2428,1,GAGAL - selalu unit_cost=1,3.224589,CALCULATED
CSTPOY2606002342,POY,2429,1,GAGAL - selalu unit_cost=1,3.242497,CALCULATED
CSTPOY2606002343,POY,2430,1,GAGAL - selalu unit_cost=1,3.244490,CALCULATED
CSTPOY2606002344,POY,2431,1,GAGAL - selalu unit_cost=1,3.244490,CALCULATED
CSTPOY2606002345,POY,2432,1,GAGAL - selalu unit_cost=1,3.244490,CALCULATED
CSTPOY2606002346,POY,2433,1,GAGAL - selalu unit_cost=1,3.244490,CALCULATED
CSTPOY2606002347,POY,2434,1,GAGAL - selalu unit_cost=1,3.244490,CALCULATED
CSTPOY2606002348,POY,2435,1,GAGAL - selalu unit_cost=1,3.244490,CALCULATED
CSTPOY2606002349,POY,2436,1,GAGAL - selalu unit_cost=1,3.234533,CALCULATED
CSTPOY2606002350,POY,2437,1,GAGAL - selalu unit_cost=1,3.244490,CALCULATED
CSTPOY2606002351,POY,2438,1,GAGAL - selalu unit_cost=1,3.244490,CALCULATED
CSTPOY2606002352,POY,2439,1,GAGAL - selalu unit_cost=1,3.261183,CALCULATED
CSTPOY2606002353,POY,2440,1,GAGAL - selalu unit_cost=1,3.267454,CALCULATED
CSTPOY2606002354,POY,2441,1,GAGAL - selalu unit_cost=1,3.273831,CALCULATED
CSTPOY2606002355,POY,2442,1,GAGAL - selalu unit_cost=1,3.274927,CALCULATED
CSTPOY2606002357,POY,2444,1,GAGAL - selalu unit_cost=1,3.018076,CALCULATED
CSTPOY2606002358,POY,2445,1,GAGAL - selalu unit_cost=1,3.016578,CALCULATED
CSTPOY2606002361,POY,2448,1,GAGAL - selalu unit_cost=1,3.036039,CALCULATED
CSTPOY2606002362,POY,2449,1,GAGAL - selalu unit_cost=1,3.036039,CALCULATED
CSTPOY2606002363,POY,2450,1,GAGAL - selalu unit_cost=1,3.036039,CALCULATED
CSTPOY2606002364,POY,2451,1,GAGAL - selalu unit_cost=1,3.036039,CALCULATED
CSTPOY2606002365,POY,2452,1,GAGAL - selalu unit_cost=1,3.036039,CALCULATED
CSTPOY2606002366,POY,2453,1,GAGAL - selalu unit_cost=1,3.010343,CALCULATED
CSTPOY2606002367,POY,2454,1,GAGAL - selalu unit_cost=1,3.025751,CALCULATED
CSTPOY2606002368,POY,2455,1,GAGAL - selalu unit_cost=1,3.025751,CALCULATED
CSTPOY2606002369,POY,2456,1,GAGAL - selalu unit_cost=1,3.010343,CALCULATED
CSTPOY2606002370,POY,2457,1,GAGAL - selalu unit_cost=1,3.010343,CALCULATED
CSTPOY2606002371,POY,2458,1,GAGAL - selalu unit_cost=1,3.036039,CALCULATED
CSTPOY2606002372,POY,2459,1,GAGAL - selalu unit_cost=1,3.036039,CALCULATED
CSTPOY2606002373,POY,2460,1,GAGAL - selalu unit_cost=1,3.036039,CALCULATED
CSTPOY2606002374,POY,2461,1,GAGAL - selalu unit_cost=1,3.030893,CALCULATED
CSTPOY2606002375,POY,2462,1,GAGAL - selalu unit_cost=1,3.036039,CALCULATED
CSTPOY2606002376,POY,2463,1,GAGAL - selalu unit_cost=1,3.036039,CALCULATED
CSTPOY2606002377,POY,2464,1,GAGAL - selalu unit_cost=1,3.030893,CALCULATED
CSTPOY2606002378,POY,2465,1,GAGAL - selalu unit_cost=1,3.036039,CALCULATED
CSTPOY2606002379,POY,2466,1,GAGAL - selalu unit_cost=1,3.030893,CALCULATED
CSTPOY2606002380,POY,2467,1,GAGAL - selalu unit_cost=1,3.030893,CALCULATED
CSTPOY2606002382,POY,2469,1,GAGAL - selalu unit_cost=1,3.120758,CALCULATED
CSTPOY2606002383,POY,2470,1,GAGAL - selalu unit_cost=1,1.408282,CALCULATED
CSTPOY2606002386,POY,2473,1,GAGAL - selalu unit_cost=1,3.006269,CALCULATED
CSTPOY2606002388,POY,2475,1,GAGAL - selalu unit_cost=1,3.003899,CALCULATED
CSTPOY2606002390,POY,2477,1,GAGAL - selalu unit_cost=1,3.006269,CALCULATED
CSTPOY2606002391,POY,2478,1,GAGAL - selalu unit_cost=1,3.005548,CALCULATED
CSTPOY2606002393,POY,2480,1,GAGAL - selalu unit_cost=1,2.996175,CALCULATED
CSTPOY2606002394,POY,2481,1,GAGAL - selalu unit_cost=1,2.997513,CALCULATED
CSTPOY2606002395,POY,2482,1,GAGAL - selalu unit_cost=1,3.000191,CALCULATED
CSTPOY2606002396,POY,2483,1,GAGAL - selalu unit_cost=1,2.993293,CALCULATED
CSTPOY2606002398,POY,2485,1,GAGAL - selalu unit_cost=1,2.997410,CALCULATED
CSTPOY2606002399,POY,2486,1,GAGAL - selalu unit_cost=1,3.001839,CALCULATED
CSTPOY2606002400,POY,2487,1,GAGAL - selalu unit_cost=1,2.991441,CALCULATED
CSTPOY2606002402,POY,2489,1,GAGAL - selalu unit_cost=1,3.004208,CALCULATED
CSTPOY2606002403,POY,2490,1,GAGAL - selalu unit_cost=1,3.003899,CALCULATED
CSTPOY2606002404,POY,2491,1,GAGAL - selalu unit_cost=1,3.016788,CALCULATED
CSTPOY2606002407,POY,2494,1,GAGAL - selalu unit_cost=1,3.001942,CALCULATED
CSTPOY2606002408,POY,2495,1,GAGAL - selalu unit_cost=1,3.008331,CALCULATED
CSTPOY2606002434,POY,2521,1,GAGAL - selalu unit_cost=1,3.001324,CALCULATED
CSTPOY2606002435,POY,2522,1,GAGAL - selalu unit_cost=1,3.001324,CALCULATED
CSTPOY2606002437,POY,2524,1,GAGAL - selalu unit_cost=1,3.001324,CALCULATED
CSTPOY2606002438,POY,2525,1,GAGAL - selalu unit_cost=1,3.001324,CALCULATED
CSTPOY2606002443,POY,2530,1,GAGAL - selalu unit_cost=1,2.996175,CALCULATED
CSTPOY2606002444,POY,2531,1,GAGAL - selalu unit_cost=1,3.001324,CALCULATED
CSTPOY2606002445,POY,2532,1,GAGAL - selalu unit_cost=1,3.006475,CALCULATED
CSTPOY2606002446,POY,2533,1,GAGAL - selalu unit_cost=1,2.975612,CALCULATED
CSTPOY2606002447,POY,2534,1,GAGAL - selalu unit_cost=1,3.006475,CALCULATED
CSTPOY2606002448,POY,2535,1,GAGAL - selalu unit_cost=1,3.006475,CALCULATED
CSTPOY2606002449,POY,2536,1,GAGAL - selalu unit_cost=1,3.001324,CALCULATED
CSTPOY2606002450,POY,2537,1,GAGAL - selalu unit_cost=1,2.996175,CALCULATED
CSTPOY2606002451,POY,2538,1,GAGAL - selalu unit_cost=1,3.006475,CALCULATED
CSTPOY2606002452,POY,2539,1,GAGAL - selalu unit_cost=1,2.985887,CALCULATED
CSTPOY2606002454,POY,2541,1,GAGAL - selalu unit_cost=1,2.996175,CALCULATED
CSTPOY2606002455,POY,2542,1,GAGAL - selalu unit_cost=1,2.996175,CALCULATED
CSTPOY2606002456,POY,2543,1,GAGAL - selalu unit_cost=1,3.180727,CALCULATED
CSTPOY2606002457,POY,2544,1,GAGAL - selalu unit_cost=1,3.180727,CALCULATED
CSTPOY2606002458,POY,2545,1,GAGAL - selalu unit_cost=1,3.179727,CALCULATED
CSTPOY2606002459,POY,2546,1,GAGAL - selalu unit_cost=1,3.177729,CALCULATED
CSTPOY2606002463,POY,2550,1,GAGAL - selalu unit_cost=1,1.447329,CALCULATED
CSTPOY2606002464,POY,2551,1,GAGAL - selalu unit_cost=1,3.031235,CALCULATED
CSTPOY2606002465,POY,2552,1,GAGAL - selalu unit_cost=1,3.028805,CALCULATED
CSTPOY2606002466,POY,2553,1,GAGAL - selalu unit_cost=1,3.029525,CALCULATED
CSTPOY2606002467,POY,2554,1,GAGAL - selalu unit_cost=1,3.020780,CALCULATED
CSTPOY2606002468,POY,2555,1,GAGAL - selalu unit_cost=1,3.028702,CALCULATED
CSTPOY2606002469,POY,2556,1,GAGAL - selalu unit_cost=1,3.033644,CALCULATED
CSTPOY2606002471,POY,2558,1,GAGAL - selalu unit_cost=1,3.023454,CALCULATED
CSTPOY2606002473,POY,2560,1,GAGAL - selalu unit_cost=1,3.016565,CALCULATED
CSTPOY2606002475,POY,2562,1,GAGAL - selalu unit_cost=1,3.025100,CALCULATED
CSTPOY2606002476,POY,2563,1,GAGAL - selalu unit_cost=1,3.027467,CALCULATED
CSTPOY2606002477,POY,2564,1,GAGAL - selalu unit_cost=1,3.014715,CALCULATED
CSTPOY2606002478,POY,2565,1,GAGAL - selalu unit_cost=1,3.027364,CALCULATED
CSTPOY2606002479,POY,2566,1,GAGAL - selalu unit_cost=1,3.015332,CALCULATED
CSTPOY2606002480,POY,2567,1,GAGAL - selalu unit_cost=1,3.030143,CALCULATED
CSTPOY2606002481,POY,2568,1,GAGAL - selalu unit_cost=1,3.025203,CALCULATED
CSTPOY2606002482,POY,2569,1,GAGAL - selalu unit_cost=1,3.031481,CALCULATED
CSTPOY2606002483,POY,2570,1,GAGAL - selalu unit_cost=1,3.020677,CALCULATED
CSTPOY2606002484,POY,2571,1,GAGAL - selalu unit_cost=1,3.027158,CALCULATED
CSTPOY2606002486,POY,2573,1,GAGAL - selalu unit_cost=1,3.019443,CALCULATED
CSTPOY2606002487,POY,2574,1,GAGAL - selalu unit_cost=1,3.025100,CALCULATED
CSTPOY2606002488,POY,2575,1,GAGAL - selalu unit_cost=1,3.025820,CALCULATED
CSTPOY2606002489,POY,2576,1,GAGAL - selalu unit_cost=1,3.032099,CALCULATED
CSTPOY2606002490,POY,2577,1,GAGAL - selalu unit_cost=1,3.033026,CALCULATED
CSTPOY2606002491,POY,2578,1,GAGAL - selalu unit_cost=1,3.019649,CALCULATED
CSTPOY2606002492,POY,2579,1,GAGAL - selalu unit_cost=1,3.027672,CALCULATED
CSTPOY2606002495,POY,2582,1,GAGAL - selalu unit_cost=1,3.104954,CALCULATED
CSTPOY2606002496,POY,2583,1,GAGAL - selalu unit_cost=1,3.092744,CALCULATED
CSTPOY2606002498,POY,2585,1,GAGAL - selalu unit_cost=1,1.349181,CALCULATED
CSTPOY2606002499,POY,2586,1,GAGAL - selalu unit_cost=1,1.384885,CALCULATED
CSTPOY2606002509,POY,2596,1,GAGAL - selalu unit_cost=1,3.128258,CALCULATED
CSTPOY2606002510,POY,2597,1,GAGAL - selalu unit_cost=1,3.123934,CALCULATED
CSTPOY2606002512,POY,2599,1,GAGAL - selalu unit_cost=1,3.136089,CALCULATED
CSTPOY2606002516,POY,2603,1,GAGAL - selalu unit_cost=1,3.017875,CALCULATED
CSTPOY2606002517,POY,2604,1,GAGAL - selalu unit_cost=1,2.937722,CALCULATED
CSTPOY2606002519,POY,2606,1,GAGAL - selalu unit_cost=1,2.947656,CALCULATED
CSTPOY2606002520,POY,2607,1,GAGAL - selalu unit_cost=1,1.453559,CALCULATED
CSTPOY2606002521,POY,2608,1,GAGAL - selalu unit_cost=1,1.459315,CALCULATED
CSTPOY2606002522,POY,2609,1,GAGAL - selalu unit_cost=1,3.110604,CALCULATED
CSTPOY2606002525,POY,2612,1,GAGAL - selalu unit_cost=1,1.254588,CALCULATED
CSTPOY2606002526,POY,2613,1,GAGAL - selalu unit_cost=1,2.990010,CALCULATED
CSTPOY2606002527,POY,2614,1,GAGAL - selalu unit_cost=1,2.993197,CALCULATED
CSTPOY2606002528,POY,2615,1,GAGAL - selalu unit_cost=1,2.998442,CALCULATED
CSTPOY2606002529,POY,2616,1,GAGAL - selalu unit_cost=1,1.321103,CALCULATED
CSTPOY2606002532,POY,2619,1,GAGAL - selalu unit_cost=1,3.009030,CALCULATED
CSTPOY2606002539,POY,2626,1,GAGAL - selalu unit_cost=1,3.048878,CALCULATED
CSTPOY2606002540,POY,2627,1,GAGAL - selalu unit_cost=1,3.049379,CALCULATED
CSTPOY2606002541,POY,2628,1,GAGAL - selalu unit_cost=1,3.049379,CALCULATED
CSTPOY2606002542,POY,2629,1,GAGAL - selalu unit_cost=1,3.049379,CALCULATED
CSTPOY2606002543,POY,2630,1,GAGAL - selalu unit_cost=1,3.019415,CALCULATED
CSTPOY2606002544,POY,2631,1,GAGAL - selalu unit_cost=1,3.039378,CALCULATED
CSTPOY2606002545,POY,2632,1,GAGAL - selalu unit_cost=1,3.039378,CALCULATED
CSTPOY2606002546,POY,2633,1,GAGAL - selalu unit_cost=1,3.049379,CALCULATED
CSTPOY2606002547,POY,2634,1,GAGAL - selalu unit_cost=1,3.049379,CALCULATED
CSTPOY2606002550,POY,2637,1,GAGAL - selalu unit_cost=1,3.049679,CALCULATED
CSTPOY2606002556,POY,2643,1,GAGAL - selalu unit_cost=1,3.058490,CALCULATED
CSTPOY2606002558,POY,2645,1,GAGAL - selalu unit_cost=1,3.061396,CALCULATED
CSTPOY2606002564,POY,2651,1,GAGAL - selalu unit_cost=1,3.058390,CALCULATED
CSTPOY2606002566,POY,2653,1,GAGAL - selalu unit_cost=1,3.054584,CALCULATED
CSTPOY2606002568,POY,2655,1,GAGAL - selalu unit_cost=1,3.057388,CALCULATED
CSTPOY2606002570,POY,2657,1,GAGAL - selalu unit_cost=1,3.037679,CALCULATED
CSTPOY2606002574,POY,2661,1,GAGAL - selalu unit_cost=1,3.036380,CALCULATED
CSTPOY2606002575,POY,2662,1,GAGAL - selalu unit_cost=1,3.054384,CALCULATED
CSTPOY2606002576,POY,2663,1,GAGAL - selalu unit_cost=1,3.057388,CALCULATED
CSTPOY2606002577,POY,2664,1,GAGAL - selalu unit_cost=1,3.048178,CALCULATED
CSTPOY2606002579,POY,2666,1,GAGAL - selalu unit_cost=1,3.026396,CALCULATED
CSTPOY2606002580,POY,2667,1,GAGAL - selalu unit_cost=1,3.042277,CALCULATED
CSTPOY2606002581,POY,2668,1,GAGAL - selalu unit_cost=1,3.031586,CALCULATED
CSTPOY2606002582,POY,2669,1,GAGAL - selalu unit_cost=1,3.046177,CALCULATED
CSTPOY2606002583,POY,2670,1,GAGAL - selalu unit_cost=1,3.052782,CALCULATED
CSTPOY2606002585,POY,2672,1,GAGAL - selalu unit_cost=1,3.044377,CALCULATED
CSTPOY2606002586,POY,2673,1,GAGAL - selalu unit_cost=1,3.041377,CALCULATED
CSTPOY2606002587,POY,2674,1,GAGAL - selalu unit_cost=1,3.046877,CALCULATED
CSTPOY2606002588,POY,2675,1,GAGAL - selalu unit_cost=1,3.026396,CALCULATED
CSTPOY2606002589,POY,2676,1,GAGAL - selalu unit_cost=1,3.037379,CALCULATED
CSTPOY2606002590,POY,2677,1,GAGAL - selalu unit_cost=1,3.053883,CALCULATED
CSTPOY2606002591,POY,2678,1,GAGAL - selalu unit_cost=1,3.043377,CALCULATED
CSTPOY2606002592,POY,2679,1,GAGAL - selalu unit_cost=1,3.026396,CALCULATED
CSTPOY2606002593,POY,2680,1,GAGAL - selalu unit_cost=1,3.057388,CALCULATED
CSTPOY2606002594,POY,2681,1,GAGAL - selalu unit_cost=1,3.050780,CALCULATED
CSTPOY2606002595,POY,2682,1,GAGAL - selalu unit_cost=1,3.055685,CALCULATED
CSTPOY2606002596,POY,2683,1,GAGAL - selalu unit_cost=1,3.052982,CALCULATED
CSTPOY2606002597,POY,2684,1,GAGAL - selalu unit_cost=1,3.048378,CALCULATED
CSTPOY2606002598,POY,2685,1,GAGAL - selalu unit_cost=1,3.048178,CALCULATED
CSTPOY2606002599,POY,2686,1,GAGAL - selalu unit_cost=1,3.053482,CALCULATED
CSTPOY2606002600,POY,2687,1,GAGAL - selalu unit_cost=1,3.046477,CALCULATED
CSTPOY2606002601,POY,2688,1,GAGAL - selalu unit_cost=1,3.050880,CALCULATED
CSTPOY2606002602,POY,2689,1,GAGAL - selalu unit_cost=1,3.050580,CALCULATED
CSTPOY2606002603,POY,2690,1,GAGAL - selalu unit_cost=1,3.049379,CALCULATED
CSTPOY2606002604,POY,2691,1,GAGAL - selalu unit_cost=1,3.051180,CALCULATED
CSTPOY2606002605,POY,2692,1,GAGAL - selalu unit_cost=1,3.056587,CALCULATED
CSTPOY2606002607,POY,2694,1,GAGAL - selalu unit_cost=1,3.049879,CALCULATED
CSTPOY2606002608,POY,2695,1,GAGAL - selalu unit_cost=1,3.040777,CALCULATED
CSTPOY2606002609,POY,2696,1,GAGAL - selalu unit_cost=1,3.027394,CALCULATED
CSTPOY2606002610,POY,2697,1,GAGAL - selalu unit_cost=1,3.044377,CALCULATED
CSTPOY2606002611,POY,2698,1,GAGAL - selalu unit_cost=1,3.045477,CALCULATED
CSTPOY2606002612,POY,2699,1,GAGAL - selalu unit_cost=1,3.041377,CALCULATED
CSTPOY2606002613,POY,2700,1,GAGAL - selalu unit_cost=1,3.036080,CALCULATED
CSTPOY2606002614,POY,2701,1,GAGAL - selalu unit_cost=1,3.038678,CALCULATED
CSTPOY2606002615,POY,2702,1,GAGAL - selalu unit_cost=1,3.045877,CALCULATED
CSTPOY2606002616,POY,2703,1,GAGAL - selalu unit_cost=1,3.051180,CALCULATED
CSTPOY2606002617,POY,2704,1,GAGAL - selalu unit_cost=1,3.037679,CALCULATED
CSTPOY2606002618,POY,2705,1,GAGAL - selalu unit_cost=1,3.051881,CALCULATED
CSTPOY2606002619,POY,2706,1,GAGAL - selalu unit_cost=1,3.033194,CALCULATED
CSTPOY2606002620,POY,2707,1,GAGAL - selalu unit_cost=1,3.054384,CALCULATED
CSTPOY2606002621,POY,2708,1,GAGAL - selalu unit_cost=1,3.006169,CALCULATED
CSTPOY2606002625,POY,2712,1,GAGAL - selalu unit_cost=1,3.014433,CALCULATED
CSTPOY2606002627,POY,2714,1,GAGAL - selalu unit_cost=1,3.009454,CALCULATED
CSTPOY2606002628,POY,2715,1,GAGAL - selalu unit_cost=1,3.054384,CALCULATED
CSTPOY2606002630,POY,2717,1,GAGAL - selalu unit_cost=1,3.019415,CALCULATED
CSTPOY2606002631,POY,2718,1,GAGAL - selalu unit_cost=1,3.024800,CALCULATED
CSTPOY2606002632,POY,2719,1,GAGAL - selalu unit_cost=1,3.049379,CALCULATED
CSTPOY2606002633,POY,2720,1,GAGAL - selalu unit_cost=1,3.009454,CALCULATED
CSTPOY2606002634,POY,2721,1,GAGAL - selalu unit_cost=1,3.049379,CALCULATED
CSTPOY2606002635,POY,2722,1,GAGAL - selalu unit_cost=1,3.036380,CALCULATED
CSTPOY2606002636,POY,2723,1,GAGAL - selalu unit_cost=1,3.029390,CALCULATED
CSTPOY2606002637,POY,2724,1,GAGAL - selalu unit_cost=1,3.049379,CALCULATED
CSTPOY2606002638,POY,2725,1,GAGAL - selalu unit_cost=1,3.019415,CALCULATED
CSTPOY2606002640,POY,2727,1,GAGAL - selalu unit_cost=1,3.029390,CALCULATED
CSTPOY2606002641,POY,2728,1,GAGAL - selalu unit_cost=1,3.019415,CALCULATED
CSTPOY2606002643,POY,2730,1,GAGAL - selalu unit_cost=1,3.048378,CALCULATED
CSTPOY2606002644,POY,2731,1,GAGAL - selalu unit_cost=1,3.025398,CALCULATED
CSTPOY2606002646,POY,2733,1,GAGAL - selalu unit_cost=1,3.036380,CALCULATED
CSTPOY2606002647,POY,2734,1,GAGAL - selalu unit_cost=1,3.029390,CALCULATED
CSTPOY2606002648,POY,2735,1,GAGAL - selalu unit_cost=1,3.026895,CALCULATED
CSTPOY2606002649,POY,2736,1,GAGAL - selalu unit_cost=1,3.047878,CALCULATED
CSTPOY2606002650,POY,2737,1,GAGAL - selalu unit_cost=1,3.048178,CALCULATED
CSTPOY2606002652,POY,2739,1,GAGAL - selalu unit_cost=1,3.029390,CALCULATED
CSTPOY2606002653,POY,2740,1,GAGAL - selalu unit_cost=1,3.029390,CALCULATED
CSTPOY2606002654,POY,2741,1,GAGAL - selalu unit_cost=1,3.019415,CALCULATED
CSTPOY2606002655,POY,2742,1,GAGAL - selalu unit_cost=1,3.019415,CALCULATED
CSTPOY2606002657,POY,2744,1,GAGAL - selalu unit_cost=1,3.054384,CALCULATED
CSTPOY2606002660,POY,2747,1,GAGAL - selalu unit_cost=1,3.029390,CALCULATED
CSTPOY2606002661,POY,2748,1,GAGAL - selalu unit_cost=1,3.034382,CALCULATED
CSTPOY2606002662,POY,2749,1,GAGAL - selalu unit_cost=1,3.035381,CALCULATED
CSTPOY2606002663,POY,2750,1,GAGAL - selalu unit_cost=1,3.034382,CALCULATED
CSTPOY2606002664,POY,2751,1,GAGAL - selalu unit_cost=1,3.049379,CALCULATED
CSTPOY2606002665,POY,2752,1,GAGAL - selalu unit_cost=1,3.019415,CALCULATED
CSTPOY2606002666,POY,2753,1,GAGAL - selalu unit_cost=1,3.054384,CALCULATED
CSTPOY2606002667,POY,2754,1,GAGAL - selalu unit_cost=1,3.046877,CALCULATED
CSTPOY2606002669,POY,2756,1,GAGAL - selalu unit_cost=1,3.019415,CALCULATED
CSTPOY2606002670,POY,2757,1,GAGAL - selalu unit_cost=1,3.047878,CALCULATED
CSTPOY2606002671,POY,2758,1,GAGAL - selalu unit_cost=1,3.037379,CALCULATED
CSTPOY2606002673,POY,2760,1,GAGAL - selalu unit_cost=1,3.033583,CALCULATED
CSTPOY2606002674,POY,2761,1,GAGAL - selalu unit_cost=1,3.007861,CALCULATED
CSTPOY2606002675,POY,2762,1,GAGAL - selalu unit_cost=1,3.055385,CALCULATED
CSTPOY2606002677,POY,2764,1,GAGAL - selalu unit_cost=1,3.019415,CALCULATED
CSTPOY2606002678,POY,2765,1,GAGAL - selalu unit_cost=1,3.032032,CALCULATED
CSTPOY2606002679,POY,2766,1,GAGAL - selalu unit_cost=1,3.022888,CALCULATED
CSTPOY2606002680,POY,2767,1,GAGAL - selalu unit_cost=1,3.029051,CALCULATED
CSTPOY2606002681,POY,2768,1,GAGAL - selalu unit_cost=1,3.026585,CALCULATED
CSTPOY2606002682,POY,2769,1,GAGAL - selalu unit_cost=1,3.027613,CALCULATED
CSTPOY2606002683,POY,2770,1,GAGAL - selalu unit_cost=1,3.026585,CALCULATED
CSTPOY2606002684,POY,2771,1,GAGAL - selalu unit_cost=1,3.032752,CALCULATED
CSTPOY2606002690,POY,2777,1,GAGAL - selalu unit_cost=1,1.277159,CALCULATED
CSTPOY2606002691,POY,2778,1,GAGAL - selalu unit_cost=1,1.276960,CALCULATED
CSTPOY2606002694,POY,2781,1,GAGAL - selalu unit_cost=1,2.981964,CALCULATED
CSTPOY2606002703,POY,2790,1,GAGAL - selalu unit_cost=1,3.037894,CALCULATED
CSTPOY2606002705,POY,2792,1,GAGAL - selalu unit_cost=1,3.039437,CALCULATED
CSTPOY2606002706,POY,2793,1,GAGAL - selalu unit_cost=1,3.037894,CALCULATED
CSTPOY2606002710,POY,2797,1,GAGAL - selalu unit_cost=1,3.031004,CALCULATED
CSTPOY2606002712,POY,2799,1,GAGAL - selalu unit_cost=1,3.025558,CALCULATED
CSTPOY2606002713,POY,2800,1,GAGAL - selalu unit_cost=1,3.020013,CALCULATED
CSTPOY2606002714,POY,2801,1,GAGAL - selalu unit_cost=1,3.033780,CALCULATED
CSTPOY2606002715,POY,2802,1,GAGAL - selalu unit_cost=1,3.019089,CALCULATED
CSTPOY2606002716,POY,2803,1,GAGAL - selalu unit_cost=1,3.036968,CALCULATED
CSTPOY2606002717,POY,2804,1,GAGAL - selalu unit_cost=1,3.040466,CALCULATED
CSTPOY2606002718,POY,2805,1,GAGAL - selalu unit_cost=1,3.037380,CALCULATED
CSTPOY2606002719,POY,2806,1,GAGAL - selalu unit_cost=1,3.045407,CALCULATED
CSTPOY2606002720,POY,2807,1,GAGAL - selalu unit_cost=1,3.021450,CALCULATED
CSTPOY2606002721,POY,2808,1,GAGAL - selalu unit_cost=1,3.012215,CALCULATED
CSTPOY2606002722,POY,2809,1,GAGAL - selalu unit_cost=1,3.028846,CALCULATED
CSTPOY2606002723,POY,2810,1,GAGAL - selalu unit_cost=1,3.040055,CALCULATED
CSTPOY2606002724,POY,2811,1,GAGAL - selalu unit_cost=1,3.029874,CALCULATED
CSTPOY2606002725,POY,2812,1,GAGAL - selalu unit_cost=1,3.036865,CALCULATED
CSTPOY2606002726,POY,2813,1,GAGAL - selalu unit_cost=1,3.032752,CALCULATED
CSTPOY2606002727,POY,2814,1,GAGAL - selalu unit_cost=1,3.040466,CALCULATED
CSTPOY2606002728,POY,2815,1,GAGAL - selalu unit_cost=1,3.035322,CALCULATED
CSTPOY2606002729,POY,2816,1,GAGAL - selalu unit_cost=1,3.039026,CALCULATED
CSTPOY2606002730,POY,2817,1,GAGAL - selalu unit_cost=1,3.028640,CALCULATED
CSTPOY2606002735,POY,2822,1,GAGAL - selalu unit_cost=1,3.043039,CALCULATED
CSTPOY2606002736,POY,2823,1,GAGAL - selalu unit_cost=1,3.043039,CALCULATED
CSTPOY2606002737,POY,2824,1,GAGAL - selalu unit_cost=1,3.037894,CALCULATED
CSTPOY2606002738,POY,2825,1,GAGAL - selalu unit_cost=1,3.037894,CALCULATED
CSTPOY2606002739,POY,2826,1,GAGAL - selalu unit_cost=1,3.043039,CALCULATED
CSTPOY2606002740,POY,2827,1,GAGAL - selalu unit_cost=1,3.043039,CALCULATED
CSTPOY2606002741,POY,2828,1,GAGAL - selalu unit_cost=1,3.027613,CALCULATED
CSTPOY2606002742,POY,2829,1,GAGAL - selalu unit_cost=1,3.032752,CALCULATED
CSTPOY2606002743,POY,2830,1,GAGAL - selalu unit_cost=1,3.032752,CALCULATED
CSTPOY2606002744,POY,2831,1,GAGAL - selalu unit_cost=1,3.046334,CALCULATED
CSTPOY2606002745,POY,2832,1,GAGAL - selalu unit_cost=1,3.037791,CALCULATED
CSTPOY2606002746,POY,2833,1,GAGAL - selalu unit_cost=1,3.035837,CALCULATED
CSTPOY2606002747,POY,2834,1,GAGAL - selalu unit_cost=1,3.031724,CALCULATED
CSTPOY2606002748,POY,2835,1,GAGAL - selalu unit_cost=1,3.027510,CALCULATED
CSTPOY2606002749,POY,2836,1,GAGAL - selalu unit_cost=1,3.012215,CALCULATED
CSTPOY2606002751,POY,2838,1,GAGAL - selalu unit_cost=1,3.021040,CALCULATED
CSTPOY2606002752,POY,2839,1,GAGAL - selalu unit_cost=1,3.044584,CALCULATED
CSTPOY2606002754,POY,2841,1,GAGAL - selalu unit_cost=1,3.016318,CALCULATED
CSTPOY2606002755,POY,2842,1,GAGAL - selalu unit_cost=1,3.027613,CALCULATED
CSTPOY2606002756,POY,2843,1,GAGAL - selalu unit_cost=1,3.032752,CALCULATED
CSTPOY2606002758,POY,2845,1,GAGAL - selalu unit_cost=1,2.975342,CALCULATED
CSTPOY2606002759,POY,2846,1,GAGAL - selalu unit_cost=1,2.984405,CALCULATED
CSTPOY2606002760,POY,2847,1,GAGAL - selalu unit_cost=1,2.987291,CALCULATED
CSTPOY2606002761,POY,2848,1,GAGAL - selalu unit_cost=1,2.976783,CALCULATED
CSTPOY2606002762,POY,2849,1,GAGAL - selalu unit_cost=1,2.975136,CALCULATED
CSTPOY2606002765,POY,2852,1,GAGAL - selalu unit_cost=1,1.304898,CALCULATED
CSTPOY2606002767,POY,2854,1,GAGAL - selalu unit_cost=1,2.996516,CALCULATED
CSTPOY2606002768,POY,2855,1,GAGAL - selalu unit_cost=1,2.996824,CALCULATED
CSTPOY2606002769,POY,2856,1,GAGAL - selalu unit_cost=1,3.001455,CALCULATED
CSTPOY2606002770,POY,2857,1,GAGAL - selalu unit_cost=1,3.001146,CALCULATED
CSTPOY2606002771,POY,2858,1,GAGAL - selalu unit_cost=1,2.982743,CALCULATED
CSTPOY2606002772,POY,2859,1,GAGAL - selalu unit_cost=1,2.997339,CALCULATED
CSTPOY2606002773,POY,2860,1,GAGAL - selalu unit_cost=1,2.986544,CALCULATED
CSTPOY2606002774,POY,2861,1,GAGAL - selalu unit_cost=1,2.973711,CALCULATED
CSTPOY2606002775,POY,2862,1,GAGAL - selalu unit_cost=1,2.988085,CALCULATED
CSTPOY2606002776,POY,2863,1,GAGAL - selalu unit_cost=1,2.987571,CALCULATED
CSTPOY2606002777,POY,2864,1,GAGAL - selalu unit_cost=1,2.990141,CALCULATED
CSTPOY2606002778,POY,2865,1,GAGAL - selalu unit_cost=1,2.987058,CALCULATED
CSTPOY2606002779,POY,2866,1,GAGAL - selalu unit_cost=1,2.999191,CALCULATED
CSTPOY2606002780,POY,2867,1,GAGAL - selalu unit_cost=1,2.997030,CALCULATED
CSTPOY2606002781,POY,2868,1,GAGAL - selalu unit_cost=1,2.974224,CALCULATED
CSTPOY2606002782,POY,2869,1,GAGAL - selalu unit_cost=1,2.985516,CALCULATED
CSTPOY2606002783,POY,2870,1,GAGAL - selalu unit_cost=1,2.982949,CALCULATED
CSTPOY2606002784,POY,2871,1,GAGAL - selalu unit_cost=1,2.975455,CALCULATED
CSTPOY2606002785,POY,2872,1,GAGAL - selalu unit_cost=1,2.994870,CALCULATED
CSTPOY2606002786,POY,2873,1,GAGAL - selalu unit_cost=1,2.999808,CALCULATED
CSTPOY2606002787,POY,2874,1,GAGAL - selalu unit_cost=1,3.002484,CALCULATED
CSTPOY2606002788,POY,2875,1,GAGAL - selalu unit_cost=1,2.984695,CALCULATED
CSTPOY2606002789,POY,2876,1,GAGAL - selalu unit_cost=1,2.978534,CALCULATED
CSTPOY2606002790,POY,2877,1,GAGAL - selalu unit_cost=1,2.968584,CALCULATED
CSTPOY2606002791,POY,2878,1,GAGAL - selalu unit_cost=1,2.968584,CALCULATED
CSTPOY2606002792,POY,2879,1,GAGAL - selalu unit_cost=1,2.989113,CALCULATED
CSTPOY2606002795,POY,2882,1,GAGAL - selalu unit_cost=1,1.320557,CALCULATED
CSTPOY2606002801,POY,2888,1,GAGAL - selalu unit_cost=1,2.991604,CALCULATED
CSTPOY2606002802,POY,2889,1,GAGAL - selalu unit_cost=1,2.984819,CALCULATED
CSTPOY2606002803,POY,2890,1,GAGAL - selalu unit_cost=1,2.957938,CALCULATED
CSTPOY2606002804,POY,2891,1,GAGAL - selalu unit_cost=1,2.992403,CALCULATED
CSTPOY2606002805,POY,2892,1,GAGAL - selalu unit_cost=1,2.991804,CALCULATED
CSTPOY2606002806,POY,2893,1,GAGAL - selalu unit_cost=1,2.995998,CALCULATED
CSTPOY2606002808,POY,2895,1,GAGAL - selalu unit_cost=1,2.997796,CALCULATED
CSTPOY2606002809,POY,2896,1,GAGAL - selalu unit_cost=1,2.998995,CALCULATED
CSTPOY2606002810,POY,2897,1,GAGAL - selalu unit_cost=1,2.992003,CALCULATED
CSTPOY2606002814,POY,2901,1,GAGAL - selalu unit_cost=1,2.987811,CALCULATED
CSTPOY2606002816,POY,2903,1,GAGAL - selalu unit_cost=1,2.997996,CALCULATED
CSTPOY2606002818,POY,2905,1,GAGAL - selalu unit_cost=1,3.005793,CALCULATED
CSTPOY2606002819,POY,2906,1,GAGAL - selalu unit_cost=1,2.996797,CALCULATED
CSTPOY2606002821,POY,2908,1,GAGAL - selalu unit_cost=1,2.998795,CALCULATED
CSTPOY2606002823,POY,2910,1,GAGAL - selalu unit_cost=1,2.992403,CALCULATED
CSTPOY2606002824,POY,2911,1,GAGAL - selalu unit_cost=1,2.992403,CALCULATED
CSTPOY2606002828,POY,2915,1,GAGAL - selalu unit_cost=1,2.915137,CALCULATED
CSTPOY2606002831,POY,2918,1,GAGAL - selalu unit_cost=1,2.884620,CALCULATED
CSTPOY2606002835,POY,2922,1,GAGAL - selalu unit_cost=1,3.052769,CALCULATED
CSTPOY2606002836,POY,2923,1,GAGAL - selalu unit_cost=1,3.051065,CALCULATED
CSTPOY2606002844,POY,2931,1,GAGAL - selalu unit_cost=1,3.048561,CALCULATED
CSTPOY2606002845,POY,2932,1,GAGAL - selalu unit_cost=1,3.036049,CALCULATED
CSTPOY2606002847,POY,2934,1,GAGAL - selalu unit_cost=1,3.056077,CALCULATED
CSTPOY2606002848,POY,2935,1,GAGAL - selalu unit_cost=1,3.056077,CALCULATED
CSTPOY2606002849,POY,2936,1,GAGAL - selalu unit_cost=1,3.050063,CALCULATED
CSTPOY2606002850,POY,2937,1,GAGAL - selalu unit_cost=1,3.056077,CALCULATED
CSTPOY2606002851,POY,2938,1,GAGAL - selalu unit_cost=1,3.051566,CALCULATED
CSTPOY2606002852,POY,2939,1,GAGAL - selalu unit_cost=1,3.043954,CALCULATED
CSTPOY2606002853,POY,2940,1,GAGAL - selalu unit_cost=1,3.032350,CALCULATED
CSTPOY2606002856,POY,2943,1,GAGAL - selalu unit_cost=1,3.030079,CALCULATED
CSTPOY2606002857,POY,2944,1,GAGAL - selalu unit_cost=1,3.040069,CALCULATED
CSTPOY2606002858,POY,2945,1,GAGAL - selalu unit_cost=1,3.024590,CALCULATED
CSTPOY2606002859,POY,2946,1,GAGAL - selalu unit_cost=1,3.041269,CALCULATED
CSTPOY2606002860,POY,2947,1,GAGAL - selalu unit_cost=1,3.041269,CALCULATED
CSTPOY2606002861,POY,2948,1,GAGAL - selalu unit_cost=1,3.043269,CALCULATED
CSTPOY2606002864,POY,2951,1,GAGAL - selalu unit_cost=1,3.026087,CALCULATED
CSTPOY2606002865,POY,2952,1,GAGAL - selalu unit_cost=1,3.026386,CALCULATED
CSTPOY2606002867,POY,2954,1,GAGAL - selalu unit_cost=1,3.042769,CALCULATED
CSTPOY2606002868,POY,2955,1,GAGAL - selalu unit_cost=1,3.020302,CALCULATED
CSTPOY2606002869,POY,2956,1,GAGAL - selalu unit_cost=1,3.036371,CALCULATED
CSTPOY2606002870,POY,2957,1,GAGAL - selalu unit_cost=1,3.025189,CALCULATED
CSTPOY2606002871,POY,2958,1,GAGAL - selalu unit_cost=1,3.037071,CALCULATED
CSTPOY2606002872,POY,2959,1,GAGAL - selalu unit_cost=1,3.037071,CALCULATED
CSTPOY2606002873,POY,2960,1,GAGAL - selalu unit_cost=1,3.023294,CALCULATED
CSTPOY2606002874,POY,2961,1,GAGAL - selalu unit_cost=1,3.028981,CALCULATED
CSTPOY2606002875,POY,2962,1,GAGAL - selalu unit_cost=1,3.036571,CALCULATED
CSTPOY2606002877,POY,2964,1,GAGAL - selalu unit_cost=1,3.030790,CALCULATED
CSTPOY2606002878,POY,2965,1,GAGAL - selalu unit_cost=1,3.015476,CALCULATED
CSTPOY2606002879,POY,2966,1,GAGAL - selalu unit_cost=1,3.031922,CALCULATED
CSTPOY2606002880,POY,2967,1,GAGAL - selalu unit_cost=1,3.036553,CALCULATED
CSTPOY2606002881,POY,2968,1,GAGAL - selalu unit_cost=1,3.020612,CALCULATED
CSTPOY2606002882,POY,2969,1,GAGAL - selalu unit_cost=1,3.033671,CALCULATED
CSTPOY2606002883,POY,2970,1,GAGAL - selalu unit_cost=1,3.016503,CALCULATED
CSTPOY2606002885,POY,2972,1,GAGAL - selalu unit_cost=1,3.034392,CALCULATED
CSTPOY2606002889,POY,2976,1,GAGAL - selalu unit_cost=1,1.441859,CALCULATED
CSTPOY2606002891,POY,2978,1,GAGAL - selalu unit_cost=1,3.104467,CALCULATED
CSTPOY2606002897,POY,2984,1,GAGAL - selalu unit_cost=1,3.021520,CALCULATED
CSTPOY2606002902,POY,2989,1,GAGAL - selalu unit_cost=1,3.006415,CALCULATED
CSTPOY2606002903,POY,2990,1,GAGAL - selalu unit_cost=1,2.992057,CALCULATED
CSTPOY2606002908,POY,2995,1,GAGAL - selalu unit_cost=1,3.017921,CALCULATED
CSTPOY2606002910,POY,2997,1,GAGAL - selalu unit_cost=1,2.996669,CALCULATED
CSTPOY2606002914,POY,3001,1,GAGAL - selalu unit_cost=1,3.014118,CALCULATED
CSTPOY2606002921,POY,3008,1,GAGAL - selalu unit_cost=1,3.009496,CALCULATED
CSTPOY2606002925,POY,3012,1,GAGAL - selalu unit_cost=1,3.014838,CALCULATED
CSTPOY2606002927,POY,3014,1,GAGAL - selalu unit_cost=1,2.999951,CALCULATED
CSTPOY2606002932,POY,3019,1,GAGAL - selalu unit_cost=1,2.993081,CALCULATED
CSTPOY2606002933,POY,3020,1,GAGAL - selalu unit_cost=1,2.999438,CALCULATED
CSTPOY2606002934,POY,3021,1,GAGAL - selalu unit_cost=1,2.990008,CALCULATED
CSTPOY2606002935,POY,3022,1,GAGAL - selalu unit_cost=1,3.014118,CALCULATED
CSTPOY2606002938,POY,3025,1,GAGAL - selalu unit_cost=1,3.022857,CALCULATED
CSTPOY2606002940,POY,3027,1,GAGAL - selalu unit_cost=1,3.015454,CALCULATED
CSTPOY2606002944,POY,3031,1,GAGAL - selalu unit_cost=1,3.010009,CALCULATED
CSTPOY2606002945,POY,3032,1,GAGAL - selalu unit_cost=1,3.010317,CALCULATED
CSTPOY2606002946,POY,3033,1,GAGAL - selalu unit_cost=1,3.020183,CALCULATED
CSTPOY2606002947,POY,3034,1,GAGAL - selalu unit_cost=1,3.009804,CALCULATED
CSTPOY2606002957,POY,3044,1,GAGAL - selalu unit_cost=1,3.016687,CALCULATED
CSTPOY2606002959,POY,3046,1,GAGAL - selalu unit_cost=1,3.004876,CALCULATED
CSTPOY2606002965,POY,3052,1,GAGAL - selalu unit_cost=1,2.996361,CALCULATED
CSTPOY2606002966,POY,3053,1,GAGAL - selalu unit_cost=1,3.023268,CALCULATED
CSTPOY2606002968,POY,3055,1,GAGAL - selalu unit_cost=1,3.005389,CALCULATED
CSTPOY2606002969,POY,3056,1,GAGAL - selalu unit_cost=1,3.023680,CALCULATED
CSTPOY2606002970,POY,3057,1,GAGAL - selalu unit_cost=1,3.027178,CALCULATED
CSTPOY2606002971,POY,3058,1,GAGAL - selalu unit_cost=1,3.013604,CALCULATED
CSTPOY2606002973,POY,3060,1,GAGAL - selalu unit_cost=1,3.008469,CALCULATED
CSTPOY2606002974,POY,3061,1,GAGAL - selalu unit_cost=1,3.022651,CALCULATED
CSTPOY2606002975,POY,3062,1,GAGAL - selalu unit_cost=1,3.012577,CALCULATED
CSTPOY2606002977,POY,3064,1,GAGAL - selalu unit_cost=1,3.023886,CALCULATED
CSTPOY2606002978,POY,3065,1,GAGAL - selalu unit_cost=1,3.023886,CALCULATED
CSTPOY2606002979,POY,3066,1,GAGAL - selalu unit_cost=1,3.018743,CALCULATED
CSTPOY2606002980,POY,3067,1,GAGAL - selalu unit_cost=1,3.018743,CALCULATED
CSTPOY2606002981,POY,3068,1,GAGAL - selalu unit_cost=1,3.013604,CALCULATED
CSTPOY2606002982,POY,3069,1,GAGAL - selalu unit_cost=1,3.013604,CALCULATED
CSTPOY2606002983,POY,3070,1,GAGAL - selalu unit_cost=1,3.018743,CALCULATED
CSTPOY2606002984,POY,3071,1,GAGAL - selalu unit_cost=1,3.018743,CALCULATED
CSTPOY2606002985,POY,3072,1,GAGAL - selalu unit_cost=1,3.023886,CALCULATED
CSTPOY2606002986,POY,3073,1,GAGAL - selalu unit_cost=1,3.023886,CALCULATED
CSTPOY2606002987,POY,3074,1,GAGAL - selalu unit_cost=1,3.005389,CALCULATED
CSTPOY2606002988,POY,3075,1,GAGAL - selalu unit_cost=1,3.003336,CALCULATED
CSTPOY2606002989,POY,3076,1,GAGAL - selalu unit_cost=1,3.003336,CALCULATED
CSTPOY2606002990,POY,3077,1,GAGAL - selalu unit_cost=1,3.013604,CALCULATED
CSTPOY2606002991,POY,3078,1,GAGAL - selalu unit_cost=1,3.003336,CALCULATED
CSTPOY2606002992,POY,3079,1,GAGAL - selalu unit_cost=1,3.018743,CALCULATED
CSTPOY2606002993,POY,3080,1,GAGAL - selalu unit_cost=1,3.023886,CALCULATED
CSTPOY2606002994,POY,3081,1,GAGAL - selalu unit_cost=1,3.021828,CALCULATED
CSTPOY2606002995,POY,3082,1,GAGAL - selalu unit_cost=1,3.021828,CALCULATED
CSTPOY2606002996,POY,3083,1,GAGAL - selalu unit_cost=1,3.018743,CALCULATED
CSTPOY2606002997,POY,3084,1,GAGAL - selalu unit_cost=1,3.018743,CALCULATED
CSTPOY2606002998,POY,3085,1,GAGAL - selalu unit_cost=1,3.018743,CALCULATED
CSTPOY2606002999,POY,3086,1,GAGAL - selalu unit_cost=1,3.018743,CALCULATED
CSTPOY2606003000,POY,3087,1,GAGAL - selalu unit_cost=1,3.023886,CALCULATED
CSTPOY2606003001,POY,3088,1,GAGAL - selalu unit_cost=1,3.023886,CALCULATED
CSTPOY2606003002,POY,3089,1,GAGAL - selalu unit_cost=1,3.023886,CALCULATED
CSTPOY2606003003,POY,3090,1,GAGAL - selalu unit_cost=1,3.023886,CALCULATED
CSTPOY2606003004,POY,3091,1,GAGAL - selalu unit_cost=1,3.018743,CALCULATED
CSTPOY2606003005,POY,3092,1,GAGAL - selalu unit_cost=1,3.018743,CALCULATED
CSTPOY2606003006,POY,3093,1,GAGAL - selalu unit_cost=1,3.018743,CALCULATED
CSTPOY2606003007,POY,3094,1,GAGAL - selalu unit_cost=1,3.023886,CALCULATED
CSTPOY2606003008,POY,3095,1,GAGAL - selalu unit_cost=1,3.023886,CALCULATED
CSTPOY2606003009,POY,3096,1,GAGAL - selalu unit_cost=1,3.023886,CALCULATED
CSTPOY2606003011,POY,3098,1,GAGAL - selalu unit_cost=1,2.995951,CALCULATED
CSTPOY2606003012,POY,3099,1,GAGAL - selalu unit_cost=1,3.008879,CALCULATED
CSTPOY2606003014,POY,3101,1,GAGAL - selalu unit_cost=1,3.016687,CALCULATED
CSTPOY2606003017,POY,3104,1,GAGAL - selalu unit_cost=1,2.995439,CALCULATED
CSTPOY2606003019,POY,3106,1,GAGAL - selalu unit_cost=1,3.017201,CALCULATED
CSTPOY2606003020,POY,3107,1,GAGAL - selalu unit_cost=1,3.003747,CALCULATED
CSTPOY2606003022,POY,3109,1,GAGAL - selalu unit_cost=1,3.007442,CALCULATED
CSTPOY2606003023,POY,3110,1,GAGAL - selalu unit_cost=1,3.012577,CALCULATED
CSTPOY2606003024,POY,3111,1,GAGAL - selalu unit_cost=1,3.006929,CALCULATED
CSTPOY2606003029,POY,3116,1,GAGAL - selalu unit_cost=1,3.013091,CALCULATED
CSTPOY2606003030,POY,3117,1,GAGAL - selalu unit_cost=1,3.018743,CALCULATED
CSTPOY2606003034,POY,3121,1,GAGAL - selalu unit_cost=1,3.002515,CALCULATED
CSTPOY2606003036,POY,3123,1,GAGAL - selalu unit_cost=1,3.000771,CALCULATED
CSTPOY2606003037,POY,3124,1,GAGAL - selalu unit_cost=1,3.013091,CALCULATED
CSTPOY2606003038,POY,3125,1,GAGAL - selalu unit_cost=1,3.011961,CALCULATED
CSTPOY2606003040,POY,3127,1,GAGAL - selalu unit_cost=1,3.010523,CALCULATED
CSTPOY2606003041,POY,3128,1,GAGAL - selalu unit_cost=1,3.000771,CALCULATED
CSTPOY2606003042,POY,3129,1,GAGAL - selalu unit_cost=1,3.013091,CALCULATED
CSTPOY2606003043,POY,3130,1,GAGAL - selalu unit_cost=1,3.013091,CALCULATED
CSTPOY2606003044,POY,3131,1,GAGAL - selalu unit_cost=1,3.000258,CALCULATED
CSTPOY2606003045,POY,3132,1,GAGAL - selalu unit_cost=1,3.008982,CALCULATED
CSTPOY2606003046,POY,3133,1,GAGAL - selalu unit_cost=1,3.010728,CALCULATED
CSTPOY2606003048,POY,3135,1,GAGAL - selalu unit_cost=1,3.024914,CALCULATED
CSTPOY2606003054,POY,3141,1,GAGAL - selalu unit_cost=1,1.319143,CALCULATED
CSTPOY2606003058,POY,3145,1,GAGAL - selalu unit_cost=1,2.974369,CALCULATED
CSTPOY2606003060,POY,3147,1,GAGAL - selalu unit_cost=1,2.997872,CALCULATED
CSTPOY2606003061,POY,3148,1,GAGAL - selalu unit_cost=1,2.997668,CALCULATED
CSTPOY2606003062,POY,3149,1,GAGAL - selalu unit_cost=1,3.015293,CALCULATED
CSTPOY2606003063,POY,3150,1,GAGAL - selalu unit_cost=1,3.020424,CALCULATED
CSTPOY2606003064,POY,3151,1,GAGAL - selalu unit_cost=1,3.020424,CALCULATED
CSTPOY2606003065,POY,3152,1,GAGAL - selalu unit_cost=1,3.025558,CALCULATED
CSTPOY2606003066,POY,3153,1,GAGAL - selalu unit_cost=1,3.025558,CALCULATED
CSTPOY2606003067,POY,3154,1,GAGAL - selalu unit_cost=1,3.025558,CALCULATED
CSTPOY2606003068,POY,3155,1,GAGAL - selalu unit_cost=1,3.020424,CALCULATED
CSTPOY2606003069,POY,3156,1,GAGAL - selalu unit_cost=1,3.025558,CALCULATED
CSTPOY2606003070,POY,3157,1,GAGAL - selalu unit_cost=1,3.015293,CALCULATED
CSTPOY2606003071,POY,3158,1,GAGAL - selalu unit_cost=1,3.015293,CALCULATED
CSTPOY2606003072,POY,3159,1,GAGAL - selalu unit_cost=1,3.020424,CALCULATED
CSTPOY2606003073,POY,3160,1,GAGAL - selalu unit_cost=1,3.015293,CALCULATED
CSTPOY2606003075,POY,3162,1,GAGAL - selalu unit_cost=1,3.009857,CALCULATED
CSTPOY2606003077,POY,3164,1,GAGAL - selalu unit_cost=1,3.121709,CALCULATED
CSTPOY2606003078,POY,3165,1,GAGAL - selalu unit_cost=1,3.110604,CALCULATED
CSTPOY2606003083,POY,3170,1,GAGAL - selalu unit_cost=1,3.131503,CALCULATED
CSTPOY2606003084,POY,3171,1,GAGAL - selalu unit_cost=1,3.136083,CALCULATED
CSTPOY2606003087,POY,3174,1,GAGAL - selalu unit_cost=1,3.133480,CALCULATED
CSTPOY2606003088,POY,3175,1,GAGAL - selalu unit_cost=1,3.130358,CALCULATED
CSTPOY2606003089,POY,3176,1,GAGAL - selalu unit_cost=1,3.130358,CALCULATED
CSTPOY2606003092,POY,3179,1,GAGAL - selalu unit_cost=1,3.118918,CALCULATED
CSTPOY2606003094,POY,3181,1,GAGAL - selalu unit_cost=1,3.129526,CALCULATED
CSTPOY2606003097,POY,3184,1,GAGAL - selalu unit_cost=1,3.133480,CALCULATED
CSTPOY2606003098,POY,3185,1,GAGAL - selalu unit_cost=1,3.131919,CALCULATED
CSTPOY2606003099,POY,3186,1,GAGAL - selalu unit_cost=1,3.134105,CALCULATED
CSTPOY2606003100,POY,3187,1,GAGAL - selalu unit_cost=1,3.129630,CALCULATED
CSTPOY2606003101,POY,3188,1,GAGAL - selalu unit_cost=1,3.113722,CALCULATED
CSTPOY2606003102,POY,3189,1,GAGAL - selalu unit_cost=1,3.113722,CALCULATED
CSTPOY2606003103,POY,3190,1,GAGAL - selalu unit_cost=1,3.113722,CALCULATED
CSTPOY2606003104,POY,3191,1,GAGAL - selalu unit_cost=1,3.130358,CALCULATED
CSTPOY2606003108,POY,3195,1,GAGAL - selalu unit_cost=1,3.071699,CALCULATED
CSTPOY2606003109,POY,3196,1,GAGAL - selalu unit_cost=1,3.071184,CALCULATED
CSTPOY2606003111,POY,3198,1,GAGAL - selalu unit_cost=1,3.076229,CALCULATED
CSTPOY2606003139,POY,3226,1,GAGAL - selalu unit_cost=1,3.044933,CALCULATED
CSTPOY2606003140,POY,3227,1,GAGAL - selalu unit_cost=1,3.034948,CALCULATED
CSTPOY2606003141,POY,3228,1,GAGAL - selalu unit_cost=1,3.022486,CALCULATED
CSTPOY2606003142,POY,3229,1,GAGAL - selalu unit_cost=1,3.037443,CALCULATED
CSTPOY2606003143,POY,3230,1,GAGAL - selalu unit_cost=1,3.032454,CALCULATED
CSTPOY2606003144,POY,3231,1,GAGAL - selalu unit_cost=1,3.011051,CALCULATED
CSTPOY2606003145,POY,3232,1,GAGAL - selalu unit_cost=1,2.998580,CALCULATED
CSTPOY2606003151,POY,3238,1,GAGAL - selalu unit_cost=1,2.987623,CALCULATED
CSTPOY2606003155,POY,3242,1,GAGAL - selalu unit_cost=1,3.008555,CALCULATED
CSTPOY2606003156,POY,3243,1,GAGAL - selalu unit_cost=1,3.003566,CALCULATED
CSTPOY2606003160,POY,3247,1,GAGAL - selalu unit_cost=1,3.146221,CALCULATED
CSTPOY2606003164,POY,3251,1,GAGAL - selalu unit_cost=1,3.114931,CALCULATED
CSTPOY2606003165,POY,3252,1,GAGAL - selalu unit_cost=1,3.114931,CALCULATED
CSTPOY2606003167,POY,3254,1,GAGAL - selalu unit_cost=1,3.112361,CALCULATED
CSTPOY2606003174,POY,3261,1,GAGAL - selalu unit_cost=1,3.120073,CALCULATED
CSTPOY2606003175,POY,3262,1,GAGAL - selalu unit_cost=1,3.109792,CALCULATED
CSTPOY2606003176,POY,3263,1,GAGAL - selalu unit_cost=1,3.107121,CALCULATED
CSTPOY2606003177,POY,3264,1,GAGAL - selalu unit_cost=1,3.112669,CALCULATED
CSTPOY2606003178,POY,3265,1,GAGAL - selalu unit_cost=1,3.114828,CALCULATED
CSTPOY2606003179,POY,3266,1,GAGAL - selalu unit_cost=1,3.112361,CALCULATED
CSTPOY2606003180,POY,3267,1,GAGAL - selalu unit_cost=1,3.113492,CALCULATED
CSTPOY2606003181,POY,3268,1,GAGAL - selalu unit_cost=1,3.116473,CALCULATED
CSTPOY2606003182,POY,3269,1,GAGAL - selalu unit_cost=1,3.099524,CALCULATED
CSTPOY2606003186,POY,3273,1,GAGAL - selalu unit_cost=1,3.105067,CALCULATED
CSTPOY2606003187,POY,3274,1,GAGAL - selalu unit_cost=1,3.114417,CALCULATED
CSTPOY2606003188,POY,3275,1,GAGAL - selalu unit_cost=1,3.114828,CALCULATED
CSTPOY2606003189,POY,3276,1,GAGAL - selalu unit_cost=1,3.100037,CALCULATED
CSTPOY2606003194,POY,3281,1,GAGAL - selalu unit_cost=1,3.108456,CALCULATED
CSTPOY2606003195,POY,3282,1,GAGAL - selalu unit_cost=1,3.112875,CALCULATED
CSTPOY2606003196,POY,3283,1,GAGAL - selalu unit_cost=1,3.109792,CALCULATED
CSTPOY2606003197,POY,3284,1,GAGAL - selalu unit_cost=1,3.107737,CALCULATED
CSTPOY2606003198,POY,3285,1,GAGAL - selalu unit_cost=1,3.109792,CALCULATED
CSTPOY2606003199,POY,3286,1,GAGAL - selalu unit_cost=1,3.109792,CALCULATED
CSTPOY2606003200,POY,3287,1,GAGAL - selalu unit_cost=1,3.114931,CALCULATED
CSTPOY2606003201,POY,3288,1,GAGAL - selalu unit_cost=1,3.114931,CALCULATED
CSTPOY2606003203,POY,3290,1,GAGAL - selalu unit_cost=1,3.218249,CALCULATED
CSTPOY2606003204,POY,3291,1,GAGAL - selalu unit_cost=1,3.235706,CALCULATED
CSTPOY2606003205,POY,3292,1,GAGAL - selalu unit_cost=1,3.231800,CALCULATED
CSTPOY2606003207,POY,3294,1,GAGAL - selalu unit_cost=1,3.230259,CALCULATED
CSTPOY2606003209,POY,3296,1,GAGAL - selalu unit_cost=1,3.236734,CALCULATED
CSTPOY2606003210,POY,3297,1,GAGAL - selalu unit_cost=1,3.229848,CALCULATED
CSTPOY2606003211,POY,3298,1,GAGAL - selalu unit_cost=1,3.226870,CALCULATED
CSTPOY2606003212,POY,3299,1,GAGAL - selalu unit_cost=1,3.213942,CALCULATED
CSTPOY2606003213,POY,3300,1,GAGAL - selalu unit_cost=1,3.228924,CALCULATED
CSTPOY2606003214,POY,3301,1,GAGAL - selalu unit_cost=1,3.220403,CALCULATED
CSTPOY2606003215,POY,3302,1,GAGAL - selalu unit_cost=1,1.344958,CALCULATED
CSTPOY2606003221,POY,3308,1,GAGAL - selalu unit_cost=1,1.803247,CALCULATED
CSTPOY2606003222,POY,3309,1,GAGAL - selalu unit_cost=1,1.417919,CALCULATED
CSTPOY2606003226,POY,3313,1,GAGAL - selalu unit_cost=1,1.289379,CALCULATED
CSTPOY2606003227,POY,3314,1,GAGAL - selalu unit_cost=1,1.287384,CALCULATED
CSTPOY2606003234,POY,3321,1,GAGAL - selalu unit_cost=1,3.081425,CALCULATED
CSTPOY2606003237,POY,3324,1,GAGAL - selalu unit_cost=1,3.112394,CALCULATED
CSTPOY2606003239,POY,3326,1,GAGAL - selalu unit_cost=1,1.348124,CALCULATED
CSTPOY2606003242,POY,3329,1,GAGAL - selalu unit_cost=1,3.042215,CALCULATED
CSTPOY2606003255,POY,3342,1,GAGAL - selalu unit_cost=1,3.357194,CALCULATED
CSTPOY2606003256,POY,3343,1,GAGAL - selalu unit_cost=1,1.354959,CALCULATED
CSTPOY2606003257,POY,3344,1,GAGAL - selalu unit_cost=1,1.279557,CALCULATED
CSTPOY2606003260,POY,3347,1,GAGAL - selalu unit_cost=1,2.984681,CALCULATED
CSTPOY2606003264,POY,3351,1,GAGAL - selalu unit_cost=1,3.082115,CALCULATED
CSTPOY2606003268,POY,3355,1,GAGAL - selalu unit_cost=1,1.504368,CALCULATED
CSTPOY2606003269,POY,3356,1,GAGAL - selalu unit_cost=1,1.383100,CALCULATED
CSTPOY2606003272,POY,3359,1,GAGAL - selalu unit_cost=1,2.986577,CALCULATED
CSTPOY2606003273,POY,3360,1,GAGAL - selalu unit_cost=1,3.008206,CALCULATED
CSTPOY2606003275,POY,3362,1,GAGAL - selalu unit_cost=1,1.269616,CALCULATED
CSTPOY2606003277,POY,3364,1,GAGAL - selalu unit_cost=1,3.099384,CALCULATED
CSTPOY2606003287,POY,3374,1,GAGAL - selalu unit_cost=1,1.346346,CALCULATED
CSTPOY2606003297,POY,3384,1,GAGAL - selalu unit_cost=1,2.931751,CALCULATED
CSTPOY2606003299,POY,3386,1,GAGAL - selalu unit_cost=1,2.916801,CALCULATED
CSTPOY2606003300,POY,3387,1,GAGAL - selalu unit_cost=1,2.916801,CALCULATED
CSTPOY2606003301,POY,3388,1,GAGAL - selalu unit_cost=1,2.906852,CALCULATED
CSTPOY2606003302,POY,3389,1,GAGAL - selalu unit_cost=1,2.921781,CALCULATED
CSTPOY2606003303,POY,3390,1,GAGAL - selalu unit_cost=1,2.924771,CALCULATED
CSTPOY2606003304,POY,3391,1,GAGAL - selalu unit_cost=1,2.916801,CALCULATED
CSTPOY2606003305,POY,3392,1,GAGAL - selalu unit_cost=1,2.926764,CALCULATED
CSTPOY2606003306,POY,3393,1,GAGAL - selalu unit_cost=1,2.926764,CALCULATED
CSTPOY2606003307,POY,3394,1,GAGAL - selalu unit_cost=1,2.926964,CALCULATED
CSTPOY2606003308,POY,3395,1,GAGAL - selalu unit_cost=1,2.916801,CALCULATED
CSTPOY2606003309,POY,3396,1,GAGAL - selalu unit_cost=1,2.926764,CALCULATED
CSTPOY2606003310,POY,3397,1,GAGAL - selalu unit_cost=1,2.926764,CALCULATED
CSTPOY2606003312,POY,3399,1,GAGAL - selalu unit_cost=1,2.906852,CALCULATED
CSTPOY2606003313,POY,3400,1,GAGAL - selalu unit_cost=1,2.925967,CALCULATED
CSTPOY2606003314,POY,3401,1,GAGAL - selalu unit_cost=1,2.926764,CALCULATED
CSTPOY2606003316,POY,3403,1,GAGAL - selalu unit_cost=1,2.926764,CALCULATED
CSTPOY2606003317,POY,3404,1,GAGAL - selalu unit_cost=1,2.906852,CALCULATED
CSTPOY2606003325,POY,3412,1,GAGAL - selalu unit_cost=1,1.353741,CALCULATED
CSTPOY2606003329,POY,3416,1,GAGAL - selalu unit_cost=1,1.387547,CALCULATED
CSTPOY2606003330,POY,3417,1,GAGAL - selalu unit_cost=1,1.353741,CALCULATED
CSTPOY2606003332,POY,3419,1,GAGAL - selalu unit_cost=1,2.953265,CALCULATED
CSTPOY2606003333,POY,3420,1,GAGAL - selalu unit_cost=1,2.955262,CALCULATED
CSTPOY2606003335,POY,3422,1,GAGAL - selalu unit_cost=1,2.948972,CALCULATED
CSTPOY2606003336,POY,3423,1,GAGAL - selalu unit_cost=1,2.948473,CALCULATED
CSTPOY2606003337,POY,3424,1,GAGAL - selalu unit_cost=1,2.947075,CALCULATED
CSTPOY2606003341,POY,3428,1,GAGAL - selalu unit_cost=1,3.013949,CALCULATED
CSTPOY2606003342,POY,3429,1,GAGAL - selalu unit_cost=1,2.967993,CALCULATED
CSTPOY2606003343,POY,3430,1,GAGAL - selalu unit_cost=1,2.939674,CALCULATED
CSTPOY2606003344,POY,3431,1,GAGAL - selalu unit_cost=1,1.391475,CALCULATED
CSTPOY2606003345,POY,3432,1,GAGAL - selalu unit_cost=1,1.369807,CALCULATED
CSTPOY2606003351,POY,3438,1,GAGAL - selalu unit_cost=1,3.005987,CALCULATED
CSTPOY2606003352,POY,3439,1,GAGAL - selalu unit_cost=1,2.943260,CALCULATED
CSTPOY2606003353,POY,3440,1,GAGAL - selalu unit_cost=1,3.328698,CALCULATED
CSTPOY2606003354,POY,3441,1,GAGAL - selalu unit_cost=1,3.337220,CALCULATED
CSTPOY2606003355,POY,3442,1,GAGAL - selalu unit_cost=1,3.334101,CALCULATED
CSTPOY2606003356,POY,3443,1,GAGAL - selalu unit_cost=1,3.326932,CALCULATED
CSTPOY2606003358,POY,3445,1,GAGAL - selalu unit_cost=1,3.333893,CALCULATED
CSTPOY2606003359,POY,3446,1,GAGAL - selalu unit_cost=1,3.339092,CALCULATED
CSTPOY2606003360,POY,3447,1,GAGAL - selalu unit_cost=1,3.333893,CALCULATED
CSTPOY2606003361,POY,3448,1,GAGAL - selalu unit_cost=1,3.331815,CALCULATED
CSTPOY2606003364,POY,3451,1,GAGAL - selalu unit_cost=1,3.004710,CALCULATED
CSTPOY2606003365,POY,3452,1,GAGAL - selalu unit_cost=1,3.115613,CALCULATED
CSTPOY2606003366,POY,3453,1,GAGAL - selalu unit_cost=1,1.410706,CALCULATED
CSTPOY2606003367,POY,3454,1,GAGAL - selalu unit_cost=1,3.106616,CALCULATED
CSTPOY2606003369,POY,3456,1,GAGAL - selalu unit_cost=1,3.090279,CALCULATED
CSTPOY2606003376,POY,3463,1,GAGAL - selalu unit_cost=1,1.424382,CALCULATED
CSTPOY2606003377,POY,3464,1,GAGAL - selalu unit_cost=1,1.428461,CALCULATED
CSTPOY2606003379,POY,3466,1,GAGAL - selalu unit_cost=1,1.380287,CALCULATED
CSTPOY2606003380,POY,3467,1,GAGAL - selalu unit_cost=1,3.043900,CALCULATED
CSTPOY2606003381,POY,3468,1,GAGAL - selalu unit_cost=1,3.048897,CALCULATED
CSTPOY2606003382,POY,3469,1,GAGAL - selalu unit_cost=1,3.048897,CALCULATED
CSTPOY2606003386,POY,3473,1,GAGAL - selalu unit_cost=1,3.036307,CALCULATED
CSTPOY2606003392,POY,3479,1,GAGAL - selalu unit_cost=1,3.010571,CALCULATED
CSTPOY2606003398,POY,3485,1,GAGAL - selalu unit_cost=1,3.078391,CALCULATED
CSTPOY2606003400,POY,3487,1,GAGAL - selalu unit_cost=1,3.079408,CALCULATED
CSTPOY2606003401,POY,3488,1,GAGAL - selalu unit_cost=1,3.069248,CALCULATED
CSTPOY2606003402,POY,3489,1,GAGAL - selalu unit_cost=1,3.056568,CALCULATED
CSTPOY2606003406,POY,3493,1,GAGAL - selalu unit_cost=1,3.061637,CALCULATED
CSTPOY2606003407,POY,3494,1,GAGAL - selalu unit_cost=1,3.076867,CALCULATED
CSTPOY2606003408,POY,3495,1,GAGAL - selalu unit_cost=1,3.061637,CALCULATED
CSTPOY2606003409,POY,3496,1,GAGAL - selalu unit_cost=1,3.061637,CALCULATED
CSTPOY2606003410,POY,3497,1,GAGAL - selalu unit_cost=1,3.071787,CALCULATED
CSTPOY2606003411,POY,3498,1,GAGAL - selalu unit_cost=1,3.051501,CALCULATED
CSTPOY2606003412,POY,3499,1,GAGAL - selalu unit_cost=1,3.036324,CALCULATED
CSTPOY2606003413,POY,3500,1,GAGAL - selalu unit_cost=1,3.076867,CALCULATED
CSTPOY2606003414,POY,3501,1,GAGAL - selalu unit_cost=1,3.076867,CALCULATED
CSTPOY2606003415,POY,3502,1,GAGAL - selalu unit_cost=1,3.071787,CALCULATED
CSTPOY2606003416,POY,3503,1,GAGAL - selalu unit_cost=1,3.076867,CALCULATED
CSTPOY2606003417,POY,3504,1,GAGAL - selalu unit_cost=1,3.076867,CALCULATED
CSTPOY2606003418,POY,3505,1,GAGAL - selalu unit_cost=1,3.076867,CALCULATED
CSTPOY2606003419,POY,3506,1,GAGAL - selalu unit_cost=1,3.076867,CALCULATED
CSTPOY2606003420,POY,3507,1,GAGAL - selalu unit_cost=1,3.076867,CALCULATED
CSTPOY2606003421,POY,3508,1,GAGAL - selalu unit_cost=1,3.076867,CALCULATED
CSTPOY2606003422,POY,3509,1,GAGAL - selalu unit_cost=1,3.033312,CALCULATED
CSTPOY2606003424,POY,3511,1,GAGAL - selalu unit_cost=1,1.340361,CALCULATED
CSTPOY2606003427,POY,3514,1,GAGAL - selalu unit_cost=1,3.258239,CALCULATED
CSTPOY2606003429,POY,3516,1,GAGAL - selalu unit_cost=1,3.251753,CALCULATED
CSTPOY2606003431,POY,3518,1,GAGAL - selalu unit_cost=1,3.222887,CALCULATED
CSTPOY2606003432,POY,3519,1,GAGAL - selalu unit_cost=1,3.217923,CALCULATED
CSTPOY2606003433,POY,3520,1,GAGAL - selalu unit_cost=1,3.248762,CALCULATED
CSTPOY2606003436,POY,3523,1,GAGAL - selalu unit_cost=1,1.380252,CALCULATED
CSTPOY2606003437,POY,3524,1,GAGAL - selalu unit_cost=1,1.396489,CALCULATED
CSTPOY2606003441,POY,3528,1,GAGAL - selalu unit_cost=1,3.243913,CALCULATED
CSTPOY2606003443,POY,3530,1,GAGAL - selalu unit_cost=1,3.248897,CALCULATED
CSTPOY2606003445,POY,3532,1,GAGAL - selalu unit_cost=1,3.283873,CALCULATED
CSTPOY2606003446,POY,3533,1,GAGAL - selalu unit_cost=1,3.286477,CALCULATED
CSTPOY2606003447,POY,3534,1,GAGAL - selalu unit_cost=1,3.272163,CALCULATED
CSTPOY2606003448,POY,3535,1,GAGAL - selalu unit_cost=1,3.276765,CALCULATED
CSTPOY2606003449,POY,3536,1,GAGAL - selalu unit_cost=1,3.287178,CALCULATED
CSTPOY2606003450,POY,3537,1,GAGAL - selalu unit_cost=1,3.285876,CALCULATED
CSTPOY2606003451,POY,3538,1,GAGAL - selalu unit_cost=1,3.291388,CALCULATED
CSTPOY2606003455,POY,3542,1,GAGAL - selalu unit_cost=1,1.321301,CALCULATED
CSTPOY2606003461,POY,3548,1,GAGAL - selalu unit_cost=1,3.007449,CALCULATED
CSTPOY2606003466,POY,3553,1,GAGAL - selalu unit_cost=1,1.404582,CALCULATED
CSTPOY2606003467,POY,3554,1,GAGAL - selalu unit_cost=1,1.404582,CALCULATED
CSTPOY2606003468,POY,3555,1,GAGAL - selalu unit_cost=1,3.050002,CALCULATED
CSTPOY2606003469,POY,3556,1,GAGAL - selalu unit_cost=1,3.050002,CALCULATED
CSTPOY2606003470,POY,3557,1,GAGAL - selalu unit_cost=1,1.405279,CALCULATED
CSTPOY2606003473,POY,3560,1,GAGAL - selalu unit_cost=1,1.371660,CALCULATED
CSTPOY2606003490,POY,3577,1,GAGAL - selalu unit_cost=1,1.346346,CALCULATED
CSTPOY2606003493,POY,3580,1,GAGAL - selalu unit_cost=1,2.997853,CALCULATED
CSTPOY2606003498,POY,3585,1,GAGAL - selalu unit_cost=1,3.023670,CALCULATED
CSTPOY2606003500,POY,3587,1,GAGAL - selalu unit_cost=1,1.971009,CALCULATED
CSTPOY2606003501,POY,3588,1,GAGAL - selalu unit_cost=1,4.069117,CALCULATED
CSTPOY2606003513,POY,3600,1,GAGAL - selalu unit_cost=1,1.606906,CALCULATED
CSTPOY2606003514,POY,3601,1,GAGAL - selalu unit_cost=1,1.315121,CALCULATED
CSTPOY2606003517,POY,3604,1,GAGAL - selalu unit_cost=1,3.128219,CALCULATED
CSTPOY2606003518,POY,3605,1,GAGAL - selalu unit_cost=1,3.114445,CALCULATED
CSTPOY2606003528,POY,3615,1,GAGAL - selalu unit_cost=1,1.570249,CALCULATED
CSTPOY2606003529,POY,3616,1,GAGAL - selalu unit_cost=1,3.004753,CALCULATED
CSTPOY2606003530,POY,3617,1,GAGAL - selalu unit_cost=1,1.648921,CALCULATED
CSTPOY2606003532,POY,3619,1,GAGAL - selalu unit_cost=1,1.390476,CALCULATED
CSTPOY2606003535,POY,3622,1,GAGAL - selalu unit_cost=1,2.937284,CALCULATED
CSTPOY2606003537,POY,3624,1,GAGAL - selalu unit_cost=1,2.920861,CALCULATED
CSTPOY2606003540,POY,3627,1,GAGAL - selalu unit_cost=1,2.940773,CALCULATED
CSTPOY2606003542,POY,3629,1,GAGAL - selalu unit_cost=1,2.910926,CALCULATED
CSTPOY2606003544,POY,3631,1,GAGAL - selalu unit_cost=1,2.930810,CALCULATED
CSTPOY2606003546,POY,3633,1,GAGAL - selalu unit_cost=1,2.940773,CALCULATED
CSTPOY2606003547,POY,3634,1,GAGAL - selalu unit_cost=1,2.940773,CALCULATED
CSTPOY2606003548,POY,3635,1,GAGAL - selalu unit_cost=1,2.920861,CALCULATED
CSTPOY2606003551,POY,3638,1,GAGAL - selalu unit_cost=1,2.940773,CALCULATED
CSTPOY2606003554,POY,3641,1,GAGAL - selalu unit_cost=1,2.940773,CALCULATED
CSTPOY2606003555,POY,3642,1,GAGAL - selalu unit_cost=1,2.940773,CALCULATED
CSTPOY2606003560,POY,3647,1,GAGAL - selalu unit_cost=1,2.941271,CALCULATED
CSTPOY2606003561,POY,3648,1,GAGAL - selalu unit_cost=1,2.933698,CALCULATED
CSTPOY2606003562,POY,3649,1,GAGAL - selalu unit_cost=1,2.922153,CALCULATED
CSTPOY2606003564,POY,3651,1,GAGAL - selalu unit_cost=1,1.373334,CALCULATED
CSTPOY2606003570,POY,3657,1,GAGAL - selalu unit_cost=1,1.303772,CALCULATED
CSTPOY2606003575,POY,3662,1,GAGAL - selalu unit_cost=1,3.058095,CALCULATED
CSTPOY2606003576,POY,3663,1,GAGAL - selalu unit_cost=1,3.055101,CALCULATED
CSTPOY2606003577,POY,3664,1,GAGAL - selalu unit_cost=1,3.047422,CALCULATED
CSTPOY2606003581,POY,3668,1,GAGAL - selalu unit_cost=1,3.351488,CALCULATED
CSTPOY2606003582,POY,3669,1,GAGAL - selalu unit_cost=1,3.348404,CALCULATED
CSTPOY2606003583,POY,3670,1,GAGAL - selalu unit_cost=1,3.340699,CALCULATED
CSTPOY2606003584,POY,3671,1,GAGAL - selalu unit_cost=1,3.349431,CALCULATED
CSTPOY2606003585,POY,3672,1,GAGAL - selalu unit_cost=1,3.349123,CALCULATED
CSTPOY2606003586,POY,3673,1,GAGAL - selalu unit_cost=1,3.346040,CALCULATED
CSTPOY2606003587,POY,3674,1,GAGAL - selalu unit_cost=1,3.356630,CALCULATED
CSTPOY2606003588,POY,3675,1,GAGAL - selalu unit_cost=1,3.350871,CALCULATED
CSTPOY2606003589,POY,3676,1,GAGAL - selalu unit_cost=1,3.352516,CALCULATED
CSTPOY2606003590,POY,3677,1,GAGAL - selalu unit_cost=1,3.012451,CALCULATED
CSTPOY2606003591,POY,3678,1,GAGAL - selalu unit_cost=1,3.008960,CALCULATED
CSTPOY2606003592,POY,3679,1,GAGAL - selalu unit_cost=1,3.009359,CALCULATED
CSTPOY2606003593,POY,3680,1,GAGAL - selalu unit_cost=1,3.013448,CALCULATED
CSTPOY2606003594,POY,3681,1,GAGAL - selalu unit_cost=1,3.016442,CALCULATED
CSTPOY2606003595,POY,3682,1,GAGAL - selalu unit_cost=1,3.008960,CALCULATED
CSTPOY2606003596,POY,3683,1,GAGAL - selalu unit_cost=1,3.008661,CALCULATED
CSTPOY2606003597,POY,3684,1,GAGAL - selalu unit_cost=1,3.008960,CALCULATED
CSTPOY2606003598,POY,3685,1,GAGAL - selalu unit_cost=1,3.008960,CALCULATED
CSTPOY2606003600,POY,3687,1,GAGAL - selalu unit_cost=1,3.012351,CALCULATED
CSTPOY2606003602,POY,3689,1,GAGAL - selalu unit_cost=1,1.321103,CALCULATED
CSTPOY2606003603,POY,3690,1,GAGAL - selalu unit_cost=1,2.976666,CALCULATED
CSTPOY2606003614,POY,3701,1,GAGAL - selalu unit_cost=1,1.313815,CALCULATED
CSTPOY2606003615,POY,3702,1,GAGAL - selalu unit_cost=1,2.965612,CALCULATED
CSTPOY2606003616,POY,3703,1,GAGAL - selalu unit_cost=1,1.391894,CALCULATED
CSTPOY2606003619,POY,3706,1,GAGAL - selalu unit_cost=1,3.224874,CALCULATED
CSTPOY2606003623,POY,3710,1,GAGAL - selalu unit_cost=1,3.005576,CALCULATED
CSTPOY2606003628,POY,3715,1,GAGAL - selalu unit_cost=1,1.272565,CALCULATED
CSTPOY2606003638,POY,3725,1,GAGAL - selalu unit_cost=1,1.402692,CALCULATED
CSTPOY2606003640,POY,3727,1,GAGAL - selalu unit_cost=1,3.396059,CALCULATED
CSTPOY2606003642,POY,3729,1,GAGAL - selalu unit_cost=1,3.351523,CALCULATED
CSTPOY2606003645,POY,3732,1,GAGAL - selalu unit_cost=1,3.377694,CALCULATED
CSTPOY2606003647,POY,3734,1,GAGAL - selalu unit_cost=1,1.659593,CALCULATED
CSTPOY2606003656,POY,3743,1,GAGAL - selalu unit_cost=1,2.893429,CALCULATED
CSTPOY2606003658,POY,3745,1,GAGAL - selalu unit_cost=1,1.421953,CALCULATED
CSTPOY2606003659,POY,3746,1,GAGAL - selalu unit_cost=1,1.610254,CALCULATED
CSTPOY2606003660,POY,3747,1,GAGAL - selalu unit_cost=1,3.159709,CALCULATED
CSTPOY2606003661,POY,3748,1,GAGAL - selalu unit_cost=1,3.151715,CALCULATED
CSTPOY2606003662,POY,3749,1,GAGAL - selalu unit_cost=1,1.316846,CALCULATED
CSTPOY2606003663,POY,3750,1,GAGAL - selalu unit_cost=1,1.234486,CALCULATED
CSTPOY2606003664,POY,3751,1,GAGAL - selalu unit_cost=1,1.373883,CALCULATED
CSTPOY2606003665,POY,3752,1,GAGAL - selalu unit_cost=1,1.335061,CALCULATED
CSTPOY2606003666,POY,3753,1,GAGAL - selalu unit_cost=1,1.252516,CALCULATED
CSTPOY2606003668,POY,3755,1,GAGAL - selalu unit_cost=1,1.190703,CALCULATED
CSTPOY2606003669,POY,3756,1,GAGAL - selalu unit_cost=1,1.676020,CALCULATED
CSTPOY2606003670,POY,3757,1,GAGAL - selalu unit_cost=1,1.313815,CALCULATED
CSTPOY2606003671,POY,3758,1,GAGAL - selalu unit_cost=1,2.946776,CALCULATED
CSTPOY2606003672,POY,3759,1,GAGAL - selalu unit_cost=1,2.936805,CALCULATED
CSTPOY2606003673,POY,3760,1,GAGAL - selalu unit_cost=1,2.924359,CALCULATED
CSTPOY2606003674,POY,3761,1,GAGAL - selalu unit_cost=1,1.363039,CALCULATED
CSTPOY2606003675,POY,3762,1,GAGAL - selalu unit_cost=1,1.391475,CALCULATED
CSTPOY2606003676,POY,3763,1,GAGAL - selalu unit_cost=1,1.237372,CALCULATED
CSTPOY2606003678,POY,3765,1,GAGAL - selalu unit_cost=1,3.159889,CALCULATED
CSTPOY2606003679,POY,3766,1,GAGAL - selalu unit_cost=1,1.241064,CALCULATED
CSTPOY2606003680,POY,3767,1,GAGAL - selalu unit_cost=1,1.244056,CALCULATED
CSTPOY2606003681,POY,3768,1,GAGAL - selalu unit_cost=1,1.539829,CALCULATED
CSTPOY2606003682,POY,3769,1,GAGAL - selalu unit_cost=1,1.558614,CALCULATED
CSTPOY2606003683,POY,3770,1,GAGAL - selalu unit_cost=1,3.018142,CALCULATED
CSTPOY2606003684,POY,3771,1,GAGAL - selalu unit_cost=1,3.018142,CALCULATED
CSTPOY2606003685,POY,3772,1,GAGAL - selalu unit_cost=1,2.988271,CALCULATED
CSTPOY2606003686,POY,3773,1,GAGAL - selalu unit_cost=1,3.018142,CALCULATED
CSTPOY2606003687,POY,3774,1,GAGAL - selalu unit_cost=1,2.993241,CALCULATED
CSTPOY2606003688,POY,3775,1,GAGAL - selalu unit_cost=1,3.008171,CALCULATED
CSTPOY2606003689,POY,3776,1,GAGAL - selalu unit_cost=1,2.993241,CALCULATED
CSTPOY2606003690,POY,3777,1,GAGAL - selalu unit_cost=1,3.008171,CALCULATED
CSTPOY2606003691,POY,3778,1,GAGAL - selalu unit_cost=1,1.444405,CALCULATED
CSTPOY2606003692,POY,3779,1,GAGAL - selalu unit_cost=1,2.997663,CALCULATED
CSTPOY2606003693,POY,3780,1,GAGAL - selalu unit_cost=1,2.997663,CALCULATED
CSTPOY2606003694,POY,3781,1,GAGAL - selalu unit_cost=1,3.270345,CALCULATED
CSTPOY2606003695,POY,3782,1,GAGAL - selalu unit_cost=1,3.190192,CALCULATED
CSTPOY2606003696,POY,3783,1,GAGAL - selalu unit_cost=1,1.367581,CALCULATED
CSTPOY2606003697,POY,3784,1,GAGAL - selalu unit_cost=1,1.382716,CALCULATED
CSTPOY2606003698,POY,3785,1,GAGAL - selalu unit_cost=1,1.405842,CALCULATED
CSTPOY2606003699,POY,3786,1,GAGAL - selalu unit_cost=1,1.416983,CALCULATED
CSTPOY2606003700,POY,3787,1,GAGAL - selalu unit_cost=1,2.824280,CALCULATED
CSTPOY2606003701,POY,3788,1,GAGAL - selalu unit_cost=1,1.363830,CALCULATED
CSTPOY2606003702,POY,3789,1,GAGAL - selalu unit_cost=1,2.976666,CALCULATED
CSTPOY2606003704,POY,3791,1,GAGAL - selalu unit_cost=1,1.326613,CALCULATED
CSTPOY2606003706,POY,3793,1,GAGAL - selalu unit_cost=1,2.971769,CALCULATED
CSTPOY2606003707,POY,3794,1,GAGAL - selalu unit_cost=1,2.961609,CALCULATED
CSTPOY2606003708,POY,3795,1,GAGAL - selalu unit_cost=1,2.948929,CALCULATED
CSTPOY2606003709,POY,3796,1,GAGAL - selalu unit_cost=1,2.970193,CALCULATED
CSTPOY2606003710,POY,3797,1,GAGAL - selalu unit_cost=1,2.960033,CALCULATED
CSTPOY2606003711,POY,3798,1,GAGAL - selalu unit_cost=1,2.947353,CALCULATED
CSTPOY2606003712,POY,3799,1,GAGAL - selalu unit_cost=1,1.354959,CALCULATED
CSTPOY2606003713,POY,3800,1,GAGAL - selalu unit_cost=1,1.322845,CALCULATED
CSTPOY2606003715,POY,3802,1,GAGAL - selalu unit_cost=1,2.948546,CALCULATED
CSTPOY2606003716,POY,3803,1,GAGAL - selalu unit_cost=1,2.932414,CALCULATED
CSTPOY2606003717,POY,3804,1,GAGAL - selalu unit_cost=1,2.956167,CALCULATED
CSTPOY2606003718,POY,3805,1,GAGAL - selalu unit_cost=1,2.946007,CALCULATED
CSTPOY2606003719,POY,3806,1,GAGAL - selalu unit_cost=1,2.933326,CALCULATED
CSTPOY2606003720,POY,3807,1,GAGAL - selalu unit_cost=1,2.945601,CALCULATED
CSTPOY2606003721,POY,3808,1,GAGAL - selalu unit_cost=1,2.941034,CALCULATED
CSTPOY2606003722,POY,3809,1,GAGAL - selalu unit_cost=1,2.949562,CALCULATED
CSTPOY2606003723,POY,3810,1,GAGAL - selalu unit_cost=1,2.958302,CALCULATED
CSTPOY2606003724,POY,3811,1,GAGAL - selalu unit_cost=1,2.944484,CALCULATED
CSTPOY2606003725,POY,3812,1,GAGAL - selalu unit_cost=1,2.955964,CALCULATED
CSTPOY2606003726,POY,3813,1,GAGAL - selalu unit_cost=1,2.940831,CALCULATED
CSTPOY2606003727,POY,3814,1,GAGAL - selalu unit_cost=1,2.946819,CALCULATED
CSTPOY2606003728,POY,3815,1,GAGAL - selalu unit_cost=1,1.424570,CALCULATED
CSTPOY2606003729,POY,3816,1,GAGAL - selalu unit_cost=1,3.029987,CALCULATED
CSTPOY2606003730,POY,3817,1,GAGAL - selalu unit_cost=1,2.891462,CALCULATED
CSTPOY2606003732,POY,3819,1,GAGAL - selalu unit_cost=1,2.901227,CALCULATED
CSTPOY2606003733,POY,3820,1,GAGAL - selalu unit_cost=1,1.247525,CALCULATED
CSTPOY2606003734,POY,3821,1,GAGAL - selalu unit_cost=1,1.279557,CALCULATED
CSTPOY2606003739,POY,3826,1,GAGAL - selalu unit_cost=1,1.321610,CALCULATED
CSTPOY2606003741,POY,3828,1,GAGAL - selalu unit_cost=1,3.004753,CALCULATED
CSTPOY2606003742,POY,3829,1,GAGAL - selalu unit_cost=1,1.313513,CALCULATED
CSTPOY2606003743,POY,3830,1,GAGAL - selalu unit_cost=1,1.362270,CALCULATED
CSTPOY2606003744,POY,3831,1,GAGAL - selalu unit_cost=1,1.319428,CALCULATED
CSTPOY2606003745,POY,3832,1,GAGAL - selalu unit_cost=1,3.031534,CALCULATED
CSTPOY2606003746,POY,3833,1,GAGAL - selalu unit_cost=1,3.010343,CALCULATED
CSTPOY2606003749,POY,3836,1,GAGAL - selalu unit_cost=1,3.161881,CALCULATED
CSTPOY2606003750,POY,3837,1,GAGAL - selalu unit_cost=1,2.918830,CALCULATED
CSTPOY2606003751,POY,3838,1,GAGAL - selalu unit_cost=1,2.999520,CALCULATED
CSTPOY2606003752,POY,3839,1,GAGAL - selalu unit_cost=1,3.098414,CALCULATED
CSTPOY2606003754,POY,3841,1,GAGAL - selalu unit_cost=1,2.971369,CALCULATED
CSTPOY2606003755,POY,3842,1,GAGAL - selalu unit_cost=1,2.926291,CALCULATED
CSTPOY2606003756,POY,3843,1,GAGAL - selalu unit_cost=1,2.944344,CALCULATED
CSTPOY2606003757,POY,3844,1,GAGAL - selalu unit_cost=1,2.954200,CALCULATED
CSTPOY2606003758,POY,3845,1,GAGAL - selalu unit_cost=1,2.941091,CALCULATED
CSTPOY2606003759,POY,3846,1,GAGAL - selalu unit_cost=1,2.939795,CALCULATED
CSTPOY2606003760,POY,3847,1,GAGAL - selalu unit_cost=1,2.932222,CALCULATED
CSTPOY2606003761,POY,3848,1,GAGAL - selalu unit_cost=1,2.920680,CALCULATED
CSTPOY2606003762,POY,3849,1,GAGAL - selalu unit_cost=1,2.917399,CALCULATED
CSTPOY2606003763,POY,3850,1,GAGAL - selalu unit_cost=1,3.990383,CALCULATED
CSTPOY2606003765,POY,3852,1,GAGAL - selalu unit_cost=1,3.185977,CALCULATED
CSTPOY2606003766,POY,3853,1,GAGAL - selalu unit_cost=1,3.201218,CALCULATED
CSTPOY2606003767,POY,3854,1,GAGAL - selalu unit_cost=1,3.114931,CALCULATED
CSTPOY2606003768,POY,3855,1,GAGAL - selalu unit_cost=1,3.114931,CALCULATED
CSTPOY2606003769,POY,3856,1,GAGAL - selalu unit_cost=1,3.106299,CALCULATED
CSTPOY2606003770,POY,3857,1,GAGAL - selalu unit_cost=1,3.109792,CALCULATED
CSTPOY2606003771,POY,3858,1,GAGAL - selalu unit_cost=1,3.120073,CALCULATED
CSTPOY2606003772,POY,3859,1,GAGAL - selalu unit_cost=1,3.104040,CALCULATED
CSTPOY2606003773,POY,3860,1,GAGAL - selalu unit_cost=1,3.068469,CALCULATED
CSTPOY2606003774,POY,3861,1,GAGAL - selalu unit_cost=1,3.984104,CALCULATED
CSTPOY2606003775,POY,3862,1,GAGAL - selalu unit_cost=1,3.022492,CALCULATED
CSTPOY2606003776,POY,3863,1,GAGAL - selalu unit_cost=1,1.371362,CALCULATED
CSTPOY2606003777,POY,3864,1,GAGAL - selalu unit_cost=1,3.023330,CALCULATED
CSTPOY2606003778,POY,3865,1,GAGAL - selalu unit_cost=1,2.896253,CALCULATED
CSTPOY2606003779,POY,3866,1,GAGAL - selalu unit_cost=1,1.298444,CALCULATED
CSTPOY2606003780,POY,3867,1,GAGAL - selalu unit_cost=1,1.676552,CALCULATED
CSTPOY2606003781,POY,3868,1,GAGAL - selalu unit_cost=1,1.280132,CALCULATED
CSTPOY2606003782,POY,3869,1,GAGAL - selalu unit_cost=1,1.627293,CALCULATED
CSTPOY2606003783,POY,3870,1,GAGAL - selalu unit_cost=1,1.579750,CALCULATED
CSTPOY2606003786,POY,3873,1,GAGAL - selalu unit_cost=1,3.082840,CALCULATED
CSTPOY2606003787,POY,3874,1,GAGAL - selalu unit_cost=1,3.092607,CALCULATED
CSTPOY2606003788,POY,3875,1,GAGAL - selalu unit_cost=1,3.099736,CALCULATED
CSTPOY2606003789,POY,3876,1,GAGAL - selalu unit_cost=1,3.087722,CALCULATED
CSTPOY2606003792,POY,3879,1,GAGAL - selalu unit_cost=1,1.244920,CALCULATED
CSTPOY2606003796,POY,3883,1,GAGAL - selalu unit_cost=1,2.915272,CALCULATED
CSTPOY2606003797,POY,3884,1,GAGAL - selalu unit_cost=1,1.504368,CALCULATED
CSTPTY2606000086,PTY,7973,1,GAGAL - selalu unit_cost=1,3.050117,CALCULATED
CSTPTY2606000362,PTY,8249,1,GAGAL - selalu unit_cost=1,2.961662,CALCULATED
CSTPTY2606000395,PTY,8282,1,GAGAL - selalu unit_cost=1,2.961662,CALCULATED
CSTPTY2606000417,PTY,8304,1,GAGAL - selalu unit_cost=1,2.961662,CALCULATED
CSTPTY2606000464,PTY,8351,1,GAGAL - selalu unit_cost=1,2.961662,CALCULATED
CSTPTY2606000501,PTY,8388,1,GAGAL - selalu unit_cost=1,2.961662,CALCULATED
CSTPTY2606000621,PTY,8508,1,GAGAL - selalu unit_cost=1,2.961662,CALCULATED
CSTPTY2606000707,PTY,8594,1,GAGAL - selalu unit_cost=1,2.961662,CALCULATED
CSTPTY2606000710,PTY,8597,1,GAGAL - selalu unit_cost=1,2.961662,CALCULATED
CSTPTY2606000818,PTY,8705,1,GAGAL - selalu unit_cost=1,2.961662,CALCULATED
CSTPTY2606000850,PTY,8737,1,GAGAL - selalu unit_cost=1,2.972415,CALCULATED
CSTPTY2606000851,PTY,8738,1,GAGAL - selalu unit_cost=1,2.972415,CALCULATED
CSTPTY2606000852,PTY,8739,1,GAGAL - selalu unit_cost=1,2.972415,CALCULATED
CSTPTY2606000853,PTY,8740,1,GAGAL - selalu unit_cost=1,2.972415,CALCULATED
CSTPTY2606000854,PTY,8741,1,GAGAL - selalu unit_cost=1,2.972415,CALCULATED
CSTPTY2606000855,PTY,8742,1,GAGAL - selalu unit_cost=1,2.972415,CALCULATED
CSTPTY2606000931,PTY,8818,1,GAGAL - selalu unit_cost=1,1.500268,CALCULATED
CSTPTY2606000934,PTY,8821,1,GAGAL - selalu unit_cost=1,1.466317,CALCULATED
CSTPTY2606000968,PTY,8855,1,GAGAL - selalu unit_cost=1,1.316671,CALCULATED
CSTPTY2606000980,PTY,8867,1,GAGAL - selalu unit_cost=1,1.264263,CALCULATED
CSTPTY2606000993,PTY,8880,1,GAGAL - selalu unit_cost=1,1.385135,CALCULATED
CSTPTY2606001070,PTY,8957,1,GAGAL - selalu unit_cost=1,2.856902,CALCULATED
CSTPTY2606001148,PTY,9035,1,GAGAL - selalu unit_cost=1,1.274448,CALCULATED
CSTPTY2606001160,PTY,9047,1,GAGAL - selalu unit_cost=1,1.758132,CALCULATED
CSTPTY2606001163,PTY,9050,1,GAGAL - selalu unit_cost=1,1.814833,CALCULATED
CSTPTY2606001214,PTY,9101,1,GAGAL - selalu unit_cost=1,1.360589,CALCULATED
CSTPTY2606001483,PTY,9370,1,GAGAL - selalu unit_cost=1,1.635105,CALCULATED
CSTPTY2606001488,PTY,9375,1,GAGAL - selalu unit_cost=1,1.540005,CALCULATED
CSTPTY2606001625,PTY,9512,1,GAGAL - selalu unit_cost=1,1.767776,CALCULATED
CSTPTY2606001626,PTY,9513,1,GAGAL - selalu unit_cost=1,1.324256,CALCULATED
CSTPTY2606001754,PTY,9641,1,GAGAL - selalu unit_cost=1,1.548531,CALCULATED
CSTPTY2606001755,PTY,9642,1,GAGAL - selalu unit_cost=1,1.556788,CALCULATED
CSTPTY2606001785,PTY,9672,1,GAGAL - selalu unit_cost=1,2.877683,CALCULATED
CSTPTY2606001798,PTY,9685,1,GAGAL - selalu unit_cost=1,2.855578,CALCULATED
CSTPTY2606001799,PTY,9686,1,GAGAL - selalu unit_cost=1,2.877683,CALCULATED
CSTPTY2606001800,PTY,9687,1,GAGAL - selalu unit_cost=1,1.342156,CALCULATED
CSTPTY2606001812,PTY,9699,1,GAGAL - selalu unit_cost=1,2.967596,CALCULATED
CSTPTY2606001813,PTY,9700,1,GAGAL - selalu unit_cost=1,2.967596,CALCULATED
CSTPTY2606001821,PTY,9708,1,GAGAL - selalu unit_cost=1,1.529774,CALCULATED
CSTPTY2606001966,PTY,9853,1,GAGAL - selalu unit_cost=1,3.065786,CALCULATED
CSTPTY2606001967,PTY,9854,1,GAGAL - selalu unit_cost=1,3.065786,CALCULATED
CSTPTY2606001968,PTY,9855,1,GAGAL - selalu unit_cost=1,3.065786,CALCULATED
CSTPTY2606001969,PTY,9856,1,GAGAL - selalu unit_cost=1,3.065786,CALCULATED
CSTPTY2606001970,PTY,9857,1,GAGAL - selalu unit_cost=1,3.065786,CALCULATED
CSTPTY2606001974,PTY,9861,1,GAGAL - selalu unit_cost=1,3.088809,CALCULATED
CSTPTY2606001979,PTY,9866,1,GAGAL - selalu unit_cost=1,3.088809,CALCULATED
CSTPTY2606001980,PTY,9867,1,GAGAL - selalu unit_cost=1,3.088809,CALCULATED
CSTPTY2606001981,PTY,9868,1,GAGAL - selalu unit_cost=1,3.088809,CALCULATED
CSTPTY2606001982,PTY,9869,1,GAGAL - selalu unit_cost=1,3.088809,CALCULATED
CSTPTY2606001983,PTY,9870,1,GAGAL - selalu unit_cost=1,3.088809,CALCULATED
CSTPTY2606001984,PTY,9871,1,GAGAL - selalu unit_cost=1,3.088809,CALCULATED
CSTPTY2606001985,PTY,9872,1,GAGAL - selalu unit_cost=1,3.088809,CALCULATED
CSTPTY2606002038,PTY,9925,1,GAGAL - selalu unit_cost=1,2.853473,CALCULATED
CSTPTY2606002039,PTY,9926,1,GAGAL - selalu unit_cost=1,2.853473,CALCULATED
CSTPTY2606002042,PTY,9929,1,GAGAL - selalu unit_cost=1,2.853473,CALCULATED
CSTPTY2606002045,PTY,9932,1,GAGAL - selalu unit_cost=1,2.853473,CALCULATED
CSTPTY2606002046,PTY,9933,1,GAGAL - selalu unit_cost=1,2.853473,CALCULATED
CSTPTY2606002047,PTY,9934,1,GAGAL - selalu unit_cost=1,2.853473,CALCULATED
CSTPTY2606002048,PTY,9935,1,GAGAL - selalu unit_cost=1,2.853473,CALCULATED
CSTPTY2606002049,PTY,9936,1,GAGAL - selalu unit_cost=1,2.853473,CALCULATED
CSTPTY2606002051,PTY,9938,1,GAGAL - selalu unit_cost=1,2.815305,CALCULATED
CSTPTY2606002052,PTY,9939,1,GAGAL - selalu unit_cost=1,2.853473,CALCULATED
CSTPTY2606002053,PTY,9940,1,GAGAL - selalu unit_cost=1,2.853473,CALCULATED
CSTPTY2606002055,PTY,9942,1,GAGAL - selalu unit_cost=1,2.853473,CALCULATED
CSTPTY2606002057,PTY,9944,1,GAGAL - selalu unit_cost=1,2.853473,CALCULATED
CSTPTY2606002058,PTY,9945,1,GAGAL - selalu unit_cost=1,2.853473,CALCULATED
CSTPTY2606002059,PTY,9946,1,GAGAL - selalu unit_cost=1,2.853473,CALCULATED
CSTPTY2606002060,PTY,9947,1,GAGAL - selalu unit_cost=1,2.853473,CALCULATED
CSTPTY2606002061,PTY,9948,1,GAGAL - selalu unit_cost=1,2.853473,CALCULATED
CSTPTY2606002062,PTY,9949,1,GAGAL - selalu unit_cost=1,2.853473,CALCULATED
CSTPTY2606002063,PTY,9950,1,GAGAL - selalu unit_cost=1,2.853473,CALCULATED
CSTPTY2606002064,PTY,9951,1,GAGAL - selalu unit_cost=1,2.853473,CALCULATED
CSTPTY2606002065,PTY,9952,1,GAGAL - selalu unit_cost=1,2.853473,CALCULATED
CSTPTY2606002066,PTY,9953,1,GAGAL - selalu unit_cost=1,2.853473,CALCULATED
CSTPTY2606002067,PTY,9954,1,GAGAL - selalu unit_cost=1,2.853473,CALCULATED
CSTPTY2606002068,PTY,9955,1,GAGAL - selalu unit_cost=1,2.853473,CALCULATED
CSTPTY2606002069,PTY,9956,1,GAGAL - selalu unit_cost=1,2.853473,CALCULATED
CSTPTY2606002070,PTY,9957,1,GAGAL - selalu unit_cost=1,2.853473,CALCULATED
CSTPTY2606002071,PTY,9958,1,GAGAL - selalu unit_cost=1,2.853473,CALCULATED
CSTPTY2606002072,PTY,9959,1,GAGAL - selalu unit_cost=1,2.853473,CALCULATED
CSTPTY2606002073,PTY,9960,1,GAGAL - selalu unit_cost=1,2.853473,CALCULATED
CSTPTY2606002076,PTY,9963,1,GAGAL - selalu unit_cost=1,2.853473,CALCULATED
CSTPTY2606002077,PTY,9964,1,GAGAL - selalu unit_cost=1,2.853473,CALCULATED
CSTPTY2606002078,PTY,9965,1,GAGAL - selalu unit_cost=1,2.853473,CALCULATED
CSTPTY2606002167,PTY,10054,1,GAGAL - selalu unit_cost=1,2.896326,CALCULATED
CSTPTY2606002168,PTY,10055,1,GAGAL - selalu unit_cost=1,2.896326,CALCULATED
CSTPTY2606002169,PTY,10056,1,GAGAL - selalu unit_cost=1,2.896326,CALCULATED
CSTPTY2606002170,PTY,10057,1,GAGAL - selalu unit_cost=1,2.896326,CALCULATED
CSTPTY2606002171,PTY,10058,1,GAGAL - selalu unit_cost=1,2.896326,CALCULATED
CSTPTY2606002175,PTY,10062,1,GAGAL - selalu unit_cost=1,2.896326,CALCULATED
CSTPTY2606002177,PTY,10064,1,GAGAL - selalu unit_cost=1,2.896326,CALCULATED
CSTPTY2606002179,PTY,10066,1,GAGAL - selalu unit_cost=1,2.896326,CALCULATED
CSTPTY2606002180,PTY,10067,1,GAGAL - selalu unit_cost=1,2.896326,CALCULATED
CSTPTY2606002181,PTY,10068,1,GAGAL - selalu unit_cost=1,2.896326,CALCULATED
CSTPTY2606002182,PTY,10069,1,GAGAL - selalu unit_cost=1,2.896326,CALCULATED
CSTPTY2606002183,PTY,10070,1,GAGAL - selalu unit_cost=1,2.896326,CALCULATED
CSTPTY2606002184,PTY,10071,1,GAGAL - selalu unit_cost=1,2.896326,CALCULATED
CSTPTY2606002185,PTY,10072,1,GAGAL - selalu unit_cost=1,1.346359,CALCULATED
CSTPTY2606002186,PTY,10073,1,GAGAL - selalu unit_cost=1,2.896326,CALCULATED
CSTPTY2606002187,PTY,10074,1,GAGAL - selalu unit_cost=1,2.896326,CALCULATED
CSTPTY2606002191,PTY,10078,1,GAGAL - selalu unit_cost=1,2.896326,CALCULATED
CSTPTY2606002192,PTY,10079,1,GAGAL - selalu unit_cost=1,2.896326,CALCULATED
CSTPTY2606002193,PTY,10080,1,GAGAL - selalu unit_cost=1,2.896326,CALCULATED
CSTPTY2606002194,PTY,10081,1,GAGAL - selalu unit_cost=1,2.896326,CALCULATED
CSTPTY2606002195,PTY,10082,1,GAGAL - selalu unit_cost=1,2.896326,CALCULATED
CSTPTY2606002196,PTY,10083,1,GAGAL - selalu unit_cost=1,2.896326,CALCULATED
CSTPTY2606002295,PTY,10182,1,GAGAL - selalu unit_cost=1,1.398346,CALCULATED
CSTPTY2606002299,PTY,10186,1,GAGAL - selalu unit_cost=1,1.384600,CALCULATED
CSTPTY2606002325,PTY,10212,1,GAGAL - selalu unit_cost=1,2.855578,CALCULATED
CSTPTY2606002346,PTY,10233,1,GAGAL - selalu unit_cost=1,2.855578,CALCULATED
CSTPTY2606002347,PTY,10234,1,GAGAL - selalu unit_cost=1,2.877683,CALCULATED
CSTPTY2606002352,PTY,10239,1,GAGAL - selalu unit_cost=1,2.877683,CALCULATED
CSTPTY2606002353,PTY,10240,1,GAGAL - selalu unit_cost=1,2.877683,CALCULATED
CSTPTY2606002354,PTY,10241,1,GAGAL - selalu unit_cost=1,2.877683,CALCULATED
CSTPTY2606002511,PTY,10398,1,GAGAL - selalu unit_cost=1,1.353170,CALCULATED
CSTPTY2606002532,PTY,10419,1,GAGAL - selalu unit_cost=1,1.154366,CALCULATED
CSTPTY2606002535,PTY,10422,1,GAGAL - selalu unit_cost=1,2.983730,CALCULATED
CSTPTY2606002541,PTY,10428,1,GAGAL - selalu unit_cost=1,1.154366,CALCULATED
CSTPTY2606002542,PTY,10429,1,GAGAL - selalu unit_cost=1,1.301411,CALCULATED
CSTPTY2606002545,PTY,10432,1,GAGAL - selalu unit_cost=1,3.129474,CALCULATED
CSTPTY2606002546,PTY,10433,1,GAGAL - selalu unit_cost=1,3.129474,CALCULATED
CSTPTY2606002551,PTY,10438,1,GAGAL - selalu unit_cost=1,3.129474,CALCULATED
CSTPTY2606002552,PTY,10439,1,GAGAL - selalu unit_cost=1,3.129474,CALCULATED
CSTPTY2606002553,PTY,10440,1,GAGAL - selalu unit_cost=1,3.125079,CALCULATED
CSTPTY2606002554,PTY,10441,1,GAGAL - selalu unit_cost=1,3.125079,CALCULATED
CSTPTY2606002555,PTY,10442,1,GAGAL - selalu unit_cost=1,3.125079,CALCULATED
CSTATY2606000046,ATY,23190,1,GAGAL - selalu unit_cost=1,1.319892,CALCULATED
CSTATY2606000057,ATY,23201,1,GAGAL - selalu unit_cost=1,1.328702,CALCULATED
CSTATY2606000058,ATY,23202,1,GAGAL - selalu unit_cost=1,1.328702,CALCULATED
CSTATY2606000059,ATY,23203,1,GAGAL - selalu unit_cost=1,1.322459,CALCULATED
CSTATY2606000060,ATY,23204,1,GAGAL - selalu unit_cost=1,1.322459,CALCULATED
CSTATY2606000061,ATY,23205,1,GAGAL - selalu unit_cost=1,1.339766,CALCULATED
CSTATY2606000064,ATY,23208,1,GAGAL - selalu unit_cost=1,1.322459,CALCULATED
CSTATY2606000065,ATY,23209,1,GAGAL - selalu unit_cost=1,1.338916,CALCULATED
CSTATY2606000066,ATY,23210,1,GAGAL - selalu unit_cost=1,1.339178,CALCULATED
CSTATY2606000091,ATY,23235,1,GAGAL - selalu unit_cost=1,1.309289,CALCULATED
CSTATY2606000092,ATY,23236,1,GAGAL - selalu unit_cost=1,1.350000,CALCULATED
CSTATY2606000093,ATY,23237,1,GAGAL - selalu unit_cost=1,1.343630,CALCULATED
CSTATY2606000097,ATY,23241,1,GAGAL - selalu unit_cost=1,1.579631,CALCULATED
CSTATY2606000112,ATY,23256,1,GAGAL - selalu unit_cost=1,1.348880,CALCULATED
CSTATY2606000113,ATY,23257,1,GAGAL - selalu unit_cost=1,1.431485,CALCULATED
CSTATY2606000026,ATY,23326,1,GAGAL - selalu unit_cost=1,1.532178,CALCULATED
CSTATY2606000028,ATY,23328,1,GAGAL - selalu unit_cost=1,1.406438,CALCULATED
CSTATY2606000041,ATY,23341,1,GAGAL - selalu unit_cost=1,1.339441,CALCULATED
CSTATY2606000042,ATY,23342,1,GAGAL - selalu unit_cost=1,1.339431,CALCULATED
CSTATY2606000158,ATY,23355,1,GAGAL - selalu unit_cost=1,1.354279,CALCULATED
CSTATY2606000160,ATY,23357,1,GAGAL - selalu unit_cost=1,1.374469,CALCULATED
CSTATY2606000178,ATY,23375,1,GAGAL - selalu unit_cost=1,1.329333,CALCULATED
CSTATY2606000196,ATY,23393,1,GAGAL - selalu unit_cost=1,1.256888,CALCULATED
CSTATY2606000207,ATY,23404,1,GAGAL - selalu unit_cost=1,1.322712,CALCULATED
CSTATY2606000209,ATY,23406,1,GAGAL - selalu unit_cost=1,1.357503,CALCULATED
CSTATY2606000225,ATY,23422,1,GAGAL - selalu unit_cost=1,1.325541,CALCULATED
CSTATY2606000226,ATY,23423,1,GAGAL - selalu unit_cost=1,1.328702,CALCULATED
CSTATY2606000228,ATY,23425,1,GAGAL - selalu unit_cost=1,1.338716,CALCULATED
CSTATY2606000234,ATY,23431,1,GAGAL - selalu unit_cost=1,1.339720,CALCULATED
CSTATY2606000236,ATY,23433,1,GAGAL - selalu unit_cost=1,1.477382,CALCULATED
CSTATY2606000242,ATY,23439,1,GAGAL - selalu unit_cost=1,1.447357,CALCULATED
CSTATY2606000247,ATY,23444,1,GAGAL - selalu unit_cost=1,1.339251,CALCULATED
CSTATY2606000300,ATY,23497,1,GAGAL - selalu unit_cost=1,1.349951,CALCULATED
CSTHOY2606003801,HOY,23500,1,GAGAL - selalu unit_cost=1,1.743659,CALCULATED
CSTPOY2606003804,POY,23737,1,GAGAL - selalu unit_cost=1,2.984818,CALCULATED
CSTPOY2606003809,POY,23742,1,GAGAL - selalu unit_cost=1,3.950308,CALCULATED
CSTPOY2606003810,POY,23743,1,GAGAL - selalu unit_cost=1,1.852199,CALCULATED
CSTPOY2606003811,POY,27168,1,GAGAL - selalu unit_cost=1,2.893429,CALCULATED
CSTPOY2606003812,POY,27169,1,GAGAL - selalu unit_cost=1,2.943260,CALCULATED
CSTPOY2606003814,POY,27171,1,GAGAL - selalu unit_cost=1,3.933195,CALCULATED
CSTPOY2606003816,POY,27173,1,GAGAL - selalu unit_cost=1,2.970945,CALCULATED
CSTPOY2606003820,POY,27177,1,GAGAL - selalu unit_cost=1,3.012575,CALCULATED
CSTPOY2606003821,POY,27178,1,GAGAL - selalu unit_cost=1,3.027542,CALCULATED
CSTPOY2606003822,POY,27179,1,GAGAL - selalu unit_cost=1,3.027542,CALCULATED
CSTPOY2606003823,POY,27180,1,GAGAL - selalu unit_cost=1,1.378135,CALCULATED
CSTPOY2606003824,POY,27181,1,GAGAL - selalu unit_cost=1,2.968247,CALCULATED
CSTPOY2606003825,POY,27182,1,GAGAL - selalu unit_cost=1,2.975625,CALCULATED
CSTPOY2606003826,POY,27183,1,GAGAL - selalu unit_cost=1,2.963465,CALCULATED
CSTPOY2606003827,POY,27184,1,GAGAL - selalu unit_cost=1,2.959483,CALCULATED
CSTPOY2606003828,POY,27185,1,GAGAL - selalu unit_cost=1,2.980415,CALCULATED
CSTPOY2606003831,POY,27188,1,GAGAL - selalu unit_cost=1,1.243923,CALCULATED
CSTPOY2606003832,POY,27189,1,GAGAL - selalu unit_cost=1,1.513386,CALCULATED
CSTPOY2606003833,POY,27190,1,GAGAL - selalu unit_cost=1,1.277074,CALCULATED
CSTPOY2606003834,POY,27191,1,GAGAL - selalu unit_cost=1,1.426969,CALCULATED
CSTPOY2606003835,POY,27192,1,GAGAL - selalu unit_cost=1,1.482042,CALCULATED
CSTPOY2606003838,POY,27195,1,GAGAL - selalu unit_cost=1,1.529414,CALCULATED
CSTPOY2606003840,POY,27197,1,GAGAL - selalu unit_cost=1,3.066462,CALCULATED
CSTPOY2606003842,POY,27199,1,GAGAL - selalu unit_cost=1,1.296302,CALCULATED
CSTPOY2606003843,POY,27200,1,GAGAL - selalu unit_cost=1,1.686886,CALCULATED
CSTPOY2606003844,POY,27201,1,GAGAL - selalu unit_cost=1,1.686502,CALCULATED
CSTPOY2606003848,POY,27205,1,GAGAL - selalu unit_cost=1,3.064374,CALCULATED
CSTPOY2606003849,POY,27206,1,GAGAL - selalu unit_cost=1,3.077073,CALCULATED
CSTPOY2606003850,POY,27207,1,GAGAL - selalu unit_cost=1,3.087247,CALCULATED
CSTPOY2606003851,POY,27208,1,GAGAL - selalu unit_cost=1,1.332080,CALCULATED
CSTPOY2606003852,POY,27209,1,GAGAL - selalu unit_cost=1,1.463813,CALCULATED
CSTPOY2606003854,POY,27211,1,GAGAL - selalu unit_cost=1,1.314373,CALCULATED
CSTPOY2606003855,POY,27212,1,GAGAL - selalu unit_cost=1,3.021584,CALCULATED
CSTPOY2606003856,POY,27213,1,GAGAL - selalu unit_cost=1,3.017951,CALCULATED
CSTPOY2606003857,POY,27214,1,GAGAL - selalu unit_cost=1,3.018948,CALCULATED
CSTPOY2606003858,POY,27215,1,GAGAL - selalu unit_cost=1,3.022938,CALCULATED
CSTPOY2606003859,POY,27216,1,GAGAL - selalu unit_cost=1,3.012967,CALCULATED
CSTPOY2606003860,POY,27217,1,GAGAL - selalu unit_cost=1,2.907911,CALCULATED
CSTPOY2606003861,POY,27218,1,GAGAL - selalu unit_cost=1,2.887974,CALCULATED
CSTPOY2606003862,POY,27219,1,GAGAL - selalu unit_cost=1,2.868093,CALCULATED
CSTPOY2606003863,POY,27220,1,GAGAL - selalu unit_cost=1,2.868093,CALCULATED
CSTPOY2606003864,POY,27221,1,GAGAL - selalu unit_cost=1,2.868093,CALCULATED
CSTPOY2606003865,POY,27222,1,GAGAL - selalu unit_cost=1,2.863132,CALCULATED
CSTPOY2606003866,POY,27223,1,GAGAL - selalu unit_cost=1,2.887974,CALCULATED
CSTPOY2606003867,POY,27224,1,GAGAL - selalu unit_cost=1,2.897936,CALCULATED
CSTPOY2606003868,POY,27225,1,GAGAL - selalu unit_cost=1,2.907911,CALCULATED
CSTPOY2606003869,POY,27226,1,GAGAL - selalu unit_cost=1,2.868093,CALCULATED
CSTPOY2606003870,POY,27227,1,GAGAL - selalu unit_cost=1,2.905915,CALCULATED
CSTPOY2606003871,POY,27228,1,GAGAL - selalu unit_cost=1,2.895145,CALCULATED
CSTPOY2606003872,POY,27229,1,GAGAL - selalu unit_cost=1,2.902423,CALCULATED
CSTPOY2606003873,POY,27230,1,GAGAL - selalu unit_cost=1,2.882104,CALCULATED
CSTPOY2606003874,POY,27231,1,GAGAL - selalu unit_cost=1,2.878027,CALCULATED
CSTPOY2606003875,POY,27232,1,GAGAL - selalu unit_cost=1,2.879319,CALCULATED
CSTPOY2606003876,POY,27233,1,GAGAL - selalu unit_cost=1,2.895046,CALCULATED
CSTPOY2606003877,POY,27234,1,GAGAL - selalu unit_cost=1,2.888173,CALCULATED
CSTPOY2606003878,POY,27235,1,GAGAL - selalu unit_cost=1,2.901625,CALCULATED
CSTPOY2606003879,POY,27236,1,GAGAL - selalu unit_cost=1,2.896341,CALCULATED
CSTPOY2606003880,POY,27237,1,GAGAL - selalu unit_cost=1,2.902921,CALCULATED
CSTPOY2606003881,POY,27238,1,GAGAL - selalu unit_cost=1,2.897936,CALCULATED
CSTPOY2606003882,POY,27239,1,GAGAL - selalu unit_cost=1,2.907911,CALCULATED
CSTPOY2606003883,POY,27240,1,GAGAL - selalu unit_cost=1,2.902921,CALCULATED
CSTPOY2606003884,POY,27241,1,GAGAL - selalu unit_cost=1,3.131056,CALCULATED
CSTPOY2606003885,POY,27242,1,GAGAL - selalu unit_cost=1,3.131056,CALCULATED
CSTPOY2606003886,POY,27243,1,GAGAL - selalu unit_cost=1,3.148997,CALCULATED
CSTPOY2606003887,POY,27244,1,GAGAL - selalu unit_cost=1,3.147999,CALCULATED
CSTPOY2606003888,POY,27245,1,GAGAL - selalu unit_cost=1,3.132351,CALCULATED
CSTPOY2606003889,POY,27246,1,GAGAL - selalu unit_cost=1,3.154188,CALCULATED
CSTPOY2606003890,POY,27247,1,GAGAL - selalu unit_cost=1,3.126578,CALCULATED
CSTPOY2606003891,POY,27248,1,GAGAL - selalu unit_cost=1,3.142015,CALCULATED
CSTPOY2606003892,POY,27249,1,GAGAL - selalu unit_cost=1,3.153888,CALCULATED
CSTPOY2606003893,POY,27250,1,GAGAL - selalu unit_cost=1,3.147600,CALCULATED
CSTPOY2606003894,POY,27251,1,GAGAL - selalu unit_cost=1,3.133247,CALCULATED
CSTPOY2606003895,POY,27252,1,GAGAL - selalu unit_cost=1,3.153988,CALCULATED
CSTPOY2606003897,POY,27254,1,GAGAL - selalu unit_cost=1,3.152790,CALCULATED
CSTPOY2606003898,POY,27255,1,GAGAL - selalu unit_cost=1,3.156485,CALCULATED
CSTPOY2606003899,POY,27256,1,GAGAL - selalu unit_cost=1,2.988811,CALCULATED
CSTPOY2606003900,POY,27257,1,GAGAL - selalu unit_cost=1,4.202778,CALCULATED
CSTPOY2606003902,POY,27259,1,GAGAL - selalu unit_cost=1,1.288441,CALCULATED
CSTPOY2606003903,POY,27260,1,GAGAL - selalu unit_cost=1,1.320557,CALCULATED
CSTPOY2606003904,POY,27261,1,GAGAL - selalu unit_cost=1,2.974428,CALCULATED
CSTPOY2606003905,POY,27262,1,GAGAL - selalu unit_cost=1,1.677061,CALCULATED
CSTPOY2606003906,POY,27263,1,GAGAL - selalu unit_cost=1,1.512709,CALCULATED
CSTPOY2606003907,POY,27264,1,GAGAL - selalu unit_cost=1,1.304974,CALCULATED
CSTPOY2606003908,POY,27265,1,GAGAL - selalu unit_cost=1,1.242628,CALCULATED
CSTPOY2606003909,POY,27266,1,GAGAL - selalu unit_cost=1,3.250069,CALCULATED
CSTPOY2606003910,POY,27267,1,GAGAL - selalu unit_cost=1,3.071787,CALCULATED
CSTPOY2606003912,POY,27269,1,GAGAL - selalu unit_cost=1,3.059432,CALCULATED
CSTPOY2606003913,POY,27270,1,GAGAL - selalu unit_cost=1,3.056079,CALCULATED
CSTPOY2606003914,POY,27271,1,GAGAL - selalu unit_cost=1,3.056079,CALCULATED
CSTPOY2606003915,POY,27272,1,GAGAL - selalu unit_cost=1,3.056079,CALCULATED
CSTPOY2606003916,POY,27273,1,GAGAL - selalu unit_cost=1,3.056079,CALCULATED
CSTPOY2606003917,POY,27274,1,GAGAL - selalu unit_cost=1,3.056079,CALCULATED
CSTPOY2606003918,POY,27275,1,GAGAL - selalu unit_cost=1,3.045930,CALCULATED
CSTPOY2606003919,POY,27276,1,GAGAL - selalu unit_cost=1,3.056079,CALCULATED
CSTPOY2606003920,POY,27277,1,GAGAL - selalu unit_cost=1,3.056079,CALCULATED
CSTPOY2606003921,POY,27278,1,GAGAL - selalu unit_cost=1,3.045930,CALCULATED
CSTPOY2606003922,POY,27279,1,GAGAL - selalu unit_cost=1,3.056079,CALCULATED
CSTPOY2606003923,POY,27280,1,GAGAL - selalu unit_cost=1,3.056079,CALCULATED
CSTPOY2606003924,POY,27281,1,GAGAL - selalu unit_cost=1,3.045930,CALCULATED
CSTPOY2606003925,POY,27282,1,GAGAL - selalu unit_cost=1,3.045930,CALCULATED
CSTPOY2606003926,POY,27283,1,GAGAL - selalu unit_cost=1,3.056079,CALCULATED
CSTPOY2606003927,POY,27284,1,GAGAL - selalu unit_cost=1,3.015565,CALCULATED
CSTPOY2606003928,POY,27285,1,GAGAL - selalu unit_cost=1,3.056079,CALCULATED
CSTPOY2606003929,POY,27286,1,GAGAL - selalu unit_cost=1,3.056079,CALCULATED
CSTPOY2606003930,POY,27287,1,GAGAL - selalu unit_cost=1,3.056079,CALCULATED
CSTPOY2606003931,POY,27288,1,GAGAL - selalu unit_cost=1,3.056079,CALCULATED
CSTPOY2606003932,POY,27289,1,GAGAL - selalu unit_cost=1,3.056079,CALCULATED
CSTPOY2606003933,POY,27290,1,GAGAL - selalu unit_cost=1,3.056079,CALCULATED
CSTPOY2606003934,POY,27291,1,GAGAL - selalu unit_cost=1,3.056079,CALCULATED
CSTPOY2606003935,POY,27292,1,GAGAL - selalu unit_cost=1,3.056079,CALCULATED
CSTPOY2606003936,POY,27293,1,GAGAL - selalu unit_cost=1,3.056079,CALCULATED
CSTPOY2606003937,POY,27294,1,GAGAL - selalu unit_cost=1,3.056079,CALCULATED
CSTPOY2606003938,POY,27295,1,GAGAL - selalu unit_cost=1,3.056079,CALCULATED
CSTPOY2606003939,POY,27296,1,GAGAL - selalu unit_cost=1,3.056079,CALCULATED
CSTPOY2606003940,POY,27297,1,GAGAL - selalu unit_cost=1,3.056079,CALCULATED
CSTPOY2606003941,POY,27298,1,GAGAL - selalu unit_cost=1,3.056079,CALCULATED
CSTPOY2606003942,POY,27299,1,GAGAL - selalu unit_cost=1,3.015565,CALCULATED
CSTPOY2606003943,POY,27300,1,GAGAL - selalu unit_cost=1,3.015565,CALCULATED
CSTPOY2606003944,POY,27301,1,GAGAL - selalu unit_cost=1,3.056079,CALCULATED
CSTPOY2606003945,POY,27302,1,GAGAL - selalu unit_cost=1,3.015565,CALCULATED
CSTPOY2606003946,POY,27445,1,GAGAL - selalu unit_cost=1,1.348957,CALCULATED
CSTPOY2606003952,POY,27451,1,GAGAL - selalu unit_cost=1,1.684675,CALCULATED
CSTPOY2606003953,POY,27452,1,GAGAL - selalu unit_cost=1,1.402685,CALCULATED
CSTPOY2606003954,POY,27453,1,GAGAL - selalu unit_cost=1,1.528164,CALCULATED
CSTPOY2606003958,POY,27457,1,GAGAL - selalu unit_cost=1,1.618648,CALCULATED
CSTPOY2606003959,POY,27458,1,GAGAL - selalu unit_cost=1,3.339101,CALCULATED
CSTPOY2606003960,POY,27459,1,GAGAL - selalu unit_cost=1,3.333487,CALCULATED
CSTPOY2606003961,POY,27460,1,GAGAL - selalu unit_cost=1,3.334814,CALCULATED
CSTPOY2606003962,POY,27461,1,GAGAL - selalu unit_cost=1,3.324207,CALCULATED
CSTPOY2606003963,POY,27462,1,GAGAL - selalu unit_cost=1,3.319520,CALCULATED
CSTPOY2606003964,POY,27463,1,GAGAL - selalu unit_cost=1,3.334099,CALCULATED
CSTPOY2606003965,POY,27464,1,GAGAL - selalu unit_cost=1,1.491690,CALCULATED
CSTPOY2606003966,POY,27465,1,GAGAL - selalu unit_cost=1,1.340361,CALCULATED
CSTPOY2606003968,POY,27467,1,GAGAL - selalu unit_cost=1,1.375614,CALCULATED
CSTPOY2606003969,POY,27468,1,GAGAL - selalu unit_cost=1,1.252315,CALCULATED
CSTPOY2606003970,POY,27469,1,GAGAL - selalu unit_cost=1,1.688609,CALCULATED
CSTPOY2606003971,POY,27470,1,GAGAL - selalu unit_cost=1,1.806431,CALCULATED
CSTPOY2606003972,POY,27471,1,GAGAL - selalu unit_cost=1,3.090506,CALCULATED
CSTPOY2606003974,POY,27473,1,GAGAL - selalu unit_cost=1,3.351773,CALCULATED
CSTPOY2606003975,POY,27474,1,GAGAL - selalu unit_cost=1,1.639006,CALCULATED
CSTPOY2606003976,POY,27475,1,GAGAL - selalu unit_cost=1,3.241399,CALCULATED
CSTPOY2606003977,POY,27476,1,GAGAL - selalu unit_cost=1,3.158919,CALCULATED
CSTPOY2606003980,POY,27479,1,GAGAL - selalu unit_cost=1,1.439516,CALCULATED
CSTPOY2606003981,POY,27480,1,GAGAL - selalu unit_cost=1,2.952245,CALCULATED
CSTPOY2606003983,POY,27482,1,GAGAL - selalu unit_cost=1,1.307837,CALCULATED
CSTPOY2606003986,POY,27485,1,GAGAL - selalu unit_cost=1,1.373269,CALCULATED
CSTPOY2606003987,POY,27486,1,GAGAL - selalu unit_cost=1,1.374391,CALCULATED
CSTPOY2606003988,POY,27487,1,GAGAL - selalu unit_cost=1,2.902999,CALCULATED
CSTPOY2606003989,POY,27488,1,GAGAL - selalu unit_cost=1,1.362548,CALCULATED
CSTPOY2606003990,POY,27489,1,GAGAL - selalu unit_cost=1,1.573523,CALCULATED
CSTPOY2606003991,POY,27490,1,GAGAL - selalu unit_cost=1,3.897803,CALCULATED
CSTPOY2606003992,POY,27491,1,GAGAL - selalu unit_cost=1,3.918707,CALCULATED
CSTPOY2606003993,POY,27492,1,GAGAL - selalu unit_cost=1,3.905303,CALCULATED
CSTPOY2606003994,POY,27493,1,GAGAL - selalu unit_cost=1,3.900749,CALCULATED
CSTPOY2606003995,POY,27494,1,GAGAL - selalu unit_cost=1,1.264584,CALCULATED
CSTPOY2606003996,POY,27495,1,GAGAL - selalu unit_cost=1,1.297994,CALCULATED
CSTPOY2606003997,POY,27496,1,GAGAL - selalu unit_cost=1,1.276079,CALCULATED
CSTIDY2606000024,IDY,27526,1,GAGAL - selalu unit_cost=1,1.082201,CALCULATED
CSTIDY2606000025,IDY,27527,1,GAGAL - selalu unit_cost=1,1.127380,CALCULATED
CSTIDY2606000030,IDY,27532,1,GAGAL - selalu unit_cost=1,1.079981,CALCULATED
CSTIDY2606000056,IDY,27558,1,GAGAL - selalu unit_cost=1,1.132048,CALCULATED
CSTIDY2606000058,IDY,27560,1,GAGAL - selalu unit_cost=1,1.379257,CALCULATED
CSTIDY2606000063,IDY,27565,1,GAGAL - selalu unit_cost=1,1.091359,CALCULATED
CSTIDY2606000064,IDY,27566,1,GAGAL - selalu unit_cost=1,1.127380,CALCULATED
CSTIDY2606000093,IDY,27595,1,GAGAL - selalu unit_cost=1,1.083871,CALCULATED
CSTIDY2606000094,IDY,27596,1,GAGAL - selalu unit_cost=1,1.131482,CALCULATED
CSTIDY2606000096,IDY,27598,1,GAGAL - selalu unit_cost=1,1.092284,CALCULATED
CSTIDY2606000097,IDY,27599,1,GAGAL - selalu unit_cost=1,1.086541,CALCULATED
CSTPTY2606002622,PTY,27717,1,GAGAL - selalu unit_cost=1,1.328315,CALCULATED
CSTTCY2606000209,TCY,27777,1,GAGAL - selalu unit_cost=1,1.059850,CALCULATED
CSTTCY2606000210,TCY,27778,1,GAGAL - selalu unit_cost=1,1.024554,CALCULATED
CSTTCY2606000211,TCY,27779,1,GAGAL - selalu unit_cost=1,1.108070,CALCULATED
CSTTCY2606000212,TCY,27780,1,GAGAL - selalu unit_cost=1,1.063992,CALCULATED
CSTTCY2606000213,TCY,27781,1,GAGAL - selalu unit_cost=1,1.091506,CALCULATED
CSTTCY2606000215,TCY,27783,1,GAGAL - selalu unit_cost=1,1.080026,CALCULATED
CSTTCY2606000216,TCY,27784,1,GAGAL - selalu unit_cost=1,1.024541,CALCULATED
CSTTCY2606000217,TCY,27785,1,GAGAL - selalu unit_cost=1,1.114294,CALCULATED
CSTTCY2606000223,TCY,27791,1,GAGAL - selalu unit_cost=1,1.061863,CALCULATED
CSTTCY2606000225,TCY,27793,1,GAGAL - selalu unit_cost=1,1.024538,CALCULATED
CSTTCY2606000227,TCY,27795,1,GAGAL - selalu unit_cost=1,1.108070,CALCULATED
CSTTCY2606000229,TCY,27797,1,GAGAL - selalu unit_cost=1,1.064002,CALCULATED
CSTTCY2606000231,TCY,27799,1,GAGAL - selalu unit_cost=1,1.091506,CALCULATED
CSTTCY2606000232,TCY,27800,1,GAGAL - selalu unit_cost=1,1.059942,CALCULATED
CSTTCY2606000234,TCY,27802,1,GAGAL - selalu unit_cost=1,1.059942,CALCULATED
CSTTCY2606000235,TCY,27803,1,GAGAL - selalu unit_cost=1,1.108158,CALCULATED
CSTTCY2606000237,TCY,27805,1,GAGAL - selalu unit_cost=1,1.108158,CALCULATED
CSTTCY2606000238,TCY,27806,1,GAGAL - selalu unit_cost=1,1.062851,CALCULATED
CSTTCY2606000240,TCY,27808,1,GAGAL - selalu unit_cost=1,1.062851,CALCULATED
CSTTCY2606000241,TCY,27809,1,GAGAL - selalu unit_cost=1,1.091506,CALCULATED
CSTTCY2606000243,TCY,27811,1,GAGAL - selalu unit_cost=1,1.091506,CALCULATED
CSTTTY2606000480,TTY,27813,1,GAGAL - selalu unit_cost=1,1.059942,CALCULATED
CSTTTY2606000481,TTY,27814,1,GAGAL - selalu unit_cost=1,1.024507,CALCULATED
CSTTTY2606000484,TTY,27817,1,GAGAL - selalu unit_cost=1,1.108158,CALCULATED
CSTTTY2606000487,TTY,27820,1,GAGAL - selalu unit_cost=1,1.062851,CALCULATED
CSTTTY2606000488,TTY,27821,1,GAGAL - selalu unit_cost=1,1.091506,CALCULATED
CSTTTY2606000491,TTY,27824,1,GAGAL - selalu unit_cost=1,1.118372,CALCULATED
CSTTTY2606000492,TTY,27825,1,GAGAL - selalu unit_cost=1,1.118372,CALCULATED
CSTTTY2606000493,TTY,27826,1,GAGAL - selalu unit_cost=1,1.118372,CALCULATED
CSTTTY2606000494,TTY,27827,1,GAGAL - selalu unit_cost=1,1.084307,CALCULATED
CSTTTY2606000495,TTY,27828,1,GAGAL - selalu unit_cost=1,1.084307,CALCULATED
CSTTTY2606000496,TTY,27829,1,GAGAL - selalu unit_cost=1,1.084307,CALCULATED
CSTTTY2606000498,TTY,27831,1,GAGAL - selalu unit_cost=1,1.080072,CALCULATED
CSTTTY2606000499,TTY,27832,1,GAGAL - selalu unit_cost=1,1.024507,CALCULATED
CSTTTY2606000500,TTY,27833,1,GAGAL - selalu unit_cost=1,1.108158,CALCULATED
CSTTTY2606000501,TTY,27834,1,GAGAL - selalu unit_cost=1,1.103111,CALCULATED
CSTTTY2606000504,TTY,27837,1,GAGAL - selalu unit_cost=1,1.064176,CALCULATED
CSTTTY2606000510,TTY,27843,1,GAGAL - selalu unit_cost=1,1.118372,CALCULATED
CSTTTY2606000511,TTY,27844,1,GAGAL - selalu unit_cost=1,1.084307,CALCULATED
CSTTTY2606000512,TTY,27845,1,GAGAL - selalu unit_cost=1,1.171900,CALCULATED
CSTTTY2606000513,TTY,27846,1,GAGAL - selalu unit_cost=1,1.115457,CALCULATED
CSTTTY2606000515,TTY,27848,1,GAGAL - selalu unit_cost=1,1.024507,CALCULATED
CSTTTY2606000516,TTY,27849,1,GAGAL - selalu unit_cost=1,1.108158,CALCULATED
CSTTTY2606000517,TTY,27850,1,GAGAL - selalu unit_cost=1,1.062851,CALCULATED
CSTTTY2606000518,TTY,27851,1,GAGAL - selalu unit_cost=1,1.091506,CALCULATED
CSTTTY2606000519,TTY,27852,1,GAGAL - selalu unit_cost=1,1.024507,CALCULATED
CSTTTY2606000521,TTY,27854,1,GAGAL - selalu unit_cost=1,1.024507,CALCULATED
CSTTTY2606000523,TTY,27856,1,GAGAL - selalu unit_cost=1,1.080164,CALCULATED
CSTTTY2606000524,TTY,27857,1,GAGAL - selalu unit_cost=1,1.024507,CALCULATED
CSTTTY2606000525,TTY,27858,1,GAGAL - selalu unit_cost=1,1.108247,CALCULATED
CSTTTY2606000526,TTY,27859,1,GAGAL - selalu unit_cost=1,1.114289,CALCULATED
CSTTTY2606000527,TTY,27860,1,GAGAL - selalu unit_cost=1,1.094371,CALCULATED
CSTTTY2606000532,TTY,27865,1,GAGAL - selalu unit_cost=1,1.060034,CALCULATED
CSTTTY2606000533,TTY,27866,1,GAGAL - selalu unit_cost=1,1.024507,CALCULATED
CSTTTY2606000534,TTY,27867,1,GAGAL - selalu unit_cost=1,1.108247,CALCULATED
CSTTTY2606000535,TTY,27868,1,GAGAL - selalu unit_cost=1,1.062860,CALCULATED
CSTTTY2606000536,TTY,27869,1,GAGAL - selalu unit_cost=1,1.091506,CALCULATED
CSTTTY2606000542,TTY,27875,1,GAGAL - selalu unit_cost=1,1.108114,CALCULATED
CSTTTY2606000543,TTY,27876,1,GAGAL - selalu unit_cost=1,1.131701,CALCULATED
CSTTTY2606000544,TTY,27877,1,GAGAL - selalu unit_cost=1,1.118372,CALCULATED
CSTTTY2606000545,TTY,27878,1,GAGAL - selalu unit_cost=1,1.118372,CALCULATED
CSTTTY2606000546,TTY,27879,1,GAGAL - selalu unit_cost=1,1.118372,CALCULATED
CSTTTY2606000547,TTY,27880,1,GAGAL - selalu unit_cost=1,1.084307,CALCULATED
CSTTTY2606000548,TTY,27881,1,GAGAL - selalu unit_cost=1,1.084307,CALCULATED
CSTTTY2606000549,TTY,27882,1,GAGAL - selalu unit_cost=1,1.084307,CALCULATED
CSTPTS2606000002,PTS,27890,1,GAGAL - selalu unit_cost=1,1.741531,CALCULATED
CSTPTS2606000010,PTS,27898,1,GAGAL - selalu unit_cost=1,1.744542,CALCULATED
CSTTCS2606000020,TCS,27942,1,GAGAL - selalu unit_cost=1,1.101358,CALCULATED
CSTTCS2606000190,TCS,28112,1,GAGAL - selalu unit_cost=1,1.747467,CALCULATED
CSTATY2606000304,ATY,28148,1,GAGAL - selalu unit_cost=1,1.054009,CALCULATED
CSTATY2606000305,ATY,28149,1,GAGAL - selalu unit_cost=1,1.043858,CALCULATED
CSTATY2606000306,ATY,28150,1,GAGAL - selalu unit_cost=1,1.117996,CALCULATED
CSTATY2606000043,ATY,28151,1,GAGAL - selalu unit_cost=1,1.117996,CALCULATED
CSTFDY2606000015,FDY,28166,1,GAGAL - selalu unit_cost=1,1.579018,CALCULATED
CSTPTY2606002625,PTY,28177,1,GAGAL - selalu unit_cost=1,1.081109,CALCULATED
CSTPTY2606002626,PTY,28178,1,GAGAL - selalu unit_cost=1,1.081109,CALCULATED
CSTPTY2606002628,PTY,28180,1,GAGAL - selalu unit_cost=1,1.140412,CALCULATED
CSTPTY2606002629,PTY,28181,1,GAGAL - selalu unit_cost=1,1.078383,CALCULATED
CSTPTY2606002630,PTY,28182,1,GAGAL - selalu unit_cost=1,1.078383,CALCULATED
CSTPTY2606002631,PTY,28183,1,GAGAL - selalu unit_cost=1,1.078383,CALCULATED
CSTPTY2606002635,PTY,28187,1,GAGAL - selalu unit_cost=1,1.078383,CALCULATED
CSTPTY2606002638,PTY,28190,1,GAGAL - selalu unit_cost=1,1.078383,CALCULATED
CSTPTY2606002639,PTY,28191,1,GAGAL - selalu unit_cost=1,1.078383,CALCULATED
CSTPTY2606002645,PTY,28197,1,GAGAL - selalu unit_cost=1,1.054227,CALCULATED
CSTPTY2606002648,PTY,28200,1,GAGAL - selalu unit_cost=1,1.054227,CALCULATED
CSTPTY2606002651,PTY,28203,1,GAGAL - selalu unit_cost=1,1.054227,CALCULATED
CSTPTY2606002652,PTY,28204,1,GAGAL - selalu unit_cost=1,1.054227,CALCULATED
CSTPTY2606002653,PTY,28205,1,GAGAL - selalu unit_cost=1,1.078383,CALCULATED
CSTPTY2606002654,PTY,28206,1,GAGAL - selalu unit_cost=1,1.078383,CALCULATED
CSTPTY2606002655,PTY,28207,1,GAGAL - selalu unit_cost=1,1.078383,CALCULATED
CSTPTY2606002656,PTY,28208,1,GAGAL - selalu unit_cost=1,1.078383,CALCULATED
CSTPTY2606002657,PTY,28209,1,GAGAL - selalu unit_cost=1,1.078383,CALCULATED
CSTPTY2606002658,PTY,28210,1,GAGAL - selalu unit_cost=1,1.078383,CALCULATED
CSTPTY2606002662,PTY,28214,1,GAGAL - selalu unit_cost=1,1.078383,CALCULATED
CSTPTY2606002663,PTY,28215,1,GAGAL - selalu unit_cost=1,1.078383,CALCULATED
CSTPTY2606002664,PTY,28216,1,GAGAL - selalu unit_cost=1,1.078383,CALCULATED
CSTPTY2606002668,PTY,28220,1,GAGAL - selalu unit_cost=1,1.078383,CALCULATED
CSTPTY2606002672,PTY,28224,1,GAGAL - selalu unit_cost=1,1.082560,CALCULATED
CSTPTY2606002682,PTY,28234,1,GAGAL - selalu unit_cost=1,1.171010,CALCULATED
CSTPTY2606002683,PTY,28235,1,GAGAL - selalu unit_cost=1,1.089359,CALCULATED
CSTPTY2606002684,PTY,28236,1,GAGAL - selalu unit_cost=1,1.089359,CALCULATED
CSTPTY2606002685,PTY,28237,1,GAGAL - selalu unit_cost=1,1.089359,CALCULATED
CSTPTY2606002686,PTY,28238,1,GAGAL - selalu unit_cost=1,1.089359,CALCULATED
CSTPTY2606002689,PTY,28241,1,GAGAL - selalu unit_cost=1,1.139569,CALCULATED
CSTPTY2606002691,PTY,28243,1,GAGAL - selalu unit_cost=1,1.078383,CALCULATED
CSTPTY2606002695,PTY,28247,1,GAGAL - selalu unit_cost=1,1.084251,CALCULATED
CSTPTY2606002696,PTY,28248,1,GAGAL - selalu unit_cost=1,1.108407,CALCULATED
CSTPTY2606002701,PTY,28253,1,GAGAL - selalu unit_cost=1,1.139569,CALCULATED
CSTPTY2606002713,PTY,28265,1,GAGAL - selalu unit_cost=1,1.153187,CALCULATED
CSTPTY2606002715,PTY,28267,1,GAGAL - selalu unit_cost=1,1.152138,CALCULATED
CSTPTY2606002734,PTY,28286,1,GAGAL - selalu unit_cost=1,1.070376,CALCULATED
CSTPTY2606002735,PTY,28287,1,GAGAL - selalu unit_cost=1,1.070376,CALCULATED
CSTPTY2606002736,PTY,28288,1,GAGAL - selalu unit_cost=1,1.094423,CALCULATED
CSTPTY2606002737,PTY,28289,1,GAGAL - selalu unit_cost=1,1.290166,CALCULATED
CSTPTY2606002738,PTY,28290,1,GAGAL - selalu unit_cost=1,1.106947,CALCULATED
CSTPTY2606002739,PTY,28291,1,GAGAL - selalu unit_cost=1,1.106947,CALCULATED
CSTPTY2606002740,PTY,28292,1,GAGAL - selalu unit_cost=1,1.106947,CALCULATED
CSTPTY2606002741,PTY,28293,1,GAGAL - selalu unit_cost=1,1.106947,CALCULATED
CSTPTY2606002742,PTY,28294,1,GAGAL - selalu unit_cost=1,1.106947,CALCULATED
CSTPTY2606002743,PTY,28295,1,GAGAL - selalu unit_cost=1,1.106947,CALCULATED
CSTPTY2606002744,PTY,28296,1,GAGAL - selalu unit_cost=1,1.106947,CALCULATED
CSTPTY2606002745,PTY,28297,1,GAGAL - selalu unit_cost=1,1.106947,CALCULATED
CSTPTY2606002751,PTY,28303,1,GAGAL - selalu unit_cost=1,1.106947,CALCULATED
CSTPTY2606002754,PTY,28306,1,GAGAL - selalu unit_cost=1,1.097048,CALCULATED
CSTPTY2606002762,PTY,28314,1,GAGAL - selalu unit_cost=1,1.166637,CALCULATED
CSTPTY2606002764,PTY,28316,1,GAGAL - selalu unit_cost=1,1.051471,CALCULATED
CSTPTY2606002765,PTY,28317,1,GAGAL - selalu unit_cost=1,1.145498,CALCULATED
CSTPTY2606002766,PTY,28318,1,GAGAL - selalu unit_cost=1,1.145498,CALCULATED
CSTPTY2606002771,PTY,28323,1,GAGAL - selalu unit_cost=1,1.108407,CALCULATED
CSTPTY2606002772,PTY,28324,1,GAGAL - selalu unit_cost=1,1.078383,CALCULATED
CSTPTY2606002778,PTY,28330,1,GAGAL - selalu unit_cost=1,1.108980,CALCULATED
CSTPTY2606002779,PTY,28331,1,GAGAL - selalu unit_cost=1,1.108980,CALCULATED
CSTPTY2606002780,PTY,28332,1,GAGAL - selalu unit_cost=1,1.108980,CALCULATED
CSTPTY2606002781,PTY,28333,1,GAGAL - selalu unit_cost=1,1.140412,CALCULATED
CSTPTY2606002782,PTY,28334,1,GAGAL - selalu unit_cost=1,1.140412,CALCULATED
CSTPTY2606002784,PTY,28336,1,GAGAL - selalu unit_cost=1,1.133741,CALCULATED
CSTPTY2606002790,PTY,28342,1,GAGAL - selalu unit_cost=1,1.179655,CALCULATED
CSTPTY2606002792,PTY,28344,1,GAGAL - selalu unit_cost=1,1.156744,CALCULATED
CSTPTY2606002793,PTY,28345,1,GAGAL - selalu unit_cost=1,1.170792,CALCULATED
CSTPTY2606002798,PTY,28350,1,GAGAL - selalu unit_cost=1,1.147765,CALCULATED
CSTPTY2606002803,PTY,28355,1,GAGAL - selalu unit_cost=1,1.175252,CALCULATED
CSTPTY2606002804,PTY,28356,1,GAGAL - selalu unit_cost=1,1.175252,CALCULATED
CSTPTY2606002808,PTY,28360,1,GAGAL - selalu unit_cost=1,1.197235,CALCULATED
CSTPTY2606002809,PTY,28361,1,GAGAL - selalu unit_cost=1,1.197235,CALCULATED
CSTPTY2606002810,PTY,28362,1,GAGAL - selalu unit_cost=1,1.210923,CALCULATED
CSTPTY2606002811,PTY,28363,1,GAGAL - selalu unit_cost=1,1.210923,CALCULATED
CSTPTY2606002812,PTY,28364,1,GAGAL - selalu unit_cost=1,1.210923,CALCULATED
CSTPTY2606002813,PTY,28365,1,GAGAL - selalu unit_cost=1,1.210923,CALCULATED
CSTPTY2606002814,PTY,28366,1,GAGAL - selalu unit_cost=1,1.210923,CALCULATED
CSTPTY2606002815,PTY,28367,1,GAGAL - selalu unit_cost=1,1.210923,CALCULATED
CSTPTY2606002827,PTY,28384,1,GAGAL - selalu unit_cost=1,1.181535,CALCULATED
CSTPTY2606002830,PTY,28387,1,GAGAL - selalu unit_cost=1,1.104892,CALCULATED
CSTPTY2606005200,PTY,28396,1,GAGAL - selalu unit_cost=1,1.117614,CALCULATED
CSTPTY2606005201,PTY,28397,1,GAGAL - selalu unit_cost=1,1.065607,CALCULATED
CSTPTY2606005202,PTY,28398,1,GAGAL - selalu unit_cost=1,1.197911,CALCULATED
CSTPTY2606005204,PTY,28400,1,GAGAL - selalu unit_cost=1,1.046124,CALCULATED
CSTPTY2606005209,PTY,28405,1,GAGAL - selalu unit_cost=1,1.160590,CALCULATED
CSTPTY2606005210,PTY,28406,1,GAGAL - selalu unit_cost=1,1.126279,CALCULATED
CSTPTY2606005211,PTY,28407,1,GAGAL - selalu unit_cost=1,1.095048,CALCULATED
CSTPTY2606005214,PTY,28410,1,GAGAL - selalu unit_cost=1,1.177642,CALCULATED
CSTPTY2606005217,PTY,28413,1,GAGAL - selalu unit_cost=1,1.145180,CALCULATED
CSTPTY2606005219,PTY,28415,1,GAGAL - selalu unit_cost=1,1.170079,CALCULATED
CSTPTY2606005220,PTY,28416,1,GAGAL - selalu unit_cost=1,1.131361,CALCULATED
CSTPTY2606005221,PTY,28417,1,GAGAL - selalu unit_cost=1,1.131361,CALCULATED
CSTPTY2606005222,PTY,28418,1,GAGAL - selalu unit_cost=1,1.210564,CALCULATED
CSTPTY2606005224,PTY,28420,1,GAGAL - selalu unit_cost=1,1.131361,CALCULATED
CSTPTY2606005225,PTY,28421,1,GAGAL - selalu unit_cost=1,1.210564,CALCULATED
CSTPTY2606005226,PTY,28422,1,GAGAL - selalu unit_cost=1,1.163832,CALCULATED
CSTPTY2606005233,PTY,28429,1,GAGAL - selalu unit_cost=1,1.089544,CALCULATED
CSTPTY2606005234,PTY,28430,1,GAGAL - selalu unit_cost=1,1.143783,CALCULATED
CSTPTY2606005235,PTY,28431,1,GAGAL - selalu unit_cost=1,1.154211,CALCULATED
CSTPTY2606005237,PTY,28433,1,GAGAL - selalu unit_cost=1,1.154861,CALCULATED
CSTPTY2606005238,PTY,28434,1,GAGAL - selalu unit_cost=1,1.143947,CALCULATED
CSTPTY2606005240,PTY,28436,1,GAGAL - selalu unit_cost=1,1.151221,CALCULATED
CSTPTY2606005243,PTY,28439,1,GAGAL - selalu unit_cost=1,1.125793,CALCULATED
CSTPTY2606005253,PTY,28449,1,GAGAL - selalu unit_cost=1,1.090624,CALCULATED
CSTPTY2606005254,PTY,28450,1,GAGAL - selalu unit_cost=1,1.481756,CALCULATED
CSTPTY2606005255,PTY,28451,1,GAGAL - selalu unit_cost=1,1.044130,CALCULATED
CSTPTY2606005257,PTY,28453,1,GAGAL - selalu unit_cost=1,1.068427,CALCULATED
CSTPTY2606005258,PTY,28454,1,GAGAL - selalu unit_cost=1,1.261169,CALCULATED
CSTPTY2606005260,PTY,28456,1,GAGAL - selalu unit_cost=1,1.076506,CALCULATED
CSTPTY2606005261,PTY,28457,1,GAGAL - selalu unit_cost=1,1.076506,CALCULATED
CSTPTY2606005262,PTY,28458,1,GAGAL - selalu unit_cost=1,1.086628,CALCULATED
CSTPTY2606005263,PTY,28459,1,GAGAL - selalu unit_cost=1,1.086628,CALCULATED
CSTPTY2606005264,PTY,28460,1,GAGAL - selalu unit_cost=1,1.086628,CALCULATED
CSTPTY2606005265,PTY,28461,1,GAGAL - selalu unit_cost=1,1.079018,CALCULATED
CSTPTY2606005266,PTY,28462,1,GAGAL - selalu unit_cost=1,1.079018,CALCULATED
CSTPTY2606005267,PTY,28463,1,GAGAL - selalu unit_cost=1,1.079018,CALCULATED
CSTPTY2606005268,PTY,28464,1,GAGAL - selalu unit_cost=1,1.141213,CALCULATED
CSTPTY2606005269,PTY,28465,1,GAGAL - selalu unit_cost=1,1.133603,CALCULATED
CSTPTY2606005270,PTY,28466,1,GAGAL - selalu unit_cost=1,1.161416,CALCULATED
CSTPTY2606005271,PTY,28467,1,GAGAL - selalu unit_cost=1,1.135960,CALCULATED
CSTPTY2606005272,PTY,28468,1,GAGAL - selalu unit_cost=1,1.069733,CALCULATED
CSTPTY2606005273,PTY,28469,1,GAGAL - selalu unit_cost=1,1.081043,CALCULATED
CSTPTY2606005276,PTY,28472,1,GAGAL - selalu unit_cost=1,1.132943,CALCULATED
CSTPTY2606005277,PTY,28473,1,GAGAL - selalu unit_cost=1,1.132943,CALCULATED
CSTPTY2606005278,PTY,28474,1,GAGAL - selalu unit_cost=1,1.148592,CALCULATED
CSTPTY2606005279,PTY,28475,1,GAGAL - selalu unit_cost=1,1.148592,CALCULATED
CSTPTY2606005280,PTY,28476,1,GAGAL - selalu unit_cost=1,1.078106,CALCULATED
CSTPTY2606005281,PTY,28477,1,GAGAL - selalu unit_cost=1,1.078106,CALCULATED
CSTPTY2606005282,PTY,28478,1,GAGAL - selalu unit_cost=1,1.078106,CALCULATED
CSTPTY2606005285,PTY,28481,1,GAGAL - selalu unit_cost=1,1.038799,CALCULATED
CSTPTY2606005286,PTY,28482,1,GAGAL - selalu unit_cost=1,1.038799,CALCULATED
CSTPTY2606005289,PTY,28485,1,GAGAL - selalu unit_cost=1,1.050110,CALCULATED
CSTPTY2606005290,PTY,28486,1,GAGAL - selalu unit_cost=1,1.050110,CALCULATED
CSTPTY2606005291,PTY,28487,1,GAGAL - selalu unit_cost=1,1.050110,CALCULATED
CSTPTY2606005292,PTY,28488,1,GAGAL - selalu unit_cost=1,1.160993,CALCULATED
CSTPTY2606005293,PTY,28489,1,GAGAL - selalu unit_cost=1,1.062140,CALCULATED
CSTPTY2606005312,PTY,28508,1,GAGAL - selalu unit_cost=1,1.120010,CALCULATED
CSTPTY2606005313,PTY,28509,1,GAGAL - selalu unit_cost=1,1.128756,CALCULATED
CSTPTY2606005315,PTY,28511,1,GAGAL - selalu unit_cost=1,1.058406,CALCULATED
CSTPTY2606005316,PTY,28512,1,GAGAL - selalu unit_cost=1,1.058406,CALCULATED
CSTPTY2606005317,PTY,28513,1,GAGAL - selalu unit_cost=1,1.058406,CALCULATED
CSTPTY2606005318,PTY,28514,1,GAGAL - selalu unit_cost=1,1.058406,CALCULATED
CSTPTY2606005319,PTY,28515,1,GAGAL - selalu unit_cost=1,1.058406,CALCULATED
CSTPTY2606005320,PTY,28516,1,GAGAL - selalu unit_cost=1,1.058406,CALCULATED
CSTPTY2606005321,PTY,28517,1,GAGAL - selalu unit_cost=1,1.058406,CALCULATED
CSTPTY2606005322,PTY,28518,1,GAGAL - selalu unit_cost=1,1.060152,CALCULATED
CSTPTY2606005323,PTY,28519,1,GAGAL - selalu unit_cost=1,1.060152,CALCULATED
CSTPTY2606005324,PTY,28520,1,GAGAL - selalu unit_cost=1,1.060152,CALCULATED
CSTPTY2606005325,PTY,28521,1,GAGAL - selalu unit_cost=1,1.115536,CALCULATED
CSTPTY2606005326,PTY,28522,1,GAGAL - selalu unit_cost=1,1.115536,CALCULATED
CSTPTY2606005327,PTY,28523,1,GAGAL - selalu unit_cost=1,1.115536,CALCULATED
CSTPTY2606005333,PTY,28529,1,GAGAL - selalu unit_cost=1,1.056887,CALCULATED
CSTPTY2606005335,PTY,28531,1,GAGAL - selalu unit_cost=1,1.098156,CALCULATED
CSTPTY2606005336,PTY,28532,1,GAGAL - selalu unit_cost=1,1.098156,CALCULATED
CSTPTY2606005337,PTY,28533,1,GAGAL - selalu unit_cost=1,1.058667,CALCULATED
CSTPTY2606005338,PTY,28534,1,GAGAL - selalu unit_cost=1,1.059628,CALCULATED
CSTPTY2606005339,PTY,28535,1,GAGAL - selalu unit_cost=1,1.063287,CALCULATED
CSTPTY2606005340,PTY,28536,1,GAGAL - selalu unit_cost=1,1.108787,CALCULATED
CSTPTY2606005342,PTY,28538,1,GAGAL - selalu unit_cost=1,1.136989,CALCULATED
CSTPTY2606005344,PTY,28540,1,GAGAL - selalu unit_cost=1,1.136923,CALCULATED
CSTPTY2606005345,PTY,28541,1,GAGAL - selalu unit_cost=1,1.067737,CALCULATED
CSTPTY2606005346,PTY,28542,1,GAGAL - selalu unit_cost=1,1.140307,CALCULATED
CSTPTY2606005350,PTY,28546,1,GAGAL - selalu unit_cost=1,1.109200,CALCULATED
CSTPTY2606005351,PTY,28547,1,GAGAL - selalu unit_cost=1,1.077573,CALCULATED
CSTPTY2606005356,PTY,28552,1,GAGAL - selalu unit_cost=1,1.261120,CALCULATED
CSTPTY2606005358,PTY,28554,1,GAGAL - selalu unit_cost=1,1.081043,CALCULATED
CSTPTY2606005359,PTY,28555,1,GAGAL - selalu unit_cost=1,1.110367,CALCULATED
CSTPTY2606005362,PTY,28558,1,GAGAL - selalu unit_cost=1,1.113713,CALCULATED
CSTPTY2606005364,PTY,28560,1,GAGAL - selalu unit_cost=1,1.047303,CALCULATED
CSTPTY2606005365,PTY,28561,1,GAGAL - selalu unit_cost=1,1.092388,CALCULATED
CSTPTY2606005368,PTY,28564,1,GAGAL - selalu unit_cost=1,1.161067,CALCULATED
CSTPTY2606005369,PTY,28565,1,GAGAL - selalu unit_cost=1,1.091163,CALCULATED
CSTPTY2606005371,PTY,28567,1,GAGAL - selalu unit_cost=1,1.131361,CALCULATED
CSTPTY2606005372,PTY,28568,1,GAGAL - selalu unit_cost=1,1.200763,CALCULATED
CSTPTY2606005379,PTY,28575,1,GAGAL - selalu unit_cost=1,1.139769,CALCULATED
CSTPTY2606005380,PTY,28576,1,GAGAL - selalu unit_cost=1,1.090624,CALCULATED
CSTPTY2606005381,PTY,28577,1,GAGAL - selalu unit_cost=1,1.099075,CALCULATED
CSTPTY2606005384,PTY,28580,1,GAGAL - selalu unit_cost=1,1.128945,CALCULATED
CSTPTY2606005387,PTY,28583,1,GAGAL - selalu unit_cost=1,1.124274,CALCULATED
CSTPTY2606005388,PTY,28584,1,GAGAL - selalu unit_cost=1,1.072346,CALCULATED
CSTPOY2606000749,POY,836,1,GAGAL - selalu unit_cost=1,3.024668,CALCULATED
CSTPOY2606000005,POY,92,1,GAGAL - selalu unit_cost=1,2.993137,CALCULATED
CSTPOY2606000006,POY,93,1,GAGAL - selalu unit_cost=1,3.009391,CALCULATED
CSTPOY2606000010,POY,97,1,GAGAL - selalu unit_cost=1,1.811391,CALCULATED
CSTPOY2606000016,POY,103,1,GAGAL - selalu unit_cost=1,2.990251,CALCULATED
CSTPOY2606000018,POY,105,1,GAGAL - selalu unit_cost=1,3.927356,CALCULATED
CSTPOY2606000019,POY,106,1,GAGAL - selalu unit_cost=1,1.776393,CALCULATED
CSTPOY2606000021,POY,108,1,GAGAL - selalu unit_cost=1,1.584015,CALCULATED
CSTPOY2606000022,POY,109,1,GAGAL - selalu unit_cost=1,1.573090,CALCULATED
CSTPOY2606000031,POY,118,1,GAGAL - selalu unit_cost=1,1.657869,CALCULATED
CSTPOY2606000032,POY,119,1,GAGAL - selalu unit_cost=1,1.672696,CALCULATED
CSTPOY2606000033,POY,120,1,GAGAL - selalu unit_cost=1,1.581539,CALCULATED
CSTPOY2606000038,POY,125,1,GAGAL - selalu unit_cost=1,3.269472,CALCULATED
CSTPOY2606000044,POY,131,1,GAGAL - selalu unit_cost=1,3.141018,CALCULATED
CSTPOY2606000045,POY,132,1,GAGAL - selalu unit_cost=1,3.121109,CALCULATED
CSTPOY2606000046,POY,133,1,GAGAL - selalu unit_cost=1,3.141018,CALCULATED
CSTPOY2606000047,POY,134,1,GAGAL - selalu unit_cost=1,3.141018,CALCULATED
CSTPOY2606000048,POY,135,1,GAGAL - selalu unit_cost=1,3.150993,CALCULATED
CSTPOY2606000049,POY,136,1,GAGAL - selalu unit_cost=1,3.121109,CALCULATED
CSTPOY2606000050,POY,137,1,GAGAL - selalu unit_cost=1,3.131056,CALCULATED
CSTPOY2606000051,POY,138,1,GAGAL - selalu unit_cost=1,3.121109,CALCULATED
CSTPOY2606000052,POY,139,1,GAGAL - selalu unit_cost=1,3.148997,CALCULATED
CSTPOY2606000053,POY,140,1,GAGAL - selalu unit_cost=1,3.086408,CALCULATED
CSTPOY2606000054,POY,141,1,GAGAL - selalu unit_cost=1,3.150993,CALCULATED
CSTPOY2606000055,POY,142,1,GAGAL - selalu unit_cost=1,3.150993,CALCULATED
CSTPOY2606000056,POY,143,1,GAGAL - selalu unit_cost=1,3.111175,CALCULATED
CSTPOY2606000057,POY,144,1,GAGAL - selalu unit_cost=1,3.160081,CALCULATED
CSTPOY2606000058,POY,145,1,GAGAL - selalu unit_cost=1,3.146802,CALCULATED
CSTPOY2606000059,POY,146,1,GAGAL - selalu unit_cost=1,3.154188,CALCULATED
CSTPOY2606000060,POY,147,1,GAGAL - selalu unit_cost=1,3.132351,CALCULATED
CSTPOY2606000061,POY,148,1,GAGAL - selalu unit_cost=1,3.143909,CALCULATED
CSTPOY2606000062,POY,149,1,GAGAL - selalu unit_cost=1,3.159482,CALCULATED
CSTPOY2606000063,POY,150,1,GAGAL - selalu unit_cost=1,3.156784,CALCULATED
CSTPOY2606000064,POY,151,1,GAGAL - selalu unit_cost=1,3.140021,CALCULATED
CSTPOY2606000065,POY,152,1,GAGAL - selalu unit_cost=1,3.150993,CALCULATED
CSTPOY2606000066,POY,153,1,GAGAL - selalu unit_cost=1,3.138028,CALCULATED
CSTPOY2606000067,POY,154,1,GAGAL - selalu unit_cost=1,3.141018,CALCULATED
CSTPOY2606000068,POY,155,1,GAGAL - selalu unit_cost=1,3.150993,CALCULATED
CSTPOY2606000069,POY,156,1,GAGAL - selalu unit_cost=1,3.111175,CALCULATED
CSTPOY2606000070,POY,157,1,GAGAL - selalu unit_cost=1,3.111175,CALCULATED
CSTPOY2606000071,POY,158,1,GAGAL - selalu unit_cost=1,3.111175,CALCULATED
CSTPOY2606000072,POY,159,1,GAGAL - selalu unit_cost=1,3.111175,CALCULATED
CSTPOY2606000074,POY,161,1,GAGAL - selalu unit_cost=1,1.518694,CALCULATED
CSTPOY2606000080,POY,167,1,GAGAL - selalu unit_cost=1,1.463304,CALCULATED
CSTPOY2606000082,POY,169,1,GAGAL - selalu unit_cost=1,1.353122,CALCULATED
CSTPOY2606000091,POY,178,1,GAGAL - selalu unit_cost=1,1.372446,CALCULATED
CSTPOY2606000092,POY,179,1,GAGAL - selalu unit_cost=1,1.362485,CALCULATED
CSTPOY2606000093,POY,180,1,GAGAL - selalu unit_cost=1,1.362485,CALCULATED
CSTPOY2606000094,POY,181,1,GAGAL - selalu unit_cost=1,1.341613,CALCULATED
CSTPOY2606000103,POY,190,1,GAGAL - selalu unit_cost=1,3.033148,CALCULATED
CSTPOY2606000104,POY,191,1,GAGAL - selalu unit_cost=1,3.023471,CALCULATED
CSTPOY2606000105,POY,192,1,GAGAL - selalu unit_cost=1,3.035144,CALCULATED
CSTPOY2606000106,POY,193,1,GAGAL - selalu unit_cost=1,3.026662,CALCULATED
CSTPOY2606000107,POY,194,1,GAGAL - selalu unit_cost=1,3.026662,CALCULATED
CSTPOY2606000110,POY,197,1,GAGAL - selalu unit_cost=1,3.033148,CALCULATED
CSTPOY2606000120,POY,207,1,GAGAL - selalu unit_cost=1,3.033647,CALCULATED
CSTPOY2606000121,POY,208,1,GAGAL - selalu unit_cost=1,3.024668,CALCULATED
CSTPOY2606000123,POY,210,1,GAGAL - selalu unit_cost=1,3.035644,CALCULATED
CSTPOY2606000128,POY,215,1,GAGAL - selalu unit_cost=1,3.031850,CALCULATED
CSTPOY2606000129,POY,216,1,GAGAL - selalu unit_cost=1,3.010224,CALCULATED
CSTPOY2606000132,POY,219,1,GAGAL - selalu unit_cost=1,3.028458,CALCULATED
CSTPOY2606000133,POY,220,1,GAGAL - selalu unit_cost=1,3.032649,CALCULATED
CSTPOY2606000134,POY,221,1,GAGAL - selalu unit_cost=1,3.032649,CALCULATED
CSTPOY2606000135,POY,222,1,GAGAL - selalu unit_cost=1,3.032150,CALCULATED
CSTPOY2606000136,POY,223,1,GAGAL - selalu unit_cost=1,3.032649,CALCULATED
CSTPOY2606000137,POY,224,1,GAGAL - selalu unit_cost=1,3.034845,CALCULATED
CSTPOY2606000138,POY,225,1,GAGAL - selalu unit_cost=1,3.027660,CALCULATED
CSTPOY2606000139,POY,226,1,GAGAL - selalu unit_cost=1,3.027660,CALCULATED
CSTPOY2606000140,POY,227,1,GAGAL - selalu unit_cost=1,3.027660,CALCULATED
CSTPOY2606000141,POY,228,1,GAGAL - selalu unit_cost=1,3.027061,CALCULATED
CSTPOY2606000142,POY,229,1,GAGAL - selalu unit_cost=1,3.016496,CALCULATED
CSTPOY2606000143,POY,230,1,GAGAL - selalu unit_cost=1,3.027660,CALCULATED
CSTPOY2606000144,POY,231,1,GAGAL - selalu unit_cost=1,3.035644,CALCULATED
CSTPOY2606000145,POY,232,1,GAGAL - selalu unit_cost=1,3.032449,CALCULATED
CSTPOY2606000146,POY,233,1,GAGAL - selalu unit_cost=1,3.032649,CALCULATED
CSTPOY2606000147,POY,234,1,GAGAL - selalu unit_cost=1,3.032649,CALCULATED
CSTPOY2606000148,POY,235,1,GAGAL - selalu unit_cost=1,3.027660,CALCULATED
CSTPOY2606000149,POY,236,1,GAGAL - selalu unit_cost=1,3.031251,CALCULATED
CSTPOY2606000150,POY,237,1,GAGAL - selalu unit_cost=1,3.027660,CALCULATED
CSTPOY2606000151,POY,238,1,GAGAL - selalu unit_cost=1,3.027660,CALCULATED
CSTPOY2606000152,POY,239,1,GAGAL - selalu unit_cost=1,2.997796,CALCULATED
CSTPOY2606000153,POY,240,1,GAGAL - selalu unit_cost=1,2.997796,CALCULATED
CSTPOY2606000154,POY,241,1,GAGAL - selalu unit_cost=1,3.030653,CALCULATED
CSTPOY2606000155,POY,242,1,GAGAL - selalu unit_cost=1,3.029655,CALCULATED
CSTPOY2606000156,POY,243,1,GAGAL - selalu unit_cost=1,3.029655,CALCULATED
CSTPOY2606000157,POY,244,1,GAGAL - selalu unit_cost=1,3.030154,CALCULATED
CSTPOY2606000158,POY,245,1,GAGAL - selalu unit_cost=1,3.028458,CALCULATED
CSTPOY2606000159,POY,246,1,GAGAL - selalu unit_cost=1,3.037142,CALCULATED
CSTPOY2606000160,POY,247,1,GAGAL - selalu unit_cost=1,3.032649,CALCULATED
CSTPOY2606000161,POY,248,1,GAGAL - selalu unit_cost=1,3.007737,CALCULATED
CSTPOY2606000162,POY,249,1,GAGAL - selalu unit_cost=1,3.027660,CALCULATED
CSTPOY2606000163,POY,250,1,GAGAL - selalu unit_cost=1,2.984895,CALCULATED
CSTPOY2606000164,POY,251,1,GAGAL - selalu unit_cost=1,3.006742,CALCULATED
CSTPOY2606000165,POY,252,1,GAGAL - selalu unit_cost=1,3.029655,CALCULATED
CSTPOY2606000166,POY,253,1,GAGAL - selalu unit_cost=1,3.028657,CALCULATED
CSTPOY2606000167,POY,254,1,GAGAL - selalu unit_cost=1,3.032649,CALCULATED
CSTPOY2606000168,POY,255,1,GAGAL - selalu unit_cost=1,3.027660,CALCULATED
CSTPOY2606000169,POY,256,1,GAGAL - selalu unit_cost=1,3.032649,CALCULATED
CSTPOY2606000171,POY,258,1,GAGAL - selalu unit_cost=1,3.032649,CALCULATED
CSTPOY2606000172,POY,259,1,GAGAL - selalu unit_cost=1,3.032649,CALCULATED
CSTPOY2606000173,POY,260,1,GAGAL - selalu unit_cost=1,3.032349,CALCULATED
CSTPOY2606000174,POY,261,1,GAGAL - selalu unit_cost=1,3.032649,CALCULATED
CSTPOY2606000175,POY,262,1,GAGAL - selalu unit_cost=1,3.032649,CALCULATED
CSTPOY2606000176,POY,263,1,GAGAL - selalu unit_cost=1,3.032649,CALCULATED
CSTPOY2606000177,POY,264,1,GAGAL - selalu unit_cost=1,3.032649,CALCULATED
CSTPOY2606000178,POY,265,1,GAGAL - selalu unit_cost=1,3.032649,CALCULATED
CSTPOY2606000179,POY,266,1,GAGAL - selalu unit_cost=1,3.032649,CALCULATED
CSTPOY2606000180,POY,267,1,GAGAL - selalu unit_cost=1,3.032649,CALCULATED
CSTPOY2606000181,POY,268,1,GAGAL - selalu unit_cost=1,3.032649,CALCULATED
CSTPOY2606000182,POY,269,1,GAGAL - selalu unit_cost=1,3.032649,CALCULATED
CSTPOY2606000183,POY,270,1,GAGAL - selalu unit_cost=1,3.032649,CALCULATED
CSTPOY2606000185,POY,272,1,GAGAL - selalu unit_cost=1,2.987870,CALCULATED
CSTPOY2606000186,POY,273,1,GAGAL - selalu unit_cost=1,3.032649,CALCULATED
CSTPOY2606000187,POY,274,1,GAGAL - selalu unit_cost=1,3.033148,CALCULATED
CSTPOY2606000188,POY,275,1,GAGAL - selalu unit_cost=1,3.032649,CALCULATED
CSTPOY2606000189,POY,276,1,GAGAL - selalu unit_cost=1,3.032649,CALCULATED
CSTPOY2606000190,POY,277,1,GAGAL - selalu unit_cost=1,3.027660,CALCULATED
CSTPOY2606000191,POY,278,1,GAGAL - selalu unit_cost=1,3.029156,CALCULATED
CSTPOY2606000192,POY,279,1,GAGAL - selalu unit_cost=1,3.017691,CALCULATED
CSTPOY2606000193,POY,280,1,GAGAL - selalu unit_cost=1,2.987870,CALCULATED
CSTPOY2606000194,POY,281,1,GAGAL - selalu unit_cost=1,2.987870,CALCULATED
CSTPOY2606000196,POY,283,1,GAGAL - selalu unit_cost=1,3.027660,CALCULATED
CSTPOY2606000197,POY,284,1,GAGAL - selalu unit_cost=1,3.027660,CALCULATED
CSTPOY2606000198,POY,285,1,GAGAL - selalu unit_cost=1,3.027660,CALCULATED
CSTPOY2606000199,POY,286,1,GAGAL - selalu unit_cost=1,3.027660,CALCULATED
CSTPOY2606000200,POY,287,1,GAGAL - selalu unit_cost=1,3.032649,CALCULATED
CSTPOY2606000201,POY,288,1,GAGAL - selalu unit_cost=1,3.032649,CALCULATED
CSTPOY2606000202,POY,289,1,GAGAL - selalu unit_cost=1,3.032649,CALCULATED
CSTPOY2606000203,POY,290,1,GAGAL - selalu unit_cost=1,3.012712,CALCULATED
CSTPOY2606000204,POY,291,1,GAGAL - selalu unit_cost=1,3.012712,CALCULATED
CSTPOY2606000205,POY,292,1,GAGAL - selalu unit_cost=1,3.037641,CALCULATED
CSTPOY2606000206,POY,293,1,GAGAL - selalu unit_cost=1,3.032649,CALCULATED
CSTPOY2606000207,POY,294,1,GAGAL - selalu unit_cost=1,3.032649,CALCULATED
CSTPOY2606000208,POY,295,1,GAGAL - selalu unit_cost=1,3.037641,CALCULATED
CSTPOY2606000209,POY,296,1,GAGAL - selalu unit_cost=1,3.032649,CALCULATED
CSTPOY2606000210,POY,297,1,GAGAL - selalu unit_cost=1,3.007737,CALCULATED
CSTPOY2606000211,POY,298,1,GAGAL - selalu unit_cost=1,3.032649,CALCULATED
CSTPOY2606000212,POY,299,1,GAGAL - selalu unit_cost=1,3.032649,CALCULATED
CSTPOY2606000213,POY,300,1,GAGAL - selalu unit_cost=1,3.007737,CALCULATED
CSTPOY2606000214,POY,301,1,GAGAL - selalu unit_cost=1,3.007737,CALCULATED
CSTPOY2606000215,POY,302,1,GAGAL - selalu unit_cost=1,3.032649,CALCULATED
CSTPOY2606000216,POY,303,1,GAGAL - selalu unit_cost=1,3.032649,CALCULATED
CSTPOY2606000217,POY,304,1,GAGAL - selalu unit_cost=1,3.032649,CALCULATED
CSTPOY2606000218,POY,305,1,GAGAL - selalu unit_cost=1,3.032649,CALCULATED
CSTPOY2606000219,POY,306,1,GAGAL - selalu unit_cost=1,3.032649,CALCULATED
CSTPOY2606000220,POY,307,1,GAGAL - selalu unit_cost=1,2.987870,CALCULATED
CSTPOY2606000221,POY,308,1,GAGAL - selalu unit_cost=1,3.012712,CALCULATED
CSTPOY2606000222,POY,309,1,GAGAL - selalu unit_cost=1,3.032649,CALCULATED
CSTPOY2606000223,POY,310,1,GAGAL - selalu unit_cost=1,3.033846,CALCULATED
CSTPOY2606000224,POY,311,1,GAGAL - selalu unit_cost=1,3.027660,CALCULATED
CSTPOY2606000225,POY,312,1,GAGAL - selalu unit_cost=1,3.027660,CALCULATED
CSTPOY2606000226,POY,313,1,GAGAL - selalu unit_cost=1,3.027660,CALCULATED
CSTPOY2606000227,POY,314,1,GAGAL - selalu unit_cost=1,3.027660,CALCULATED
CSTPOY2606000228,POY,315,1,GAGAL - selalu unit_cost=1,3.027660,CALCULATED
CSTPOY2606000229,POY,316,1,GAGAL - selalu unit_cost=1,3.027660,CALCULATED
CSTPOY2606000230,POY,317,1,GAGAL - selalu unit_cost=1,3.032649,CALCULATED
CSTPOY2606000231,POY,318,1,GAGAL - selalu unit_cost=1,3.032649,CALCULATED
CSTPOY2606000232,POY,319,1,GAGAL - selalu unit_cost=1,3.032649,CALCULATED
CSTPOY2606000233,POY,320,1,GAGAL - selalu unit_cost=1,3.032649,CALCULATED
CSTPOY2606000234,POY,321,1,GAGAL - selalu unit_cost=1,3.007737,CALCULATED
CSTPOY2606000235,POY,322,1,GAGAL - selalu unit_cost=1,3.027660,CALCULATED
CSTPOY2606000236,POY,323,1,GAGAL - selalu unit_cost=1,3.032649,CALCULATED
CSTPOY2606000237,POY,324,1,GAGAL - selalu unit_cost=1,3.032649,CALCULATED
CSTPOY2606000238,POY,325,1,GAGAL - selalu unit_cost=1,3.012712,CALCULATED
CSTPOY2606000239,POY,326,1,GAGAL - selalu unit_cost=1,3.032649,CALCULATED
CSTPOY2606000240,POY,327,1,GAGAL - selalu unit_cost=1,3.032649,CALCULATED
CSTPOY2606000241,POY,328,1,GAGAL - selalu unit_cost=1,3.007737,CALCULATED
CSTPOY2606000242,POY,329,1,GAGAL - selalu unit_cost=1,3.032649,CALCULATED
CSTPOY2606000243,POY,330,1,GAGAL - selalu unit_cost=1,3.032649,CALCULATED
CSTPOY2606000244,POY,331,1,GAGAL - selalu unit_cost=1,3.027660,CALCULATED
CSTPOY2606000245,POY,332,1,GAGAL - selalu unit_cost=1,3.007737,CALCULATED
CSTPOY2606000246,POY,333,1,GAGAL - selalu unit_cost=1,3.032649,CALCULATED
CSTPOY2606000247,POY,334,1,GAGAL - selalu unit_cost=1,3.032649,CALCULATED
CSTPOY2606000248,POY,335,1,GAGAL - selalu unit_cost=1,3.032649,CALCULATED
CSTPOY2606000249,POY,336,1,GAGAL - selalu unit_cost=1,3.032649,CALCULATED
CSTPOY2606000250,POY,337,1,GAGAL - selalu unit_cost=1,3.007737,CALCULATED
CSTPOY2606000251,POY,338,1,GAGAL - selalu unit_cost=1,3.032649,CALCULATED
CSTPOY2606000252,POY,339,1,GAGAL - selalu unit_cost=1,3.007737,CALCULATED
CSTPOY2606000253,POY,340,1,GAGAL - selalu unit_cost=1,3.027660,CALCULATED
CSTPOY2606000254,POY,341,1,GAGAL - selalu unit_cost=1,3.027660,CALCULATED
CSTPOY2606000255,POY,342,1,GAGAL - selalu unit_cost=1,3.027660,CALCULATED
CSTPOY2606000256,POY,343,1,GAGAL - selalu unit_cost=1,3.032649,CALCULATED
CSTPOY2606000257,POY,344,1,GAGAL - selalu unit_cost=1,3.032649,CALCULATED
CSTPOY2606000258,POY,345,1,GAGAL - selalu unit_cost=1,3.027660,CALCULATED
CSTPOY2606000259,POY,346,1,GAGAL - selalu unit_cost=1,2.997796,CALCULATED
CSTPOY2606000260,POY,347,1,GAGAL - selalu unit_cost=1,3.027660,CALCULATED
CSTPOY2606000261,POY,348,1,GAGAL - selalu unit_cost=1,3.017691,CALCULATED
CSTPOY2606000262,POY,349,1,GAGAL - selalu unit_cost=1,3.017691,CALCULATED
CSTPOY2606000263,POY,350,1,GAGAL - selalu unit_cost=1,3.007737,CALCULATED
CSTPOY2606000264,POY,351,1,GAGAL - selalu unit_cost=1,3.012712,CALCULATED
CSTPOY2606000265,POY,352,1,GAGAL - selalu unit_cost=1,3.032649,CALCULATED
CSTPOY2606000266,POY,353,1,GAGAL - selalu unit_cost=1,2.997796,CALCULATED
CSTPOY2606000267,POY,354,1,GAGAL - selalu unit_cost=1,3.017691,CALCULATED
CSTPOY2606000268,POY,355,1,GAGAL - selalu unit_cost=1,3.003759,CALCULATED
CSTPOY2606000269,POY,356,1,GAGAL - selalu unit_cost=1,3.016695,CALCULATED
CSTPOY2606000271,POY,358,1,GAGAL - selalu unit_cost=1,3.029156,CALCULATED
CSTPOY2606000272,POY,359,1,GAGAL - selalu unit_cost=1,3.007737,CALCULATED
CSTPOY2606000273,POY,360,1,GAGAL - selalu unit_cost=1,3.007737,CALCULATED
CSTPOY2606000274,POY,361,1,GAGAL - selalu unit_cost=1,3.032649,CALCULATED
CSTPOY2606000275,POY,362,1,GAGAL - selalu unit_cost=1,3.032649,CALCULATED
CSTPOY2606000276,POY,363,1,GAGAL - selalu unit_cost=1,3.032649,CALCULATED
CSTPOY2606000277,POY,364,1,GAGAL - selalu unit_cost=1,3.032649,CALCULATED
CSTPOY2606000278,POY,365,1,GAGAL - selalu unit_cost=1,3.027660,CALCULATED
CSTPOY2606000279,POY,366,1,GAGAL - selalu unit_cost=1,3.027660,CALCULATED
CSTPOY2606000280,POY,367,1,GAGAL - selalu unit_cost=1,3.037341,CALCULATED
CSTPOY2606000281,POY,368,1,GAGAL - selalu unit_cost=1,3.029156,CALCULATED
CSTPOY2606000282,POY,369,1,GAGAL - selalu unit_cost=1,2.991343,CALCULATED
CSTPOY2606000283,POY,370,1,GAGAL - selalu unit_cost=1,3.027660,CALCULATED
CSTPOY2606000284,POY,371,1,GAGAL - selalu unit_cost=1,3.027660,CALCULATED
CSTPOY2606000285,POY,372,1,GAGAL - selalu unit_cost=1,3.027660,CALCULATED
CSTPOY2606000286,POY,373,1,GAGAL - selalu unit_cost=1,3.032649,CALCULATED
CSTPOY2606000287,POY,374,1,GAGAL - selalu unit_cost=1,3.034845,CALCULATED
CSTPOY2606000288,POY,375,1,GAGAL - selalu unit_cost=1,3.032649,CALCULATED
CSTPOY2606000289,POY,376,1,GAGAL - selalu unit_cost=1,3.032649,CALCULATED
CSTPOY2606000290,POY,377,1,GAGAL - selalu unit_cost=1,3.032649,CALCULATED
CSTPOY2606000291,POY,378,1,GAGAL - selalu unit_cost=1,3.017691,CALCULATED
CSTPOY2606000292,POY,379,1,GAGAL - selalu unit_cost=1,3.017691,CALCULATED
CSTPOY2606000293,POY,380,1,GAGAL - selalu unit_cost=1,3.022674,CALCULATED
CSTPOY2606000294,POY,381,1,GAGAL - selalu unit_cost=1,3.027660,CALCULATED
CSTPOY2606000295,POY,382,1,GAGAL - selalu unit_cost=1,3.032649,CALCULATED
CSTPOY2606000296,POY,383,1,GAGAL - selalu unit_cost=1,3.027660,CALCULATED
CSTPOY2606000297,POY,384,1,GAGAL - selalu unit_cost=1,3.022674,CALCULATED
CSTPOY2606000298,POY,385,1,GAGAL - selalu unit_cost=1,3.017691,CALCULATED
CSTPOY2606000301,POY,388,1,GAGAL - selalu unit_cost=1,2.996306,CALCULATED
CSTPOY2606000302,POY,389,1,GAGAL - selalu unit_cost=1,3.017691,CALCULATED
CSTPOY2606000303,POY,390,1,GAGAL - selalu unit_cost=1,3.027660,CALCULATED
CSTPOY2606000304,POY,391,1,GAGAL - selalu unit_cost=1,3.032150,CALCULATED
CSTPOY2606000305,POY,392,1,GAGAL - selalu unit_cost=1,3.032649,CALCULATED
CSTPOY2606000306,POY,393,1,GAGAL - selalu unit_cost=1,3.027660,CALCULATED
CSTPOY2606000308,POY,395,1,GAGAL - selalu unit_cost=1,3.005946,CALCULATED
CSTPOY2606000309,POY,396,1,GAGAL - selalu unit_cost=1,3.027660,CALCULATED
CSTPOY2606000312,POY,399,1,GAGAL - selalu unit_cost=1,3.017691,CALCULATED
CSTPOY2606000313,POY,400,1,GAGAL - selalu unit_cost=1,3.017691,CALCULATED
CSTPOY2606000314,POY,401,1,GAGAL - selalu unit_cost=1,3.017691,CALCULATED
CSTPOY2606000315,POY,402,1,GAGAL - selalu unit_cost=1,3.027660,CALCULATED
CSTPOY2606000316,POY,403,1,GAGAL - selalu unit_cost=1,3.027660,CALCULATED
CSTPOY2606000317,POY,404,1,GAGAL - selalu unit_cost=1,3.027660,CALCULATED
CSTPOY2606000318,POY,405,1,GAGAL - selalu unit_cost=1,3.027660,CALCULATED
CSTPOY2606000319,POY,406,1,GAGAL - selalu unit_cost=1,3.027660,CALCULATED
CSTPOY2606000320,POY,407,1,GAGAL - selalu unit_cost=1,3.007737,CALCULATED
CSTPOY2606000321,POY,408,1,GAGAL - selalu unit_cost=1,3.017691,CALCULATED
CSTPOY2606000322,POY,409,1,GAGAL - selalu unit_cost=1,3.017691,CALCULATED
CSTPOY2606000323,POY,410,1,GAGAL - selalu unit_cost=1,3.027660,CALCULATED
CSTPOY2606000324,POY,411,1,GAGAL - selalu unit_cost=1,3.027660,CALCULATED
CSTPOY2606000325,POY,412,1,GAGAL - selalu unit_cost=1,3.027660,CALCULATED
CSTPOY2606000326,POY,413,1,GAGAL - selalu unit_cost=1,3.027660,CALCULATED
CSTPOY2606000328,POY,415,1,GAGAL - selalu unit_cost=1,3.007737,CALCULATED
CSTPOY2606000329,POY,416,1,GAGAL - selalu unit_cost=1,3.027660,CALCULATED
CSTPOY2606000330,POY,417,1,GAGAL - selalu unit_cost=1,3.027660,CALCULATED
CSTPOY2606000331,POY,418,1,GAGAL - selalu unit_cost=1,3.026163,CALCULATED
CSTPOY2606000332,POY,419,1,GAGAL - selalu unit_cost=1,2.997796,CALCULATED
CSTPOY2606000333,POY,420,1,GAGAL - selalu unit_cost=1,3.027660,CALCULATED
CSTPOY2606000334,POY,421,1,GAGAL - selalu unit_cost=1,3.027660,CALCULATED
CSTPOY2606000335,POY,422,1,GAGAL - selalu unit_cost=1,3.027161,CALCULATED
CSTPOY2606000337,POY,424,1,GAGAL - selalu unit_cost=1,3.029056,CALCULATED
CSTPOY2606000338,POY,425,1,GAGAL - selalu unit_cost=1,3.030952,CALCULATED
CSTPOY2606000339,POY,426,1,GAGAL - selalu unit_cost=1,3.028657,CALCULATED
CSTPOY2606000340,POY,427,1,GAGAL - selalu unit_cost=1,3.017691,CALCULATED
CSTPOY2606000344,POY,431,1,GAGAL - selalu unit_cost=1,3.020481,CALCULATED
CSTPOY2606000345,POY,432,1,GAGAL - selalu unit_cost=1,3.031152,CALCULATED
CSTPOY2606000346,POY,433,1,GAGAL - selalu unit_cost=1,3.016994,CALCULATED
CSTPOY2606000348,POY,435,1,GAGAL - selalu unit_cost=1,2.987870,CALCULATED
CSTPOY2606000349,POY,436,1,GAGAL - selalu unit_cost=1,2.987870,CALCULATED
CSTPOY2606000350,POY,437,1,GAGAL - selalu unit_cost=1,3.027660,CALCULATED
CSTPOY2606000351,POY,438,1,GAGAL - selalu unit_cost=1,3.007737,CALCULATED
CSTPOY2606000352,POY,439,1,GAGAL - selalu unit_cost=1,3.007737,CALCULATED
CSTPOY2606000353,POY,440,1,GAGAL - selalu unit_cost=1,3.027660,CALCULATED
CSTPOY2606000354,POY,441,1,GAGAL - selalu unit_cost=1,3.027660,CALCULATED
CSTPOY2606000355,POY,442,1,GAGAL - selalu unit_cost=1,3.027660,CALCULATED
CSTPOY2606000357,POY,444,1,GAGAL - selalu unit_cost=1,3.027660,CALCULATED
CSTPOY2606000358,POY,445,1,GAGAL - selalu unit_cost=1,3.017691,CALCULATED
CSTPOY2606000360,POY,447,1,GAGAL - selalu unit_cost=1,2.997796,CALCULATED
CSTPOY2606000361,POY,448,1,GAGAL - selalu unit_cost=1,3.027660,CALCULATED
CSTPOY2606000362,POY,449,1,GAGAL - selalu unit_cost=1,3.027660,CALCULATED
CSTPOY2606000363,POY,450,1,GAGAL - selalu unit_cost=1,3.027660,CALCULATED
CSTPOY2606000364,POY,451,1,GAGAL - selalu unit_cost=1,3.017691,CALCULATED
CSTPOY2606000365,POY,452,1,GAGAL - selalu unit_cost=1,3.017691,CALCULATED
CSTPOY2606000367,POY,454,1,GAGAL - selalu unit_cost=1,3.032649,CALCULATED
CSTPOY2606000369,POY,456,1,GAGAL - selalu unit_cost=1,3.038840,CALCULATED
CSTPOY2606000370,POY,457,1,GAGAL - selalu unit_cost=1,3.017691,CALCULATED
CSTPOY2606000371,POY,458,1,GAGAL - selalu unit_cost=1,3.037241,CALCULATED
CSTPOY2606000372,POY,459,1,GAGAL - selalu unit_cost=1,3.036542,CALCULATED
CSTPOY2606000376,POY,463,1,GAGAL - selalu unit_cost=1,1.397201,CALCULATED
CSTPOY2606000379,POY,466,1,GAGAL - selalu unit_cost=1,1.345070,CALCULATED
CSTPOY2606000380,POY,467,1,GAGAL - selalu unit_cost=1,1.362270,CALCULATED
CSTPOY2606000383,POY,470,1,GAGAL - selalu unit_cost=1,1.348049,CALCULATED
CSTPOY2606000385,POY,472,1,GAGAL - selalu unit_cost=1,1.348049,CALCULATED
CSTPOY2606000386,POY,473,1,GAGAL - selalu unit_cost=1,1.348049,CALCULATED
CSTPOY2606000387,POY,474,1,GAGAL - selalu unit_cost=1,1.357991,CALCULATED
CSTPOY2606000388,POY,475,1,GAGAL - selalu unit_cost=1,1.357991,CALCULATED
CSTPOY2606000395,POY,482,1,GAGAL - selalu unit_cost=1,3.030952,CALCULATED
CSTPOY2606000398,POY,485,1,GAGAL - selalu unit_cost=1,3.026163,CALCULATED
CSTPOY2606000400,POY,487,1,GAGAL - selalu unit_cost=1,3.028158,CALCULATED
CSTPOY2606000402,POY,489,1,GAGAL - selalu unit_cost=1,3.014803,CALCULATED
CSTPOY2606000409,POY,496,1,GAGAL - selalu unit_cost=1,3.023471,CALCULATED
CSTPOY2606000410,POY,497,1,GAGAL - selalu unit_cost=1,3.019684,CALCULATED
CSTPOY2606000411,POY,498,1,GAGAL - selalu unit_cost=1,3.014704,CALCULATED
CSTPOY2606000412,POY,499,1,GAGAL - selalu unit_cost=1,3.018389,CALCULATED
CSTPOY2606000413,POY,500,1,GAGAL - selalu unit_cost=1,3.029655,CALCULATED
CSTPOY2606000415,POY,502,1,GAGAL - selalu unit_cost=1,3.033647,CALCULATED
CSTPOY2606000416,POY,503,1,GAGAL - selalu unit_cost=1,3.031152,CALCULATED
CSTPOY2606000418,POY,505,1,GAGAL - selalu unit_cost=1,3.029655,CALCULATED
CSTPOY2606000419,POY,506,1,GAGAL - selalu unit_cost=1,3.026862,CALCULATED
CSTPOY2606000420,POY,507,1,GAGAL - selalu unit_cost=1,3.023770,CALCULATED
CSTPOY2606000422,POY,509,1,GAGAL - selalu unit_cost=1,3.028857,CALCULATED
CSTPOY2606000424,POY,511,1,GAGAL - selalu unit_cost=1,3.021677,CALCULATED
CSTPOY2606000429,POY,516,1,GAGAL - selalu unit_cost=1,3.029854,CALCULATED
CSTPOY2606000430,POY,517,1,GAGAL - selalu unit_cost=1,3.024169,CALCULATED
CSTPOY2606000431,POY,518,1,GAGAL - selalu unit_cost=1,3.014704,CALCULATED
CSTPOY2606000432,POY,519,1,GAGAL - selalu unit_cost=1,3.032649,CALCULATED
CSTPOY2606000433,POY,520,1,GAGAL - selalu unit_cost=1,3.024668,CALCULATED
CSTPOY2606000434,POY,521,1,GAGAL - selalu unit_cost=1,3.027161,CALCULATED
CSTPOY2606000435,POY,522,1,GAGAL - selalu unit_cost=1,3.021677,CALCULATED
CSTPOY2606000437,POY,524,1,GAGAL - selalu unit_cost=1,3.004753,CALCULATED
CSTPOY2606000438,POY,525,1,GAGAL - selalu unit_cost=1,3.024668,CALCULATED
CSTPOY2606000439,POY,526,1,GAGAL - selalu unit_cost=1,3.019186,CALCULATED
CSTPOY2606000440,POY,527,1,GAGAL - selalu unit_cost=1,3.024369,CALCULATED
CSTPOY2606000441,POY,528,1,GAGAL - selalu unit_cost=1,3.005748,CALCULATED
CSTPOY2606000444,POY,531,1,GAGAL - selalu unit_cost=1,3.025665,CALCULATED
CSTPOY2606000445,POY,532,1,GAGAL - selalu unit_cost=1,3.029455,CALCULATED
CSTPOY2606000446,POY,533,1,GAGAL - selalu unit_cost=1,3.023471,CALCULATED
CSTPOY2606000447,POY,534,1,GAGAL - selalu unit_cost=1,3.025166,CALCULATED
CSTPOY2606000448,POY,535,1,GAGAL - selalu unit_cost=1,3.013708,CALCULATED
CSTPOY2606000451,POY,538,1,GAGAL - selalu unit_cost=1,3.029655,CALCULATED
CSTPOY2606000474,POY,561,1,GAGAL - selalu unit_cost=1,3.032649,CALCULATED
CSTPOY2606000479,POY,566,1,GAGAL - selalu unit_cost=1,3.016894,CALCULATED
CSTPOY2606000480,POY,567,1,GAGAL - selalu unit_cost=1,3.024169,CALCULATED
CSTPOY2606000488,POY,575,1,GAGAL - selalu unit_cost=1,3.035045,CALCULATED
CSTPOY2606000490,POY,577,1,GAGAL - selalu unit_cost=1,3.033148,CALCULATED
CSTPOY2606000494,POY,581,1,GAGAL - selalu unit_cost=1,3.014704,CALCULATED
CSTPOY2606000504,POY,591,1,GAGAL - selalu unit_cost=1,3.029655,CALCULATED
CSTPOY2606000511,POY,598,1,GAGAL - selalu unit_cost=1,3.026163,CALCULATED
CSTPOY2606000512,POY,599,1,GAGAL - selalu unit_cost=1,3.024668,CALCULATED
CSTPOY2606000513,POY,600,1,GAGAL - selalu unit_cost=1,3.014206,CALCULATED
CSTPOY2606000515,POY,602,1,GAGAL - selalu unit_cost=1,3.025166,CALCULATED
CSTPOY2606000516,POY,603,1,GAGAL - selalu unit_cost=1,3.030054,CALCULATED
CSTPOY2606000521,POY,608,1,GAGAL - selalu unit_cost=1,3.031850,CALCULATED
CSTPOY2606000524,POY,611,1,GAGAL - selalu unit_cost=1,3.024767,CALCULATED
CSTPOY2606000525,POY,612,1,GAGAL - selalu unit_cost=1,1.363610,CALCULATED
CSTPOY2606000527,POY,614,1,GAGAL - selalu unit_cost=1,3.032150,CALCULATED
CSTPOY2606000528,POY,615,1,GAGAL - selalu unit_cost=1,3.026263,CALCULATED
CSTPOY2606000529,POY,616,1,GAGAL - selalu unit_cost=1,2.981922,CALCULATED
CSTPOY2606000532,POY,619,1,GAGAL - selalu unit_cost=1,3.011717,CALCULATED
CSTPOY2606000534,POY,621,1,GAGAL - selalu unit_cost=1,3.017094,CALCULATED
CSTPOY2606000535,POY,622,1,GAGAL - selalu unit_cost=1,3.031152,CALCULATED
CSTPOY2606000538,POY,625,1,GAGAL - selalu unit_cost=1,3.014704,CALCULATED
CSTPOY2606000539,POY,626,1,GAGAL - selalu unit_cost=1,3.014704,CALCULATED
CSTPOY2606000540,POY,627,1,GAGAL - selalu unit_cost=1,3.026662,CALCULATED
CSTPOY2606000541,POY,628,1,GAGAL - selalu unit_cost=1,3.029655,CALCULATED
CSTPOY2606000543,POY,630,1,GAGAL - selalu unit_cost=1,3.029655,CALCULATED
CSTPOY2606000546,POY,633,1,GAGAL - selalu unit_cost=1,3.028657,CALCULATED
CSTPOY2606000547,POY,634,1,GAGAL - selalu unit_cost=1,3.028657,CALCULATED
CSTPOY2606000548,POY,635,1,GAGAL - selalu unit_cost=1,3.028557,CALCULATED
CSTPOY2606000551,POY,638,1,GAGAL - selalu unit_cost=1,3.018189,CALCULATED
CSTPOY2606000552,POY,639,1,GAGAL - selalu unit_cost=1,3.029455,CALCULATED
CSTPOY2606000553,POY,640,1,GAGAL - selalu unit_cost=1,3.004753,CALCULATED
CSTPOY2606000554,POY,641,1,GAGAL - selalu unit_cost=1,3.024668,CALCULATED
CSTPOY2606000555,POY,642,1,GAGAL - selalu unit_cost=1,3.019684,CALCULATED
CSTPOY2606000556,POY,643,1,GAGAL - selalu unit_cost=1,3.019684,CALCULATED
CSTPOY2606000557,POY,644,1,GAGAL - selalu unit_cost=1,3.009727,CALCULATED
CSTPOY2606000558,POY,645,1,GAGAL - selalu unit_cost=1,3.009727,CALCULATED
CSTPOY2606000559,POY,646,1,GAGAL - selalu unit_cost=1,3.004753,CALCULATED
CSTPOY2606000565,POY,652,1,GAGAL - selalu unit_cost=1,3.023671,CALCULATED
CSTPOY2606000581,POY,668,1,GAGAL - selalu unit_cost=1,3.004753,CALCULATED
CSTPOY2606000582,POY,669,1,GAGAL - selalu unit_cost=1,3.031152,CALCULATED
CSTPOY2606000585,POY,672,1,GAGAL - selalu unit_cost=1,3.028358,CALCULATED
CSTPOY2606000590,POY,677,1,GAGAL - selalu unit_cost=1,3.024668,CALCULATED
CSTPOY2606000591,POY,678,1,GAGAL - selalu unit_cost=1,3.024668,CALCULATED
CSTPOY2606000592,POY,679,1,GAGAL - selalu unit_cost=1,3.019684,CALCULATED
CSTPOY2606000593,POY,680,1,GAGAL - selalu unit_cost=1,3.024668,CALCULATED
CSTPOY2606000594,POY,681,1,GAGAL - selalu unit_cost=1,3.026662,CALCULATED
CSTPOY2606000595,POY,682,1,GAGAL - selalu unit_cost=1,3.029655,CALCULATED
CSTPOY2606000596,POY,683,1,GAGAL - selalu unit_cost=1,3.029954,CALCULATED
CSTPOY2606000599,POY,686,1,GAGAL - selalu unit_cost=1,3.029655,CALCULATED
CSTPOY2606000600,POY,687,1,GAGAL - selalu unit_cost=1,3.033048,CALCULATED
CSTPOY2606000601,POY,688,1,GAGAL - selalu unit_cost=1,3.029655,CALCULATED
CSTPOY2606000602,POY,689,1,GAGAL - selalu unit_cost=1,3.029655,CALCULATED
CSTPOY2606000603,POY,690,1,GAGAL - selalu unit_cost=1,3.029655,CALCULATED
CSTPOY2606000604,POY,691,1,GAGAL - selalu unit_cost=1,3.029655,CALCULATED
CSTPOY2606000606,POY,693,1,GAGAL - selalu unit_cost=1,3.005748,CALCULATED
CSTPOY2606000607,POY,694,1,GAGAL - selalu unit_cost=1,3.009727,CALCULATED
CSTPOY2606000609,POY,696,1,GAGAL - selalu unit_cost=1,3.028657,CALCULATED
CSTPOY2606000611,POY,698,1,GAGAL - selalu unit_cost=1,3.029655,CALCULATED
CSTPOY2606000612,POY,699,1,GAGAL - selalu unit_cost=1,3.015699,CALCULATED
CSTPOY2606000613,POY,700,1,GAGAL - selalu unit_cost=1,3.027360,CALCULATED
CSTPOY2606000614,POY,701,1,GAGAL - selalu unit_cost=1,3.023372,CALCULATED
CSTPOY2606000615,POY,702,1,GAGAL - selalu unit_cost=1,3.006742,CALCULATED
CSTPOY2606000619,POY,706,1,GAGAL - selalu unit_cost=1,3.027261,CALCULATED
CSTPOY2606000621,POY,708,1,GAGAL - selalu unit_cost=1,3.017193,CALCULATED
CSTPOY2606000623,POY,710,1,GAGAL - selalu unit_cost=1,3.023671,CALCULATED
CSTPOY2606000629,POY,716,1,GAGAL - selalu unit_cost=1,3.014704,CALCULATED
CSTPOY2606000630,POY,717,1,GAGAL - selalu unit_cost=1,3.024668,CALCULATED
CSTPOY2606000631,POY,718,1,GAGAL - selalu unit_cost=1,3.024169,CALCULATED
CSTPOY2606000632,POY,719,1,GAGAL - selalu unit_cost=1,3.024668,CALCULATED
CSTPOY2606000633,POY,720,1,GAGAL - selalu unit_cost=1,3.029655,CALCULATED
CSTPOY2606000634,POY,721,1,GAGAL - selalu unit_cost=1,3.029655,CALCULATED
CSTPOY2606000636,POY,723,1,GAGAL - selalu unit_cost=1,3.024967,CALCULATED
CSTPOY2606000640,POY,727,1,GAGAL - selalu unit_cost=1,3.029655,CALCULATED
CSTPOY2606000641,POY,728,1,GAGAL - selalu unit_cost=1,3.029655,CALCULATED
CSTPOY2606000642,POY,729,1,GAGAL - selalu unit_cost=1,3.029655,CALCULATED
CSTPOY2606000643,POY,730,1,GAGAL - selalu unit_cost=1,3.029655,CALCULATED
CSTPOY2606000644,POY,731,1,GAGAL - selalu unit_cost=1,3.029655,CALCULATED
CSTPOY2606000645,POY,732,1,GAGAL - selalu unit_cost=1,3.029655,CALCULATED
CSTPOY2606000646,POY,733,1,GAGAL - selalu unit_cost=1,3.024668,CALCULATED
CSTPOY2606000647,POY,734,1,GAGAL - selalu unit_cost=1,3.024668,CALCULATED
CSTPOY2606000648,POY,735,1,GAGAL - selalu unit_cost=1,3.019684,CALCULATED
CSTPOY2606000649,POY,736,1,GAGAL - selalu unit_cost=1,3.029655,CALCULATED
CSTPOY2606000650,POY,737,1,GAGAL - selalu unit_cost=1,3.029655,CALCULATED
CSTPOY2606000657,POY,744,1,GAGAL - selalu unit_cost=1,3.031152,CALCULATED
CSTPOY2606000658,POY,745,1,GAGAL - selalu unit_cost=1,3.028657,CALCULATED
CSTPOY2606000659,POY,746,1,GAGAL - selalu unit_cost=1,3.013210,CALCULATED
CSTPOY2606000661,POY,748,1,GAGAL - selalu unit_cost=1,3.020880,CALCULATED
CSTPOY2606000662,POY,749,1,GAGAL - selalu unit_cost=1,3.004753,CALCULATED
CSTPOY2606000663,POY,750,1,GAGAL - selalu unit_cost=1,3.024668,CALCULATED
CSTPOY2606000664,POY,751,1,GAGAL - selalu unit_cost=1,3.024668,CALCULATED
CSTPOY2606000666,POY,753,1,GAGAL - selalu unit_cost=1,3.024668,CALCULATED
CSTPOY2606000667,POY,754,1,GAGAL - selalu unit_cost=1,3.024668,CALCULATED
CSTPOY2606000668,POY,755,1,GAGAL - selalu unit_cost=1,3.024668,CALCULATED
CSTPOY2606000672,POY,759,1,GAGAL - selalu unit_cost=1,2.999783,CALCULATED
CSTPOY2606000673,POY,760,1,GAGAL - selalu unit_cost=1,2.999783,CALCULATED
CSTPOY2606000674,POY,761,1,GAGAL - selalu unit_cost=1,3.029655,CALCULATED
CSTPOY2606000675,POY,762,1,GAGAL - selalu unit_cost=1,3.029655,CALCULATED
CSTPOY2606000676,POY,763,1,GAGAL - selalu unit_cost=1,3.029655,CALCULATED
CSTPOY2606000677,POY,764,1,GAGAL - selalu unit_cost=1,3.034146,CALCULATED
CSTPOY2606000678,POY,765,1,GAGAL - selalu unit_cost=1,2.994817,CALCULATED
CSTPOY2606000686,POY,773,1,GAGAL - selalu unit_cost=1,3.023471,CALCULATED
CSTPOY2606000688,POY,775,1,GAGAL - selalu unit_cost=1,3.029655,CALCULATED
CSTPOY2606000689,POY,776,1,GAGAL - selalu unit_cost=1,3.029655,CALCULATED
CSTPOY2606000691,POY,778,1,GAGAL - selalu unit_cost=1,3.024668,CALCULATED
CSTPOY2606000692,POY,779,1,GAGAL - selalu unit_cost=1,3.029655,CALCULATED
CSTPOY2606000693,POY,780,1,GAGAL - selalu unit_cost=1,3.029655,CALCULATED
CSTPOY2606000696,POY,783,1,GAGAL - selalu unit_cost=1,3.026463,CALCULATED
CSTPOY2606000700,POY,787,1,GAGAL - selalu unit_cost=1,3.029655,CALCULATED
CSTPOY2606000701,POY,788,1,GAGAL - selalu unit_cost=1,3.029655,CALCULATED
CSTPOY2606000702,POY,789,1,GAGAL - selalu unit_cost=1,3.019684,CALCULATED
CSTPOY2606000703,POY,790,1,GAGAL - selalu unit_cost=1,3.024668,CALCULATED
CSTPOY2606000706,POY,793,1,GAGAL - selalu unit_cost=1,3.029655,CALCULATED
CSTPOY2606000707,POY,794,1,GAGAL - selalu unit_cost=1,2.994817,CALCULATED
CSTPOY2606000708,POY,795,1,GAGAL - selalu unit_cost=1,3.004753,CALCULATED
CSTPOY2606000709,POY,796,1,GAGAL - selalu unit_cost=1,3.005250,CALCULATED
CSTPOY2606000710,POY,797,1,GAGAL - selalu unit_cost=1,3.024668,CALCULATED
CSTPOY2606000711,POY,798,1,GAGAL - selalu unit_cost=1,3.024668,CALCULATED
CSTPOY2606000712,POY,799,1,GAGAL - selalu unit_cost=1,3.014704,CALCULATED
CSTPOY2606000713,POY,800,1,GAGAL - selalu unit_cost=1,3.014704,CALCULATED
CSTPOY2606000714,POY,801,1,GAGAL - selalu unit_cost=1,3.016496,CALCULATED
CSTPOY2606000715,POY,802,1,GAGAL - selalu unit_cost=1,3.030253,CALCULATED
CSTPOY2606000716,POY,803,1,GAGAL - selalu unit_cost=1,3.029655,CALCULATED
CSTPOY2606000717,POY,804,1,GAGAL - selalu unit_cost=1,3.029655,CALCULATED
CSTPOY2606000719,POY,806,1,GAGAL - selalu unit_cost=1,3.033647,CALCULATED
CSTPOY2606000720,POY,807,1,GAGAL - selalu unit_cost=1,3.014704,CALCULATED
CSTPOY2606000721,POY,808,1,GAGAL - selalu unit_cost=1,3.020880,CALCULATED
CSTPOY2606000722,POY,809,1,GAGAL - selalu unit_cost=1,3.024668,CALCULATED
CSTPOY2606000723,POY,810,1,GAGAL - selalu unit_cost=1,3.014704,CALCULATED
CSTPOY2606000724,POY,811,1,GAGAL - selalu unit_cost=1,3.014206,CALCULATED
CSTPOY2606000725,POY,812,1,GAGAL - selalu unit_cost=1,3.029655,CALCULATED
CSTPOY2606000726,POY,813,1,GAGAL - selalu unit_cost=1,3.024668,CALCULATED
CSTPOY2606000729,POY,816,1,GAGAL - selalu unit_cost=1,3.014704,CALCULATED
CSTPOY2606000730,POY,817,1,GAGAL - selalu unit_cost=1,3.024668,CALCULATED
CSTPOY2606000731,POY,818,1,GAGAL - selalu unit_cost=1,3.019684,CALCULATED
CSTPOY2606000733,POY,820,1,GAGAL - selalu unit_cost=1,3.004753,CALCULATED
CSTPOY2606000735,POY,822,1,GAGAL - selalu unit_cost=1,3.031152,CALCULATED
CSTPOY2606000739,POY,826,1,GAGAL - selalu unit_cost=1,3.024668,CALCULATED
CSTPOY2606000742,POY,829,1,GAGAL - selalu unit_cost=1,3.014704,CALCULATED
CSTPOY2606000743,POY,830,1,GAGAL - selalu unit_cost=1,3.029655,CALCULATED
CSTPOY2606000744,POY,831,1,GAGAL - selalu unit_cost=1,3.029655,CALCULATED
CSTPOY2606000748,POY,835,1,GAGAL - selalu unit_cost=1,3.025864,CALCULATED
CSTPOY2606000001,POY,88,1,GAGAL - selalu unit_cost=1,2.951196,CALCULATED
CSTPOY2606000750,POY,837,1,GAGAL - selalu unit_cost=1,3.024668,CALCULATED
CSTPOY2606000752,POY,839,1,GAGAL - selalu unit_cost=1,3.020780,CALCULATED
CSTPOY2606000754,POY,841,1,GAGAL - selalu unit_cost=1,2.994817,CALCULATED
CSTPOY2606000755,POY,842,1,GAGAL - selalu unit_cost=1,2.994817,CALCULATED
CSTPOY2606000756,POY,843,1,GAGAL - selalu unit_cost=1,3.027660,CALCULATED
CSTPOY2606000757,POY,844,1,GAGAL - selalu unit_cost=1,3.029655,CALCULATED
CSTPOY2606000758,POY,845,1,GAGAL - selalu unit_cost=1,3.029655,CALCULATED
CSTPOY2606000759,POY,846,1,GAGAL - selalu unit_cost=1,3.028458,CALCULATED
CSTPOY2606000760,POY,847,1,GAGAL - selalu unit_cost=1,3.029655,CALCULATED
CSTPOY2606000761,POY,848,1,GAGAL - selalu unit_cost=1,3.029655,CALCULATED
CSTPOY2606000763,POY,850,1,GAGAL - selalu unit_cost=1,3.029655,CALCULATED
CSTPOY2606000764,POY,851,1,GAGAL - selalu unit_cost=1,3.029655,CALCULATED
CSTPOY2606000765,POY,852,1,GAGAL - selalu unit_cost=1,3.029655,CALCULATED
CSTPOY2606000766,POY,853,1,GAGAL - selalu unit_cost=1,3.029655,CALCULATED
CSTPOY2606000767,POY,854,1,GAGAL - selalu unit_cost=1,3.024668,CALCULATED
CSTPOY2606000769,POY,856,1,GAGAL - selalu unit_cost=1,3.022175,CALCULATED
CSTPOY2606000770,POY,857,1,GAGAL - selalu unit_cost=1,3.024668,CALCULATED
CSTPOY2606000771,POY,858,1,GAGAL - selalu unit_cost=1,3.034146,CALCULATED
CSTPOY2606000772,POY,859,1,GAGAL - selalu unit_cost=1,3.013210,CALCULATED
CSTPOY2606000776,POY,863,1,GAGAL - selalu unit_cost=1,3.022674,CALCULATED
CSTPOY2606000777,POY,864,1,GAGAL - selalu unit_cost=1,3.009727,CALCULATED
CSTPOY2606000778,POY,865,1,GAGAL - selalu unit_cost=1,3.029655,CALCULATED
CSTPOY2606000779,POY,866,1,GAGAL - selalu unit_cost=1,3.024668,CALCULATED
CSTPOY2606000780,POY,867,1,GAGAL - selalu unit_cost=1,3.024668,CALCULATED
CSTPOY2606000781,POY,868,1,GAGAL - selalu unit_cost=1,3.009727,CALCULATED
CSTPOY2606000782,POY,869,1,GAGAL - selalu unit_cost=1,3.029655,CALCULATED
CSTPOY2606000783,POY,870,1,GAGAL - selalu unit_cost=1,3.029655,CALCULATED
CSTPOY2606000784,POY,871,1,GAGAL - selalu unit_cost=1,3.024668,CALCULATED
CSTPOY2606000785,POY,872,1,GAGAL - selalu unit_cost=1,3.024668,CALCULATED
CSTPOY2606000786,POY,873,1,GAGAL - selalu unit_cost=1,3.024668,CALCULATED
CSTPOY2606000787,POY,874,1,GAGAL - selalu unit_cost=1,3.009727,CALCULATED
CSTPOY2606000788,POY,875,1,GAGAL - selalu unit_cost=1,3.004753,CALCULATED
CSTPOY2606000789,POY,876,1,GAGAL - selalu unit_cost=1,3.029655,CALCULATED
CSTPOY2606000790,POY,877,1,GAGAL - selalu unit_cost=1,3.029655,CALCULATED
CSTPOY2606000792,POY,879,1,GAGAL - selalu unit_cost=1,3.029655,CALCULATED
CSTPOY2606000794,POY,881,1,GAGAL - selalu unit_cost=1,3.024668,CALCULATED
CSTPOY2606000797,POY,884,1,GAGAL - selalu unit_cost=1,3.030453,CALCULATED
CSTPOY2606000798,POY,885,1,GAGAL - selalu unit_cost=1,3.029256,CALCULATED
CSTPOY2606000799,POY,886,1,GAGAL - selalu unit_cost=1,3.029655,CALCULATED
CSTPOY2606000801,POY,888,1,GAGAL - selalu unit_cost=1,3.024668,CALCULATED
CSTPOY2606000802,POY,889,1,GAGAL - selalu unit_cost=1,3.024668,CALCULATED
CSTPOY2606000803,POY,890,1,GAGAL - selalu unit_cost=1,3.030952,CALCULATED
CSTPOY2606000804,POY,891,1,GAGAL - selalu unit_cost=1,3.028757,CALCULATED
CSTPOY2606000805,POY,892,1,GAGAL - selalu unit_cost=1,3.031940,CALCULATED
CSTPOY2606000806,POY,893,1,GAGAL - selalu unit_cost=1,3.029655,CALCULATED
CSTPOY2606000807,POY,894,1,GAGAL - selalu unit_cost=1,2.999783,CALCULATED
CSTPOY2606000808,POY,895,1,GAGAL - selalu unit_cost=1,2.999783,CALCULATED
CSTPOY2606000809,POY,896,1,GAGAL - selalu unit_cost=1,3.029655,CALCULATED
CSTPOY2606000810,POY,897,1,GAGAL - selalu unit_cost=1,3.029655,CALCULATED
CSTPOY2606000811,POY,898,1,GAGAL - selalu unit_cost=1,3.024668,CALCULATED
CSTPOY2606000812,POY,899,1,GAGAL - selalu unit_cost=1,3.024668,CALCULATED
CSTPOY2606000814,POY,901,1,GAGAL - selalu unit_cost=1,3.024668,CALCULATED
CSTPOY2606000815,POY,902,1,GAGAL - selalu unit_cost=1,3.029655,CALCULATED
CSTPOY2606000816,POY,903,1,GAGAL - selalu unit_cost=1,3.029655,CALCULATED
CSTPOY2606000817,POY,904,1,GAGAL - selalu unit_cost=1,3.014704,CALCULATED
CSTPOY2606000818,POY,905,1,GAGAL - selalu unit_cost=1,3.014704,CALCULATED
CSTPOY2606000819,POY,906,1,GAGAL - selalu unit_cost=1,3.029655,CALCULATED
CSTPOY2606000820,POY,907,1,GAGAL - selalu unit_cost=1,3.029156,CALCULATED
CSTPOY2606000821,POY,908,1,GAGAL - selalu unit_cost=1,3.026662,CALCULATED
CSTPOY2606000822,POY,909,1,GAGAL - selalu unit_cost=1,3.026662,CALCULATED
CSTPOY2606000823,POY,910,1,GAGAL - selalu unit_cost=1,3.021677,CALCULATED
CSTPOY2606000824,POY,911,1,GAGAL - selalu unit_cost=1,3.024668,CALCULATED
CSTPOY2606000825,POY,912,1,GAGAL - selalu unit_cost=1,3.004753,CALCULATED
CSTPOY2606000826,POY,913,1,GAGAL - selalu unit_cost=1,3.029156,CALCULATED
CSTPOY2606000827,POY,914,1,GAGAL - selalu unit_cost=1,3.029655,CALCULATED
CSTPOY2606000829,POY,916,1,GAGAL - selalu unit_cost=1,3.024668,CALCULATED
CSTPOY2606000831,POY,918,1,GAGAL - selalu unit_cost=1,3.020282,CALCULATED
CSTPOY2606000833,POY,920,1,GAGAL - selalu unit_cost=1,3.018488,CALCULATED
CSTPOY2606000834,POY,921,1,GAGAL - selalu unit_cost=1,3.009727,CALCULATED
CSTPOY2606000835,POY,922,1,GAGAL - selalu unit_cost=1,3.009727,CALCULATED
CSTPOY2606000836,POY,923,1,GAGAL - selalu unit_cost=1,3.029655,CALCULATED
CSTPOY2606000837,POY,924,1,GAGAL - selalu unit_cost=1,3.034645,CALCULATED
CSTPOY2606000838,POY,925,1,GAGAL - selalu unit_cost=1,3.029655,CALCULATED
CSTPOY2606000839,POY,926,1,GAGAL - selalu unit_cost=1,3.029655,CALCULATED
CSTPOY2606000840,POY,927,1,GAGAL - selalu unit_cost=1,3.029655,CALCULATED
CSTPOY2606000841,POY,928,1,GAGAL - selalu unit_cost=1,2.984895,CALCULATED
CSTPOY2606000842,POY,929,1,GAGAL - selalu unit_cost=1,3.020182,CALCULATED
CSTPOY2606000843,POY,930,1,GAGAL - selalu unit_cost=1,3.024668,CALCULATED
CSTPOY2606000844,POY,931,1,GAGAL - selalu unit_cost=1,3.024668,CALCULATED
CSTPOY2606000845,POY,932,1,GAGAL - selalu unit_cost=1,3.024668,CALCULATED
CSTPOY2606000846,POY,933,1,GAGAL - selalu unit_cost=1,3.024668,CALCULATED
CSTPOY2606000847,POY,934,1,GAGAL - selalu unit_cost=1,3.024668,CALCULATED
CSTPOY2606000848,POY,935,1,GAGAL - selalu unit_cost=1,3.024668,CALCULATED
CSTPOY2606000849,POY,936,1,GAGAL - selalu unit_cost=1,3.029954,CALCULATED
CSTPOY2606000850,POY,937,1,GAGAL - selalu unit_cost=1,3.024668,CALCULATED
CSTPOY2606000853,POY,940,1,GAGAL - selalu unit_cost=1,3.024668,CALCULATED
CSTPOY2606000854,POY,941,1,GAGAL - selalu unit_cost=1,3.006742,CALCULATED
CSTPOY2606000855,POY,942,1,GAGAL - selalu unit_cost=1,3.006742,CALCULATED
CSTPOY2606000856,POY,943,1,GAGAL - selalu unit_cost=1,2.989854,CALCULATED
CSTPOY2606000857,POY,944,1,GAGAL - selalu unit_cost=1,2.989854,CALCULATED
CSTPOY2606000858,POY,945,1,GAGAL - selalu unit_cost=1,2.989854,CALCULATED
CSTPOY2606000861,POY,948,1,GAGAL - selalu unit_cost=1,3.024668,CALCULATED
CSTPOY2606000862,POY,949,1,GAGAL - selalu unit_cost=1,3.024668,CALCULATED
CSTPOY2606000863,POY,950,1,GAGAL - selalu unit_cost=1,2.979940,CALCULATED
CSTPOY2606000864,POY,951,1,GAGAL - selalu unit_cost=1,3.018488,CALCULATED
CSTPOY2606000865,POY,952,1,GAGAL - selalu unit_cost=1,3.024668,CALCULATED
CSTPOY2606000867,POY,954,1,GAGAL - selalu unit_cost=1,3.024668,CALCULATED
CSTPOY2606000868,POY,955,1,GAGAL - selalu unit_cost=1,3.006941,CALCULATED
CSTPOY2606000870,POY,957,1,GAGAL - selalu unit_cost=1,3.034645,CALCULATED
CSTPOY2606000871,POY,958,1,GAGAL - selalu unit_cost=1,3.034645,CALCULATED
CSTPOY2606000872,POY,959,1,GAGAL - selalu unit_cost=1,3.013210,CALCULATED
CSTPOY2606000877,POY,964,1,GAGAL - selalu unit_cost=1,3.031850,CALCULATED
CSTPOY2606000878,POY,965,1,GAGAL - selalu unit_cost=1,3.024668,CALCULATED
CSTPOY2606000880,POY,967,1,GAGAL - selalu unit_cost=1,2.993328,CALCULATED
CSTPOY2606000881,POY,968,1,GAGAL - selalu unit_cost=1,3.031651,CALCULATED
CSTPOY2606000882,POY,969,1,GAGAL - selalu unit_cost=1,3.026163,CALCULATED
CSTPOY2606000883,POY,970,1,GAGAL - selalu unit_cost=1,3.024668,CALCULATED
CSTPOY2606000884,POY,971,1,GAGAL - selalu unit_cost=1,3.024668,CALCULATED
CSTPOY2606000886,POY,973,1,GAGAL - selalu unit_cost=1,3.019684,CALCULATED
CSTPOY2606000887,POY,974,1,GAGAL - selalu unit_cost=1,2.986878,CALCULATED
CSTPOY2606000893,POY,980,1,GAGAL - selalu unit_cost=1,3.016695,CALCULATED
CSTPOY2606000894,POY,981,1,GAGAL - selalu unit_cost=1,3.024668,CALCULATED
CSTPOY2606000898,POY,985,1,GAGAL - selalu unit_cost=1,2.996803,CALCULATED
CSTPOY2606000899,POY,986,1,GAGAL - selalu unit_cost=1,3.024668,CALCULATED
CSTPOY2606000900,POY,987,1,GAGAL - selalu unit_cost=1,3.024668,CALCULATED
CSTPOY2606000902,POY,989,1,GAGAL - selalu unit_cost=1,3.034645,CALCULATED
CSTPOY2606000903,POY,990,1,GAGAL - selalu unit_cost=1,3.018688,CALCULATED
CSTPOY2606000908,POY,995,1,GAGAL - selalu unit_cost=1,3.004753,CALCULATED
CSTPOY2606000909,POY,996,1,GAGAL - selalu unit_cost=1,3.004753,CALCULATED
CSTPOY2606000910,POY,997,1,GAGAL - selalu unit_cost=1,2.994817,CALCULATED
CSTPOY2606000911,POY,998,1,GAGAL - selalu unit_cost=1,2.999783,CALCULATED
CSTPOY2606000912,POY,999,1,GAGAL - selalu unit_cost=1,2.994817,CALCULATED
CSTPOY2606000913,POY,1000,1,GAGAL - selalu unit_cost=1,3.014704,CALCULATED
CSTPOY2606000915,POY,1002,1,GAGAL - selalu unit_cost=1,3.024668,CALCULATED
CSTPOY2606000916,POY,1003,1,GAGAL - selalu unit_cost=1,3.024668,CALCULATED
CSTPOY2606000917,POY,1004,1,GAGAL - selalu unit_cost=1,3.024668,CALCULATED
CSTPOY2606000918,POY,1005,1,GAGAL - selalu unit_cost=1,3.009727,CALCULATED
CSTPOY2606000919,POY,1006,1,GAGAL - selalu unit_cost=1,3.029655,CALCULATED
CSTPOY2606000921,POY,1008,1,GAGAL - selalu unit_cost=1,3.022674,CALCULATED
CSTPOY2606000927,POY,1014,1,GAGAL - selalu unit_cost=1,3.027161,CALCULATED
CSTPOY2606000928,POY,1015,1,GAGAL - selalu unit_cost=1,3.012712,CALCULATED
CSTPOY2606000929,POY,1016,1,GAGAL - selalu unit_cost=1,3.018488,CALCULATED
CSTPOY2606000930,POY,1017,1,GAGAL - selalu unit_cost=1,3.023671,CALCULATED
CSTPOY2606000931,POY,1018,1,GAGAL - selalu unit_cost=1,3.028757,CALCULATED
CSTPOY2606000932,POY,1019,1,GAGAL - selalu unit_cost=1,3.029655,CALCULATED
CSTPOY2606000933,POY,1020,1,GAGAL - selalu unit_cost=1,3.034645,CALCULATED
CSTPOY2606000934,POY,1021,1,GAGAL - selalu unit_cost=1,3.011717,CALCULATED
CSTPOY2606000935,POY,1022,1,GAGAL - selalu unit_cost=1,3.028657,CALCULATED
CSTPOY2606000936,POY,1023,1,GAGAL - selalu unit_cost=1,2.991839,CALCULATED
CSTPOY2606000937,POY,1024,1,GAGAL - selalu unit_cost=1,3.034645,CALCULATED
CSTPOY2606000938,POY,1025,1,GAGAL - selalu unit_cost=1,2.994817,CALCULATED
CSTPOY2606000939,POY,1026,1,GAGAL - selalu unit_cost=1,3.024668,CALCULATED
CSTPOY2606000940,POY,1027,1,GAGAL - selalu unit_cost=1,3.009727,CALCULATED
CSTPOY2606000941,POY,1028,1,GAGAL - selalu unit_cost=1,3.024668,CALCULATED
CSTPOY2606000942,POY,1029,1,GAGAL - selalu unit_cost=1,3.004753,CALCULATED
CSTPOY2606000943,POY,1030,1,GAGAL - selalu unit_cost=1,3.013210,CALCULATED
CSTPOY2606000944,POY,1031,1,GAGAL - selalu unit_cost=1,3.023870,CALCULATED
CSTPOY2606000945,POY,1032,1,GAGAL - selalu unit_cost=1,3.009229,CALCULATED
CSTPOY2606000946,POY,1033,1,GAGAL - selalu unit_cost=1,3.029655,CALCULATED
CSTPOY2606000947,POY,1034,1,GAGAL - selalu unit_cost=1,2.989854,CALCULATED
CSTPOY2606000948,POY,1035,1,GAGAL - selalu unit_cost=1,3.029655,CALCULATED
CSTPOY2606000949,POY,1036,1,GAGAL - selalu unit_cost=1,3.030852,CALCULATED
CSTPOY2606000950,POY,1037,1,GAGAL - selalu unit_cost=1,3.026163,CALCULATED
CSTPOY2606000951,POY,1038,1,GAGAL - selalu unit_cost=1,3.034645,CALCULATED
CSTPOY2606000952,POY,1039,1,GAGAL - selalu unit_cost=1,3.018688,CALCULATED
CSTPOY2606000953,POY,1040,1,GAGAL - selalu unit_cost=1,3.034146,CALCULATED
CSTPOY2606000954,POY,1041,1,GAGAL - selalu unit_cost=1,3.024668,CALCULATED
CSTPOY2606000955,POY,1042,1,GAGAL - selalu unit_cost=1,3.024668,CALCULATED
CSTPOY2606000956,POY,1043,1,GAGAL - selalu unit_cost=1,3.009727,CALCULATED
CSTPOY2606000957,POY,1044,1,GAGAL - selalu unit_cost=1,3.009727,CALCULATED
CSTPOY2606000958,POY,1045,1,GAGAL - selalu unit_cost=1,3.004753,CALCULATED
CSTPOY2606000959,POY,1046,1,GAGAL - selalu unit_cost=1,3.004753,CALCULATED
CSTPOY2606000960,POY,1047,1,GAGAL - selalu unit_cost=1,2.994817,CALCULATED
CSTPOY2606000961,POY,1048,1,GAGAL - selalu unit_cost=1,2.994817,CALCULATED
CSTPOY2606000962,POY,1049,1,GAGAL - selalu unit_cost=1,3.024668,CALCULATED
CSTPOY2606000963,POY,1050,1,GAGAL - selalu unit_cost=1,3.024668,CALCULATED
CSTPOY2606000964,POY,1051,1,GAGAL - selalu unit_cost=1,3.024668,CALCULATED
CSTPOY2606000965,POY,1052,1,GAGAL - selalu unit_cost=1,3.024668,CALCULATED
CSTPOY2606000966,POY,1053,1,GAGAL - selalu unit_cost=1,3.024668,CALCULATED
CSTPOY2606000967,POY,1054,1,GAGAL - selalu unit_cost=1,3.024668,CALCULATED
CSTPOY2606000968,POY,1055,1,GAGAL - selalu unit_cost=1,3.004753,CALCULATED
CSTPOY2606000969,POY,1056,1,GAGAL - selalu unit_cost=1,3.004753,CALCULATED
CSTPOY2606000970,POY,1057,1,GAGAL - selalu unit_cost=1,3.024668,CALCULATED
CSTPOY2606000971,POY,1058,1,GAGAL - selalu unit_cost=1,3.009727,CALCULATED
CSTPOY2606000972,POY,1059,1,GAGAL - selalu unit_cost=1,3.029355,CALCULATED
CSTPOY2606000973,POY,1060,1,GAGAL - selalu unit_cost=1,3.029655,CALCULATED
CSTPOY2606000975,POY,1062,1,GAGAL - selalu unit_cost=1,3.022674,CALCULATED
CSTPOY2606000976,POY,1063,1,GAGAL - selalu unit_cost=1,3.024668,CALCULATED
CSTPOY2606000977,POY,1064,1,GAGAL - selalu unit_cost=1,3.014704,CALCULATED
CSTPOY2606000978,POY,1065,1,GAGAL - selalu unit_cost=1,3.009727,CALCULATED
CSTPOY2606000979,POY,1066,1,GAGAL - selalu unit_cost=1,3.024668,CALCULATED
CSTPOY2606000980,POY,1067,1,GAGAL - selalu unit_cost=1,3.024668,CALCULATED
CSTPOY2606000981,POY,1068,1,GAGAL - selalu unit_cost=1,2.994817,CALCULATED
CSTPOY2606000982,POY,1069,1,GAGAL - selalu unit_cost=1,2.994817,CALCULATED
CSTPOY2606000986,POY,1073,1,GAGAL - selalu unit_cost=1,3.034645,CALCULATED
CSTPOY2606000987,POY,1074,1,GAGAL - selalu unit_cost=1,3.034645,CALCULATED
CSTPOY2606000988,POY,1075,1,GAGAL - selalu unit_cost=1,3.024668,CALCULATED
CSTPOY2606000989,POY,1076,1,GAGAL - selalu unit_cost=1,2.974989,CALCULATED
CSTPOY2606000990,POY,1077,1,GAGAL - selalu unit_cost=1,2.974989,CALCULATED
CSTPOY2606000991,POY,1078,1,GAGAL - selalu unit_cost=1,2.994817,CALCULATED
CSTPOY2606000992,POY,1079,1,GAGAL - selalu unit_cost=1,3.014704,CALCULATED
CSTPOY2606000993,POY,1080,1,GAGAL - selalu unit_cost=1,3.011717,CALCULATED
CSTPOY2606000994,POY,1081,1,GAGAL - selalu unit_cost=1,3.006742,CALCULATED
CSTPOY2606000995,POY,1082,1,GAGAL - selalu unit_cost=1,3.009727,CALCULATED
CSTPOY2606000996,POY,1083,1,GAGAL - selalu unit_cost=1,3.021677,CALCULATED
CSTPOY2606000997,POY,1084,1,GAGAL - selalu unit_cost=1,3.024668,CALCULATED
CSTPOY2606000998,POY,1085,1,GAGAL - selalu unit_cost=1,3.024668,CALCULATED
CSTPOY2606000999,POY,1086,1,GAGAL - selalu unit_cost=1,3.010722,CALCULATED
CSTPOY2606001000,POY,1087,1,GAGAL - selalu unit_cost=1,3.002964,CALCULATED
CSTPOY2606001001,POY,1088,1,GAGAL - selalu unit_cost=1,3.034146,CALCULATED
CSTPOY2606001003,POY,1090,1,GAGAL - selalu unit_cost=1,3.028657,CALCULATED
CSTPOY2606001004,POY,1091,1,GAGAL - selalu unit_cost=1,2.999783,CALCULATED
CSTPOY2606001005,POY,1092,1,GAGAL - selalu unit_cost=1,3.012712,CALCULATED
CSTPOY2606001009,POY,1096,1,GAGAL - selalu unit_cost=1,3.023073,CALCULATED
CSTPOY2606001012,POY,1099,1,GAGAL - selalu unit_cost=1,3.024668,CALCULATED
CSTPOY2606001013,POY,1100,1,GAGAL - selalu unit_cost=1,3.024668,CALCULATED
CSTPOY2606001014,POY,1101,1,GAGAL - selalu unit_cost=1,3.024668,CALCULATED
CSTPOY2606001015,POY,1102,1,GAGAL - selalu unit_cost=1,3.014704,CALCULATED
CSTPOY2606001017,POY,1104,1,GAGAL - selalu unit_cost=1,3.024668,CALCULATED
CSTPOY2606001019,POY,1106,1,GAGAL - selalu unit_cost=1,3.009727,CALCULATED
CSTPOY2606001021,POY,1108,1,GAGAL - selalu unit_cost=1,3.014704,CALCULATED
CSTPOY2606001022,POY,1109,1,GAGAL - selalu unit_cost=1,3.014704,CALCULATED
CSTPOY2606001023,POY,1110,1,GAGAL - selalu unit_cost=1,3.014704,CALCULATED
CSTPOY2606001024,POY,1111,1,GAGAL - selalu unit_cost=1,2.994817,CALCULATED
CSTPOY2606001025,POY,1112,1,GAGAL - selalu unit_cost=1,2.994817,CALCULATED
CSTPOY2606001026,POY,1113,1,GAGAL - selalu unit_cost=1,3.034645,CALCULATED
CSTPOY2606001027,POY,1114,1,GAGAL - selalu unit_cost=1,3.024668,CALCULATED
CSTPOY2606001028,POY,1115,1,GAGAL - selalu unit_cost=1,3.014704,CALCULATED
CSTPOY2606001029,POY,1116,1,GAGAL - selalu unit_cost=1,3.014704,CALCULATED
CSTPOY2606001030,POY,1117,1,GAGAL - selalu unit_cost=1,3.024668,CALCULATED
CSTPOY2606001031,POY,1118,1,GAGAL - selalu unit_cost=1,3.024668,CALCULATED
CSTPOY2606001034,POY,1121,1,GAGAL - selalu unit_cost=1,3.026662,CALCULATED
CSTPOY2606001035,POY,1122,1,GAGAL - selalu unit_cost=1,3.029655,CALCULATED
CSTPOY2606001040,POY,1127,1,GAGAL - selalu unit_cost=1,3.021677,CALCULATED
CSTPOY2606001042,POY,1129,1,GAGAL - selalu unit_cost=1,3.023671,CALCULATED
CSTPOY2606001045,POY,1132,1,GAGAL - selalu unit_cost=1,2.994817,CALCULATED
CSTPOY2606001046,POY,1133,1,GAGAL - selalu unit_cost=1,3.002765,CALCULATED
CSTPOY2606001047,POY,1134,1,GAGAL - selalu unit_cost=1,3.004753,CALCULATED
CSTPOY2606001048,POY,1135,1,GAGAL - selalu unit_cost=1,3.014007,CALCULATED
CSTPOY2606001049,POY,1136,1,GAGAL - selalu unit_cost=1,3.019684,CALCULATED
CSTPOY2606001050,POY,1137,1,GAGAL - selalu unit_cost=1,3.004753,CALCULATED
CSTPOY2606001051,POY,1138,1,GAGAL - selalu unit_cost=1,3.014704,CALCULATED
CSTPOY2606001052,POY,1139,1,GAGAL - selalu unit_cost=1,2.999783,CALCULATED
CSTPOY2606001053,POY,1140,1,GAGAL - selalu unit_cost=1,3.014704,CALCULATED
CSTPOY2606001054,POY,1141,1,GAGAL - selalu unit_cost=1,3.014704,CALCULATED
CSTPOY2606001055,POY,1142,1,GAGAL - selalu unit_cost=1,3.024668,CALCULATED
CSTPOY2606001058,POY,1145,1,GAGAL - selalu unit_cost=1,3.024668,CALCULATED
CSTPOY2606001059,POY,1146,1,GAGAL - selalu unit_cost=1,3.024668,CALCULATED
CSTPOY2606001064,POY,1151,1,GAGAL - selalu unit_cost=1,3.024668,CALCULATED
CSTPOY2606001067,POY,1154,1,GAGAL - selalu unit_cost=1,3.024668,CALCULATED
CSTPOY2606001068,POY,1155,1,GAGAL - selalu unit_cost=1,3.014704,CALCULATED
CSTPOY2606001069,POY,1156,1,GAGAL - selalu unit_cost=1,3.010722,CALCULATED
CSTPOY2606001070,POY,1157,1,GAGAL - selalu unit_cost=1,3.024668,CALCULATED
CSTPOY2606001071,POY,1158,1,GAGAL - selalu unit_cost=1,3.023671,CALCULATED
CSTPOY2606001072,POY,1159,1,GAGAL - selalu unit_cost=1,3.024668,CALCULATED
CSTPOY2606001073,POY,1160,1,GAGAL - selalu unit_cost=1,3.034645,CALCULATED
CSTPOY2606001075,POY,1162,1,GAGAL - selalu unit_cost=1,3.028857,CALCULATED
CSTPOY2606001077,POY,1164,1,GAGAL - selalu unit_cost=1,2.984895,CALCULATED
CSTPOY2606001078,POY,1165,1,GAGAL - selalu unit_cost=1,3.024668,CALCULATED
CSTPOY2606001079,POY,1166,1,GAGAL - selalu unit_cost=1,3.024668,CALCULATED
CSTPOY2606001080,POY,1167,1,GAGAL - selalu unit_cost=1,3.022674,CALCULATED
CSTPOY2606001086,POY,1173,1,GAGAL - selalu unit_cost=1,3.027660,CALCULATED
CSTPOY2606001088,POY,1175,1,GAGAL - selalu unit_cost=1,3.022674,CALCULATED
CSTPOY2606001091,POY,1178,1,GAGAL - selalu unit_cost=1,3.024668,CALCULATED
CSTPOY2606001094,POY,1181,1,GAGAL - selalu unit_cost=1,3.024668,CALCULATED
CSTPOY2606001095,POY,1182,1,GAGAL - selalu unit_cost=1,3.024668,CALCULATED
CSTPOY2606001098,POY,1185,1,GAGAL - selalu unit_cost=1,3.004753,CALCULATED
CSTPOY2606001099,POY,1186,1,GAGAL - selalu unit_cost=1,3.004753,CALCULATED
CSTPOY2606001100,POY,1187,1,GAGAL - selalu unit_cost=1,2.986878,CALCULATED
CSTPOY2606001102,POY,1189,1,GAGAL - selalu unit_cost=1,3.026662,CALCULATED
CSTPOY2606001103,POY,1190,1,GAGAL - selalu unit_cost=1,3.014704,CALCULATED
CSTPOY2606001104,POY,1191,1,GAGAL - selalu unit_cost=1,3.022674,CALCULATED
CSTPOY2606001105,POY,1192,1,GAGAL - selalu unit_cost=1,2.994817,CALCULATED
CSTPOY2606001106,POY,1193,1,GAGAL - selalu unit_cost=1,3.024668,CALCULATED
CSTPOY2606001107,POY,1194,1,GAGAL - selalu unit_cost=1,3.024668,CALCULATED
CSTPOY2606001108,POY,1195,1,GAGAL - selalu unit_cost=1,3.024668,CALCULATED
CSTPOY2606001109,POY,1196,1,GAGAL - selalu unit_cost=1,3.003262,CALCULATED
CSTPOY2606001111,POY,1198,1,GAGAL - selalu unit_cost=1,3.004753,CALCULATED
CSTPOY2606001112,POY,1199,1,GAGAL - selalu unit_cost=1,3.024668,CALCULATED
CSTPOY2606001113,POY,1200,1,GAGAL - selalu unit_cost=1,3.024668,CALCULATED
CSTPOY2606001114,POY,1201,1,GAGAL - selalu unit_cost=1,3.014704,CALCULATED
CSTPOY2606001115,POY,1202,1,GAGAL - selalu unit_cost=1,2.994817,CALCULATED
CSTPOY2606001116,POY,1203,1,GAGAL - selalu unit_cost=1,3.014704,CALCULATED
CSTPOY2606001117,POY,1204,1,GAGAL - selalu unit_cost=1,3.014704,CALCULATED
CSTPOY2606001118,POY,1205,1,GAGAL - selalu unit_cost=1,3.024668,CALCULATED
CSTPOY2606001119,POY,1206,1,GAGAL - selalu unit_cost=1,2.994817,CALCULATED
CSTPOY2606001120,POY,1207,1,GAGAL - selalu unit_cost=1,3.004753,CALCULATED
CSTPOY2606001121,POY,1208,1,GAGAL - selalu unit_cost=1,2.994817,CALCULATED
CSTPOY2606001123,POY,1210,1,GAGAL - selalu unit_cost=1,3.024668,CALCULATED
CSTPOY2606001124,POY,1211,1,GAGAL - selalu unit_cost=1,3.024668,CALCULATED
CSTPOY2606001125,POY,1212,1,GAGAL - selalu unit_cost=1,3.030154,CALCULATED
CSTPOY2606001126,POY,1213,1,GAGAL - selalu unit_cost=1,3.024668,CALCULATED
CSTPOY2606001127,POY,1214,1,GAGAL - selalu unit_cost=1,3.009727,CALCULATED
CSTPOY2606001128,POY,1215,1,GAGAL - selalu unit_cost=1,3.009727,CALCULATED
CSTPOY2606001129,POY,1216,1,GAGAL - selalu unit_cost=1,3.004753,CALCULATED
CSTPOY2606001130,POY,1217,1,GAGAL - selalu unit_cost=1,3.024668,CALCULATED
CSTPOY2606001131,POY,1218,1,GAGAL - selalu unit_cost=1,2.994817,CALCULATED
CSTPOY2606001132,POY,1219,1,GAGAL - selalu unit_cost=1,2.994817,CALCULATED
CSTPOY2606001133,POY,1220,1,GAGAL - selalu unit_cost=1,3.024668,CALCULATED
CSTPOY2606001134,POY,1221,1,GAGAL - selalu unit_cost=1,3.024668,CALCULATED
CSTPOY2606001135,POY,1222,1,GAGAL - selalu unit_cost=1,3.024668,CALCULATED
CSTPOY2606001136,POY,1223,1,GAGAL - selalu unit_cost=1,3.024668,CALCULATED
CSTPOY2606001137,POY,1224,1,GAGAL - selalu unit_cost=1,3.025665,CALCULATED
CSTPOY2606001140,POY,1227,1,GAGAL - selalu unit_cost=1,2.984895,CALCULATED
CSTPOY2606001141,POY,1228,1,GAGAL - selalu unit_cost=1,2.984895,CALCULATED
CSTPOY2606001145,POY,1232,1,GAGAL - selalu unit_cost=1,3.014704,CALCULATED
CSTPOY2606001146,POY,1233,1,GAGAL - selalu unit_cost=1,3.024668,CALCULATED
CSTPOY2606001148,POY,1235,1,GAGAL - selalu unit_cost=1,3.010722,CALCULATED
CSTPOY2606001150,POY,1237,1,GAGAL - selalu unit_cost=1,3.017492,CALCULATED
CSTPOY2606001153,POY,1240,1,GAGAL - selalu unit_cost=1,3.030952,CALCULATED
CSTPOY2606001154,POY,1241,1,GAGAL - selalu unit_cost=1,2.997896,CALCULATED
CSTPOY2606001155,POY,1242,1,GAGAL - selalu unit_cost=1,3.020044,CALCULATED
CSTPOY2606001156,POY,1243,1,GAGAL - selalu unit_cost=1,3.020044,CALCULATED
CSTPOY2606001157,POY,1244,1,GAGAL - selalu unit_cost=1,3.024668,CALCULATED
CSTPOY2606001158,POY,1245,1,GAGAL - selalu unit_cost=1,2.984895,CALCULATED
CSTPOY2606001159,POY,1246,1,GAGAL - selalu unit_cost=1,3.024668,CALCULATED
CSTPOY2606001160,POY,1247,1,GAGAL - selalu unit_cost=1,3.009727,CALCULATED
CSTPOY2606001161,POY,1248,1,GAGAL - selalu unit_cost=1,3.028458,CALCULATED
CSTPOY2606001162,POY,1249,1,GAGAL - selalu unit_cost=1,2.984895,CALCULATED
CSTPOY2606001163,POY,1250,1,GAGAL - selalu unit_cost=1,3.014704,CALCULATED
CSTPOY2606001164,POY,1251,1,GAGAL - selalu unit_cost=1,3.004753,CALCULATED
CSTPOY2606001165,POY,1252,1,GAGAL - selalu unit_cost=1,3.029655,CALCULATED
CSTPOY2606001166,POY,1253,1,GAGAL - selalu unit_cost=1,3.024668,CALCULATED
CSTPOY2606001167,POY,1254,1,GAGAL - selalu unit_cost=1,3.009727,CALCULATED
CSTPOY2606001168,POY,1255,1,GAGAL - selalu unit_cost=1,3.024668,CALCULATED
CSTPOY2606001169,POY,1256,1,GAGAL - selalu unit_cost=1,3.024668,CALCULATED
CSTPOY2606001170,POY,1257,1,GAGAL - selalu unit_cost=1,3.024668,CALCULATED
CSTPOY2606001171,POY,1258,1,GAGAL - selalu unit_cost=1,3.024668,CALCULATED
CSTPOY2606001172,POY,1259,1,GAGAL - selalu unit_cost=1,3.024668,CALCULATED
CSTPOY2606001173,POY,1260,1,GAGAL - selalu unit_cost=1,3.024668,CALCULATED
CSTPOY2606001174,POY,1261,1,GAGAL - selalu unit_cost=1,3.024668,CALCULATED
CSTPOY2606001175,POY,1262,1,GAGAL - selalu unit_cost=1,3.014704,CALCULATED
CSTPOY2606001176,POY,1263,1,GAGAL - selalu unit_cost=1,3.004753,CALCULATED
CSTPOY2606001177,POY,1264,1,GAGAL - selalu unit_cost=1,3.004753,CALCULATED
CSTPOY2606001186,POY,1273,1,GAGAL - selalu unit_cost=1,3.024668,CALCULATED
CSTPOY2606001187,POY,1274,1,GAGAL - selalu unit_cost=1,3.019684,CALCULATED
CSTPOY2606001188,POY,1275,1,GAGAL - selalu unit_cost=1,3.019684,CALCULATED
CSTPOY2606001189,POY,1276,1,GAGAL - selalu unit_cost=1,3.014704,CALCULATED
CSTPOY2606001190,POY,1277,1,GAGAL - selalu unit_cost=1,3.024668,CALCULATED
CSTPOY2606001191,POY,1278,1,GAGAL - selalu unit_cost=1,3.014704,CALCULATED
CSTPOY2606001192,POY,1279,1,GAGAL - selalu unit_cost=1,3.019684,CALCULATED
CSTPOY2606001193,POY,1280,1,GAGAL - selalu unit_cost=1,3.014704,CALCULATED
CSTPOY2606001194,POY,1281,1,GAGAL - selalu unit_cost=1,3.029655,CALCULATED
CSTPOY2606001195,POY,1282,1,GAGAL - selalu unit_cost=1,3.024668,CALCULATED
CSTPOY2606001196,POY,1283,1,GAGAL - selalu unit_cost=1,3.024668,CALCULATED
CSTPOY2606001197,POY,1284,1,GAGAL - selalu unit_cost=1,3.024668,CALCULATED
CSTPOY2606001198,POY,1285,1,GAGAL - selalu unit_cost=1,3.024668,CALCULATED
CSTPOY2606001199,POY,1286,1,GAGAL - selalu unit_cost=1,3.024668,CALCULATED
CSTPOY2606001200,POY,1287,1,GAGAL - selalu unit_cost=1,3.024668,CALCULATED
CSTPOY2606001201,POY,1288,1,GAGAL - selalu unit_cost=1,3.024668,CALCULATED
CSTPOY2606001202,POY,1289,1,GAGAL - selalu unit_cost=1,3.024668,CALCULATED
CSTPOY2606001203,POY,1290,1,GAGAL - selalu unit_cost=1,3.024668,CALCULATED
CSTPOY2606001204,POY,1291,1,GAGAL - selalu unit_cost=1,3.024668,CALCULATED
CSTPOY2606001205,POY,1292,1,GAGAL - selalu unit_cost=1,3.024668,CALCULATED
CSTPOY2606001206,POY,1293,1,GAGAL - selalu unit_cost=1,3.014704,CALCULATED
CSTPOY2606001207,POY,1294,1,GAGAL - selalu unit_cost=1,3.024668,CALCULATED
CSTPOY2606001208,POY,1295,1,GAGAL - selalu unit_cost=1,3.011717,CALCULATED
CSTPOY2606001212,POY,1299,1,GAGAL - selalu unit_cost=1,3.024668,CALCULATED
CSTPOY2606001213,POY,1300,1,GAGAL - selalu unit_cost=1,3.017592,CALCULATED
CSTPOY2606001214,POY,1301,1,GAGAL - selalu unit_cost=1,3.029655,CALCULATED
CSTPOY2606001216,POY,1303,1,GAGAL - selalu unit_cost=1,3.022375,CALCULATED
CSTPOY2606001218,POY,1305,1,GAGAL - selalu unit_cost=1,3.024668,CALCULATED
CSTPOY2606001219,POY,1306,1,GAGAL - selalu unit_cost=1,3.024668,CALCULATED
CSTPOY2606001220,POY,1307,1,GAGAL - selalu unit_cost=1,3.014704,CALCULATED
CSTPOY2606001221,POY,1308,1,GAGAL - selalu unit_cost=1,3.024668,CALCULATED
CSTPOY2606001222,POY,1309,1,GAGAL - selalu unit_cost=1,3.024668,CALCULATED
CSTPOY2606001223,POY,1310,1,GAGAL - selalu unit_cost=1,3.024668,CALCULATED
CSTPOY2606001224,POY,1311,1,GAGAL - selalu unit_cost=1,3.024668,CALCULATED
CSTPOY2606001225,POY,1312,1,GAGAL - selalu unit_cost=1,3.014704,CALCULATED
CSTPOY2606001226,POY,1313,1,GAGAL - selalu unit_cost=1,3.023471,CALCULATED
CSTPOY2606001227,POY,1314,1,GAGAL - selalu unit_cost=1,3.024668,CALCULATED
CSTPOY2606001228,POY,1315,1,GAGAL - selalu unit_cost=1,2.984895,CALCULATED
CSTPOY2606001229,POY,1316,1,GAGAL - selalu unit_cost=1,3.004753,CALCULATED
CSTPOY2606001230,POY,1317,1,GAGAL - selalu unit_cost=1,3.024668,CALCULATED
CSTPOY2606001231,POY,1318,1,GAGAL - selalu unit_cost=1,3.024668,CALCULATED
CSTPOY2606001232,POY,1319,1,GAGAL - selalu unit_cost=1,3.023671,CALCULATED
CSTPOY2606001233,POY,1320,1,GAGAL - selalu unit_cost=1,3.024668,CALCULATED
CSTPOY2606001234,POY,1321,1,GAGAL - selalu unit_cost=1,3.024668,CALCULATED
CSTPOY2606001235,POY,1322,1,GAGAL - selalu unit_cost=1,3.014704,CALCULATED
CSTPOY2606001236,POY,1323,1,GAGAL - selalu unit_cost=1,3.024668,CALCULATED
CSTPOY2606001237,POY,1324,1,GAGAL - selalu unit_cost=1,3.024668,CALCULATED
CSTPOY2606001238,POY,1325,1,GAGAL - selalu unit_cost=1,3.024668,CALCULATED
CSTPOY2606001239,POY,1326,1,GAGAL - selalu unit_cost=1,3.024668,CALCULATED
CSTPOY2606001240,POY,1327,1,GAGAL - selalu unit_cost=1,3.024668,CALCULATED
CSTPOY2606001241,POY,1328,1,GAGAL - selalu unit_cost=1,3.024668,CALCULATED
CSTPOY2606001242,POY,1329,1,GAGAL - selalu unit_cost=1,3.024668,CALCULATED
CSTPOY2606001243,POY,1330,1,GAGAL - selalu unit_cost=1,3.024668,CALCULATED
CSTPOY2606001244,POY,1331,1,GAGAL - selalu unit_cost=1,3.024668,CALCULATED
CSTPOY2606001245,POY,1332,1,GAGAL - selalu unit_cost=1,3.026163,CALCULATED
CSTPOY2606001246,POY,1333,1,GAGAL - selalu unit_cost=1,3.024668,CALCULATED
CSTPOY2606001247,POY,1334,1,GAGAL - selalu unit_cost=1,3.024668,CALCULATED
CSTPOY2606001248,POY,1335,1,GAGAL - selalu unit_cost=1,3.024668,CALCULATED
CSTPOY2606001249,POY,1336,1,GAGAL - selalu unit_cost=1,3.024668,CALCULATED
CSTPOY2606001250,POY,1337,1,GAGAL - selalu unit_cost=1,3.024668,CALCULATED
CSTPOY2606001251,POY,1338,1,GAGAL - selalu unit_cost=1,2.984895,CALCULATED
CSTPOY2606001252,POY,1339,1,GAGAL - selalu unit_cost=1,3.024668,CALCULATED
CSTPOY2606001253,POY,1340,1,GAGAL - selalu unit_cost=1,3.024668,CALCULATED
CSTPOY2606001254,POY,1341,1,GAGAL - selalu unit_cost=1,3.024668,CALCULATED
CSTPOY2606001255,POY,1342,1,GAGAL - selalu unit_cost=1,3.004753,CALCULATED
CSTPOY2606001256,POY,1343,1,GAGAL - selalu unit_cost=1,2.994817,CALCULATED
CSTPOY2606001257,POY,1344,1,GAGAL - selalu unit_cost=1,3.024668,CALCULATED
CSTPOY2606001258,POY,1345,1,GAGAL - selalu unit_cost=1,3.023671,CALCULATED
CSTPOY2606001259,POY,1346,1,GAGAL - selalu unit_cost=1,2.994817,CALCULATED
CSTPOY2606001260,POY,1347,1,GAGAL - selalu unit_cost=1,3.021677,CALCULATED
CSTPOY2606001261,POY,1348,1,GAGAL - selalu unit_cost=1,3.004753,CALCULATED
CSTPOY2606001262,POY,1349,1,GAGAL - selalu unit_cost=1,2.994817,CALCULATED
CSTPOY2606001263,POY,1350,1,GAGAL - selalu unit_cost=1,3.014704,CALCULATED
CSTPOY2606001266,POY,1353,1,GAGAL - selalu unit_cost=1,3.014704,CALCULATED
CSTPOY2606001267,POY,1354,1,GAGAL - selalu unit_cost=1,3.014704,CALCULATED
CSTPOY2606001268,POY,1355,1,GAGAL - selalu unit_cost=1,3.004753,CALCULATED
CSTPOY2606001269,POY,1356,1,GAGAL - selalu unit_cost=1,3.028158,CALCULATED
CSTPOY2606001274,POY,1361,1,GAGAL - selalu unit_cost=1,3.032150,CALCULATED
CSTPOY2606001275,POY,1362,1,GAGAL - selalu unit_cost=1,3.022175,CALCULATED
CSTPOY2606001277,POY,1364,1,GAGAL - selalu unit_cost=1,3.014704,CALCULATED
CSTPOY2606001280,POY,1367,1,GAGAL - selalu unit_cost=1,3.024668,CALCULATED
CSTPOY2606001281,POY,1368,1,GAGAL - selalu unit_cost=1,3.014704,CALCULATED
CSTPOY2606001282,POY,1369,1,GAGAL - selalu unit_cost=1,3.024668,CALCULATED
CSTPOY2606001283,POY,1370,1,GAGAL - selalu unit_cost=1,3.024668,CALCULATED
CSTPOY2606001284,POY,1371,1,GAGAL - selalu unit_cost=1,3.024668,CALCULATED
CSTPOY2606001285,POY,1372,1,GAGAL - selalu unit_cost=1,3.024668,CALCULATED
CSTPOY2606001286,POY,1373,1,GAGAL - selalu unit_cost=1,3.024668,CALCULATED
CSTPOY2606001287,POY,1374,1,GAGAL - selalu unit_cost=1,3.016695,CALCULATED
CSTPOY2606001288,POY,1375,1,GAGAL - selalu unit_cost=1,2.984895,CALCULATED
CSTPOY2606001289,POY,1376,1,GAGAL - selalu unit_cost=1,2.984895,CALCULATED
CSTPOY2606001291,POY,1378,1,GAGAL - selalu unit_cost=1,3.024668,CALCULATED
CSTPOY2606001292,POY,1379,1,GAGAL - selalu unit_cost=1,3.024668,CALCULATED
CSTPOY2606001293,POY,1380,1,GAGAL - selalu unit_cost=1,3.024668,CALCULATED
CSTPOY2606001294,POY,1381,1,GAGAL - selalu unit_cost=1,2.984895,CALCULATED
CSTPOY2606001295,POY,1382,1,GAGAL - selalu unit_cost=1,2.994817,CALCULATED
CSTPOY2606001296,POY,1383,1,GAGAL - selalu unit_cost=1,2.994817,CALCULATED
CSTPOY2606001297,POY,1384,1,GAGAL - selalu unit_cost=1,3.024668,CALCULATED
CSTPOY2606001298,POY,1385,1,GAGAL - selalu unit_cost=1,3.024668,CALCULATED
CSTPOY2606001299,POY,1386,1,GAGAL - selalu unit_cost=1,3.024668,CALCULATED
CSTPOY2606001300,POY,1387,1,GAGAL - selalu unit_cost=1,3.024668,CALCULATED
CSTPOY2606001301,POY,1388,1,GAGAL - selalu unit_cost=1,2.994817,CALCULATED
CSTPOY2606001302,POY,1389,1,GAGAL - selalu unit_cost=1,2.994817,CALCULATED
CSTPOY2606001303,POY,1390,1,GAGAL - selalu unit_cost=1,3.024668,CALCULATED
CSTPOY2606001304,POY,1391,1,GAGAL - selalu unit_cost=1,3.024668,CALCULATED
CSTPOY2606001305,POY,1392,1,GAGAL - selalu unit_cost=1,3.024668,CALCULATED
CSTPOY2606001306,POY,1393,1,GAGAL - selalu unit_cost=1,3.024668,CALCULATED
CSTPOY2606001307,POY,1394,1,GAGAL - selalu unit_cost=1,2.984895,CALCULATED
CSTPOY2606001308,POY,1395,1,GAGAL - selalu unit_cost=1,3.024668,CALCULATED
CSTPOY2606001309,POY,1396,1,GAGAL - selalu unit_cost=1,3.024668,CALCULATED
CSTPOY2606001310,POY,1397,1,GAGAL - selalu unit_cost=1,3.024668,CALCULATED
CSTPOY2606001311,POY,1398,1,GAGAL - selalu unit_cost=1,3.024668,CALCULATED
CSTPOY2606001312,POY,1399,1,GAGAL - selalu unit_cost=1,3.024668,CALCULATED
CSTPOY2606001313,POY,1400,1,GAGAL - selalu unit_cost=1,3.024668,CALCULATED
CSTPOY2606001314,POY,1401,1,GAGAL - selalu unit_cost=1,3.024668,CALCULATED
CSTPOY2606001315,POY,1402,1,GAGAL - selalu unit_cost=1,3.024668,CALCULATED
CSTPOY2606001316,POY,1403,1,GAGAL - selalu unit_cost=1,3.024668,CALCULATED
CSTPOY2606001317,POY,1404,1,GAGAL - selalu unit_cost=1,3.019684,CALCULATED
CSTPOY2606001318,POY,1405,1,GAGAL - selalu unit_cost=1,3.009727,CALCULATED
CSTPOY2606001319,POY,1406,1,GAGAL - selalu unit_cost=1,3.009727,CALCULATED
CSTPOY2606001320,POY,1407,1,GAGAL - selalu unit_cost=1,3.027859,CALCULATED
CSTPOY2606001321,POY,1408,1,GAGAL - selalu unit_cost=1,3.023671,CALCULATED
CSTPOY2606001324,POY,1411,1,GAGAL - selalu unit_cost=1,3.026662,CALCULATED
CSTPOY2606001325,POY,1412,1,GAGAL - selalu unit_cost=1,3.024668,CALCULATED
CSTPOY2606001326,POY,1413,1,GAGAL - selalu unit_cost=1,3.027261,CALCULATED
CSTPOY2606001327,POY,1414,1,GAGAL - selalu unit_cost=1,3.024668,CALCULATED
CSTPOY2606001328,POY,1415,1,GAGAL - selalu unit_cost=1,3.029156,CALCULATED
CSTPOY2606001329,POY,1416,1,GAGAL - selalu unit_cost=1,3.004753,CALCULATED
CSTPOY2606001330,POY,1417,1,GAGAL - selalu unit_cost=1,3.024668,CALCULATED
CSTPOY2606001331,POY,1418,1,GAGAL - selalu unit_cost=1,2.997697,CALCULATED
CSTPOY2606001332,POY,1419,1,GAGAL - selalu unit_cost=1,3.020381,CALCULATED
CSTPOY2606001333,POY,1420,1,GAGAL - selalu unit_cost=1,3.034645,CALCULATED
CSTPOY2606001334,POY,1421,1,GAGAL - selalu unit_cost=1,3.027660,CALCULATED
CSTPOY2606001335,POY,1422,1,GAGAL - selalu unit_cost=1,3.006046,CALCULATED
CSTPOY2606001336,POY,1423,1,GAGAL - selalu unit_cost=1,2.984895,CALCULATED
CSTPOY2606001337,POY,1424,1,GAGAL - selalu unit_cost=1,3.024668,CALCULATED
CSTPOY2606001338,POY,1425,1,GAGAL - selalu unit_cost=1,3.024668,CALCULATED
CSTPOY2606001339,POY,1426,1,GAGAL - selalu unit_cost=1,3.024169,CALCULATED
CSTPOY2606001340,POY,1427,1,GAGAL - selalu unit_cost=1,3.004753,CALCULATED
CSTPOY2606001341,POY,1428,1,GAGAL - selalu unit_cost=1,3.004753,CALCULATED
CSTPOY2606001342,POY,1429,1,GAGAL - selalu unit_cost=1,3.014704,CALCULATED
CSTPOY2606001343,POY,1430,1,GAGAL - selalu unit_cost=1,3.034645,CALCULATED
CSTPOY2606001345,POY,1432,1,GAGAL - selalu unit_cost=1,3.025166,CALCULATED
CSTPOY2606001346,POY,1433,1,GAGAL - selalu unit_cost=1,3.024668,CALCULATED
CSTPOY2606001347,POY,1434,1,GAGAL - selalu unit_cost=1,3.024668,CALCULATED
CSTPOY2606001348,POY,1435,1,GAGAL - selalu unit_cost=1,3.025665,CALCULATED
CSTPOY2606001349,POY,1436,1,GAGAL - selalu unit_cost=1,3.004753,CALCULATED
CSTPOY2606001350,POY,1437,1,GAGAL - selalu unit_cost=1,3.004753,CALCULATED
CSTPOY2606001351,POY,1438,1,GAGAL - selalu unit_cost=1,2.994817,CALCULATED
CSTPOY2606001352,POY,1439,1,GAGAL - selalu unit_cost=1,3.004753,CALCULATED
CSTPOY2606001353,POY,1440,1,GAGAL - selalu unit_cost=1,3.024668,CALCULATED
CSTPOY2606001354,POY,1441,1,GAGAL - selalu unit_cost=1,3.004753,CALCULATED
CSTPOY2606001355,POY,1442,1,GAGAL - selalu unit_cost=1,3.004753,CALCULATED
CSTPOY2606001356,POY,1443,1,GAGAL - selalu unit_cost=1,3.004753,CALCULATED
CSTPOY2606001357,POY,1444,1,GAGAL - selalu unit_cost=1,2.994817,CALCULATED
CSTPOY2606001358,POY,1445,1,GAGAL - selalu unit_cost=1,2.994817,CALCULATED
CSTPOY2606001359,POY,1446,1,GAGAL - selalu unit_cost=1,3.024668,CALCULATED
CSTPOY2606001360,POY,1447,1,GAGAL - selalu unit_cost=1,3.024668,CALCULATED
CSTPOY2606001361,POY,1448,1,GAGAL - selalu unit_cost=1,3.004753,CALCULATED
CSTPOY2606001362,POY,1449,1,GAGAL - selalu unit_cost=1,3.029655,CALCULATED
CSTPOY2606001363,POY,1450,1,GAGAL - selalu unit_cost=1,3.029655,CALCULATED
CSTPOY2606001364,POY,1451,1,GAGAL - selalu unit_cost=1,3.029655,CALCULATED
CSTPOY2606001365,POY,1452,1,GAGAL - selalu unit_cost=1,2.994817,CALCULATED
CSTPOY2606001366,POY,1453,1,GAGAL - selalu unit_cost=1,2.994817,CALCULATED
CSTPOY2606001367,POY,1454,1,GAGAL - selalu unit_cost=1,3.004753,CALCULATED
CSTPOY2606001368,POY,1455,1,GAGAL - selalu unit_cost=1,3.004753,CALCULATED
CSTPOY2606001369,POY,1456,1,GAGAL - selalu unit_cost=1,3.024668,CALCULATED
CSTPOY2606001370,POY,1457,1,GAGAL - selalu unit_cost=1,3.029655,CALCULATED
CSTPOY2606001371,POY,1458,1,GAGAL - selalu unit_cost=1,3.029655,CALCULATED
CSTPOY2606001372,POY,1459,1,GAGAL - selalu unit_cost=1,2.994817,CALCULATED
CSTPOY2606001373,POY,1460,1,GAGAL - selalu unit_cost=1,2.994817,CALCULATED
CSTPOY2606001374,POY,1461,1,GAGAL - selalu unit_cost=1,3.024668,CALCULATED
CSTPOY2606001375,POY,1462,1,GAGAL - selalu unit_cost=1,3.029655,CALCULATED
CSTPOY2606001376,POY,1463,1,GAGAL - selalu unit_cost=1,3.029655,CALCULATED
CSTPOY2606001377,POY,1464,1,GAGAL - selalu unit_cost=1,3.024668,CALCULATED
CSTPOY2606001378,POY,1465,1,GAGAL - selalu unit_cost=1,3.029655,CALCULATED
CSTPOY2606001379,POY,1466,1,GAGAL - selalu unit_cost=1,3.029655,CALCULATED
CSTPOY2606001380,POY,1467,1,GAGAL - selalu unit_cost=1,3.029655,CALCULATED
CSTPOY2606001381,POY,1468,1,GAGAL - selalu unit_cost=1,3.029655,CALCULATED
CSTPOY2606001382,POY,1469,1,GAGAL - selalu unit_cost=1,3.029655,CALCULATED
CSTPOY2606001383,POY,1470,1,GAGAL - selalu unit_cost=1,3.029655,CALCULATED
CSTPOY2606001384,POY,1471,1,GAGAL - selalu unit_cost=1,3.029655,CALCULATED
CSTPOY2606001385,POY,1472,1,GAGAL - selalu unit_cost=1,3.029655,CALCULATED
CSTPOY2606001386,POY,1473,1,GAGAL - selalu unit_cost=1,3.028557,CALCULATED
CSTPOY2606001399,POY,1486,1,GAGAL - selalu unit_cost=1,3.027444,CALCULATED
CSTPOY2606001405,POY,1492,1,GAGAL - selalu unit_cost=1,3.038819,CALCULATED
CSTPOY2606001407,POY,1494,1,GAGAL - selalu unit_cost=1,3.023756,CALCULATED
CSTPOY2606001409,POY,1496,1,GAGAL - selalu unit_cost=1,3.038420,CALCULATED
CSTPOY2606001410,POY,1497,1,GAGAL - selalu unit_cost=1,3.020468,CALCULATED
CSTPOY2606001414,POY,1501,1,GAGAL - selalu unit_cost=1,3.047112,CALCULATED
CSTPOY2606001421,POY,1508,1,GAGAL - selalu unit_cost=1,3.032930,CALCULATED
CSTPOY2606001424,POY,1511,1,GAGAL - selalu unit_cost=1,3.042915,CALCULATED
CSTPOY2606001443,POY,1530,1,GAGAL - selalu unit_cost=1,3.046612,CALCULATED
CSTPOY2606001454,POY,1541,1,GAGAL - selalu unit_cost=1,3.018774,CALCULATED
CSTPOY2606001455,POY,1542,1,GAGAL - selalu unit_cost=1,3.043914,CALCULATED
CSTPOY2606001461,POY,1548,1,GAGAL - selalu unit_cost=1,3.034011,CALCULATED
CSTPOY2606001466,POY,1553,1,GAGAL - selalu unit_cost=1,3.029119,CALCULATED
CSTPOY2606001472,POY,1559,1,GAGAL - selalu unit_cost=1,1.396590,CALCULATED
CSTPOY2606001482,POY,1569,1,GAGAL - selalu unit_cost=1,1.350639,CALCULATED
CSTPOY2606001483,POY,1570,1,GAGAL - selalu unit_cost=1,3.028392,CALCULATED
CSTPOY2606001484,POY,1571,1,GAGAL - selalu unit_cost=1,3.027394,CALCULATED
CSTPOY2606001485,POY,1572,1,GAGAL - selalu unit_cost=1,3.031386,CALCULATED
CSTPOY2606001486,POY,1573,1,GAGAL - selalu unit_cost=1,3.030388,CALCULATED
CSTPOY2606001487,POY,1574,1,GAGAL - selalu unit_cost=1,3.032385,CALCULATED
CSTPOY2606001488,POY,1575,1,GAGAL - selalu unit_cost=1,3.032385,CALCULATED
CSTPOY2606001489,POY,1576,1,GAGAL - selalu unit_cost=1,3.027394,CALCULATED
CSTPOY2606001490,POY,1577,1,GAGAL - selalu unit_cost=1,3.027394,CALCULATED
CSTPOY2606001492,POY,1579,1,GAGAL - selalu unit_cost=1,3.032385,CALCULATED
CSTPOY2606001493,POY,1580,1,GAGAL - selalu unit_cost=1,3.040777,CALCULATED
CSTPOY2606001494,POY,1581,1,GAGAL - selalu unit_cost=1,3.035581,CALCULATED
CSTPOY2606001495,POY,1582,1,GAGAL - selalu unit_cost=1,3.039878,CALCULATED
CSTPOY2606001496,POY,1583,1,GAGAL - selalu unit_cost=1,3.036380,CALCULATED
CSTPOY2606001497,POY,1584,1,GAGAL - selalu unit_cost=1,3.037679,CALCULATED
CSTPOY2606001498,POY,1585,1,GAGAL - selalu unit_cost=1,3.031087,CALCULATED
CSTPOY2606001499,POY,1586,1,GAGAL - selalu unit_cost=1,3.030787,CALCULATED
CSTPOY2606001500,POY,1587,1,GAGAL - selalu unit_cost=1,3.036180,CALCULATED
CSTPOY2606001501,POY,1588,1,GAGAL - selalu unit_cost=1,2.998512,CALCULATED
CSTPOY2606001502,POY,1589,1,GAGAL - selalu unit_cost=1,3.032385,CALCULATED
CSTPOY2606001503,POY,1590,1,GAGAL - selalu unit_cost=1,3.037379,CALCULATED
CSTPOY2606001504,POY,1591,1,GAGAL - selalu unit_cost=1,3.027394,CALCULATED
CSTPOY2606001505,POY,1592,1,GAGAL - selalu unit_cost=1,3.022406,CALCULATED
CSTPOY2606001506,POY,1593,1,GAGAL - selalu unit_cost=1,3.032385,CALCULATED
CSTPOY2606001507,POY,1594,1,GAGAL - selalu unit_cost=1,3.032385,CALCULATED
CSTPOY2606001508,POY,1595,1,GAGAL - selalu unit_cost=1,3.036380,CALCULATED
CSTPOY2606001509,POY,1596,1,GAGAL - selalu unit_cost=1,3.037379,CALCULATED
CSTPOY2606001510,POY,1597,1,GAGAL - selalu unit_cost=1,3.027394,CALCULATED
CSTPOY2606001511,POY,1598,1,GAGAL - selalu unit_cost=1,3.032385,CALCULATED
CSTPOY2606001512,POY,1599,1,GAGAL - selalu unit_cost=1,3.040777,CALCULATED
CSTPOY2606001513,POY,1600,1,GAGAL - selalu unit_cost=1,3.037879,CALCULATED
CSTPOY2606001514,POY,1601,1,GAGAL - selalu unit_cost=1,3.020711,CALCULATED
CSTPOY2606001515,POY,1602,1,GAGAL - selalu unit_cost=1,3.039578,CALCULATED
CSTPOY2606001517,POY,1604,1,GAGAL - selalu unit_cost=1,1.332882,CALCULATED
CSTPOY2606001521,POY,1608,1,GAGAL - selalu unit_cost=1,1.352051,CALCULATED
CSTPOY2606001522,POY,1609,1,GAGAL - selalu unit_cost=1,1.326934,CALCULATED
CSTPOY2606001523,POY,1610,1,GAGAL - selalu unit_cost=1,3.015648,CALCULATED
CSTPOY2606001524,POY,1611,1,GAGAL - selalu unit_cost=1,3.018142,CALCULATED
CSTPOY2606001525,POY,1612,1,GAGAL - selalu unit_cost=1,3.015848,CALCULATED
CSTPOY2606001534,POY,1621,1,GAGAL - selalu unit_cost=1,1.387679,CALCULATED
CSTPOY2606001536,POY,1623,1,GAGAL - selalu unit_cost=1,3.012158,CALCULATED
CSTPOY2606001537,POY,1624,1,GAGAL - selalu unit_cost=1,3.010663,CALCULATED
CSTPOY2606001538,POY,1625,1,GAGAL - selalu unit_cost=1,3.018142,CALCULATED
CSTPOY2606001539,POY,1626,1,GAGAL - selalu unit_cost=1,3.018142,CALCULATED
CSTPOY2606001540,POY,1627,1,GAGAL - selalu unit_cost=1,3.018142,CALCULATED
CSTPOY2606001542,POY,1629,1,GAGAL - selalu unit_cost=1,3.000403,CALCULATED
CSTPOY2606001543,POY,1630,1,GAGAL - selalu unit_cost=1,3.010164,CALCULATED
CSTPOY2606001544,POY,1631,1,GAGAL - selalu unit_cost=1,3.006179,CALCULATED
CSTPOY2606001545,POY,1632,1,GAGAL - selalu unit_cost=1,3.001698,CALCULATED
CSTPOY2606001547,POY,1634,1,GAGAL - selalu unit_cost=1,2.997319,CALCULATED
CSTPOY2606001548,POY,1635,1,GAGAL - selalu unit_cost=1,3.010763,CALCULATED
CSTPOY2606001550,POY,1637,1,GAGAL - selalu unit_cost=1,2.997518,CALCULATED
CSTPOY2606001567,POY,1654,1,GAGAL - selalu unit_cost=1,1.381485,CALCULATED
CSTPOY2606001572,POY,1659,1,GAGAL - selalu unit_cost=1,1.316846,CALCULATED
CSTPOY2606001573,POY,1660,1,GAGAL - selalu unit_cost=1,2.986180,CALCULATED
CSTPOY2606001574,POY,1661,1,GAGAL - selalu unit_cost=1,2.981185,CALCULATED
CSTPOY2606001575,POY,1662,1,GAGAL - selalu unit_cost=1,2.981185,CALCULATED
CSTPOY2606001576,POY,1663,1,GAGAL - selalu unit_cost=1,2.981185,CALCULATED
CSTPOY2606001577,POY,1664,1,GAGAL - selalu unit_cost=1,2.981185,CALCULATED
CSTPOY2606001578,POY,1665,1,GAGAL - selalu unit_cost=1,2.981185,CALCULATED
CSTPOY2606001579,POY,1666,1,GAGAL - selalu unit_cost=1,2.971203,CALCULATED
CSTPOY2606001584,POY,1671,1,GAGAL - selalu unit_cost=1,1.320631,CALCULATED
CSTPOY2606001592,POY,1679,1,GAGAL - selalu unit_cost=1,1.220276,CALCULATED
CSTPOY2606001593,POY,1680,1,GAGAL - selalu unit_cost=1,1.230210,CALCULATED
CSTPOY2606001610,POY,1697,1,GAGAL - selalu unit_cost=1,2.897848,CALCULATED
CSTPOY2606001612,POY,1699,1,GAGAL - selalu unit_cost=1,2.913117,CALCULATED
CSTPOY2606001613,POY,1700,1,GAGAL - selalu unit_cost=1,2.923713,CALCULATED
CSTPOY2606001614,POY,1701,1,GAGAL - selalu unit_cost=1,2.919512,CALCULATED
CSTPOY2606001615,POY,1702,1,GAGAL - selalu unit_cost=1,2.919512,CALCULATED
CSTPOY2606001616,POY,1703,1,GAGAL - selalu unit_cost=1,2.894559,CALCULATED
CSTPOY2606001623,POY,1710,1,GAGAL - selalu unit_cost=1,2.894061,CALCULATED
CSTPOY2606001624,POY,1711,1,GAGAL - selalu unit_cost=1,2.907525,CALCULATED
CSTPOY2606001625,POY,1712,1,GAGAL - selalu unit_cost=1,2.904531,CALCULATED
CSTPOY2606001626,POY,1713,1,GAGAL - selalu unit_cost=1,2.894559,CALCULATED
CSTPOY2606001627,POY,1714,1,GAGAL - selalu unit_cost=1,2.894559,CALCULATED
CSTPOY2606001628,POY,1715,1,GAGAL - selalu unit_cost=1,2.909521,CALCULATED
CSTPOY2606001632,POY,1719,1,GAGAL - selalu unit_cost=1,2.899543,CALCULATED
CSTPOY2606001633,POY,1720,1,GAGAL - selalu unit_cost=1,2.899543,CALCULATED
CSTPOY2606001638,POY,1725,1,GAGAL - selalu unit_cost=1,2.915714,CALCULATED
CSTPOY2606001639,POY,1726,1,GAGAL - selalu unit_cost=1,2.916314,CALCULATED
CSTPOY2606001640,POY,1727,1,GAGAL - selalu unit_cost=1,2.911019,CALCULATED
CSTPOY2606001643,POY,1730,1,GAGAL - selalu unit_cost=1,2.925113,CALCULATED
CSTPOY2606001644,POY,1731,1,GAGAL - selalu unit_cost=1,2.919512,CALCULATED
CSTPOY2606001645,POY,1732,1,GAGAL - selalu unit_cost=1,2.919512,CALCULATED
CSTPOY2606001646,POY,1733,1,GAGAL - selalu unit_cost=1,2.919512,CALCULATED
CSTPOY2606001647,POY,1734,1,GAGAL - selalu unit_cost=1,2.919512,CALCULATED
CSTPOY2606001648,POY,1735,1,GAGAL - selalu unit_cost=1,2.919512,CALCULATED
CSTPOY2606001649,POY,1736,1,GAGAL - selalu unit_cost=1,2.919512,CALCULATED
CSTPOY2606001650,POY,1737,1,GAGAL - selalu unit_cost=1,2.919512,CALCULATED
CSTPOY2606001651,POY,1738,1,GAGAL - selalu unit_cost=1,2.900042,CALCULATED
CSTPOY2606001654,POY,1741,1,GAGAL - selalu unit_cost=1,2.927214,CALCULATED
CSTPOY2606001655,POY,1742,1,GAGAL - selalu unit_cost=1,2.926754,CALCULATED
CSTPOY2606001656,POY,1743,1,GAGAL - selalu unit_cost=1,2.908503,CALCULATED
CSTPOY2606001657,POY,1744,1,GAGAL - selalu unit_cost=1,2.909521,CALCULATED
CSTPOY2606001658,POY,1745,1,GAGAL - selalu unit_cost=1,2.914515,CALCULATED
CSTPOY2606001659,POY,1746,1,GAGAL - selalu unit_cost=1,2.914515,CALCULATED
CSTPOY2606001660,POY,1747,1,GAGAL - selalu unit_cost=1,2.904531,CALCULATED
CSTPOY2606001662,POY,1749,1,GAGAL - selalu unit_cost=1,2.905529,CALCULATED
CSTPOY2606001667,POY,1754,1,GAGAL - selalu unit_cost=1,2.916314,CALCULATED
CSTPOY2606001668,POY,1755,1,GAGAL - selalu unit_cost=1,2.884601,CALCULATED
CSTPOY2606001669,POY,1756,1,GAGAL - selalu unit_cost=1,2.914515,CALCULATED
CSTPOY2606001670,POY,1757,1,GAGAL - selalu unit_cost=1,2.884601,CALCULATED
CSTPOY2606001671,POY,1758,1,GAGAL - selalu unit_cost=1,2.884601,CALCULATED
CSTPOY2606001672,POY,1759,1,GAGAL - selalu unit_cost=1,2.919512,CALCULATED
CSTPOY2606001673,POY,1760,1,GAGAL - selalu unit_cost=1,2.894559,CALCULATED
CSTPOY2606001674,POY,1761,1,GAGAL - selalu unit_cost=1,2.899543,CALCULATED
CSTPOY2606001677,POY,1764,1,GAGAL - selalu unit_cost=1,2.908523,CALCULATED
CSTPOY2606001678,POY,1765,1,GAGAL - selalu unit_cost=1,2.909322,CALCULATED
CSTPOY2606001679,POY,1766,1,GAGAL - selalu unit_cost=1,2.920812,CALCULATED
CSTPOY2606001680,POY,1767,1,GAGAL - selalu unit_cost=1,2.922212,CALCULATED
CSTPOY2606001681,POY,1768,1,GAGAL - selalu unit_cost=1,2.922212,CALCULATED
CSTPOY2606001682,POY,1769,1,GAGAL - selalu unit_cost=1,2.893563,CALCULATED
CSTPOY2606001683,POY,1770,1,GAGAL - selalu unit_cost=1,2.916314,CALCULATED
CSTPOY2606001684,POY,1771,1,GAGAL - selalu unit_cost=1,2.915215,CALCULATED
CSTPOY2606001685,POY,1772,1,GAGAL - selalu unit_cost=1,2.918113,CALCULATED
CSTPOY2606001686,POY,1773,1,GAGAL - selalu unit_cost=1,2.914515,CALCULATED
CSTPOY2606001687,POY,1774,1,GAGAL - selalu unit_cost=1,2.924013,CALCULATED
CSTPOY2606001690,POY,1777,1,GAGAL - selalu unit_cost=1,2.915215,CALCULATED
CSTPOY2606001692,POY,1779,1,GAGAL - selalu unit_cost=1,2.924013,CALCULATED
CSTPOY2606001693,POY,1780,1,GAGAL - selalu unit_cost=1,2.921712,CALCULATED
CSTPOY2606001694,POY,1781,1,GAGAL - selalu unit_cost=1,2.913516,CALCULATED
CSTPOY2606001695,POY,1782,1,GAGAL - selalu unit_cost=1,2.914915,CALCULATED
CSTPOY2606001696,POY,1783,1,GAGAL - selalu unit_cost=1,2.912917,CALCULATED
CSTPOY2606001697,POY,1784,1,GAGAL - selalu unit_cost=1,2.914515,CALCULATED
CSTPOY2606001698,POY,1785,1,GAGAL - selalu unit_cost=1,2.904531,CALCULATED
CSTPOY2606001699,POY,1786,1,GAGAL - selalu unit_cost=1,2.904531,CALCULATED
CSTPOY2606001701,POY,1788,1,GAGAL - selalu unit_cost=1,2.894559,CALCULATED
CSTPOY2606001705,POY,1792,1,GAGAL - selalu unit_cost=1,2.889578,CALCULATED
CSTPOY2606001708,POY,1795,1,GAGAL - selalu unit_cost=1,2.920712,CALCULATED
CSTPOY2606001715,POY,1802,1,GAGAL - selalu unit_cost=1,2.914515,CALCULATED
CSTPOY2606001716,POY,1803,1,GAGAL - selalu unit_cost=1,2.914515,CALCULATED
CSTPOY2606001717,POY,1804,1,GAGAL - selalu unit_cost=1,2.894559,CALCULATED
CSTPOY2606001720,POY,1807,1,GAGAL - selalu unit_cost=1,2.911718,CALCULATED
CSTPOY2606001721,POY,1808,1,GAGAL - selalu unit_cost=1,2.919013,CALCULATED
CSTPOY2606001722,POY,1809,1,GAGAL - selalu unit_cost=1,2.884601,CALCULATED
CSTPOY2606001723,POY,1810,1,GAGAL - selalu unit_cost=1,2.924513,CALCULATED
CSTPOY2606001724,POY,1811,1,GAGAL - selalu unit_cost=1,2.914515,CALCULATED
CSTPOY2606001725,POY,1812,1,GAGAL - selalu unit_cost=1,2.879627,CALCULATED
CSTPOY2606001726,POY,1813,1,GAGAL - selalu unit_cost=1,2.904531,CALCULATED
CSTPOY2606001727,POY,1814,1,GAGAL - selalu unit_cost=1,2.884601,CALCULATED
CSTPOY2606001728,POY,1815,1,GAGAL - selalu unit_cost=1,2.884601,CALCULATED
CSTPOY2606001729,POY,1816,1,GAGAL - selalu unit_cost=1,2.884601,CALCULATED
CSTPOY2606001730,POY,1817,1,GAGAL - selalu unit_cost=1,2.904531,CALCULATED
CSTPOY2606001731,POY,1818,1,GAGAL - selalu unit_cost=1,2.924513,CALCULATED
CSTPOY2606001732,POY,1819,1,GAGAL - selalu unit_cost=1,2.914515,CALCULATED
CSTPOY2606001736,POY,1823,1,GAGAL - selalu unit_cost=1,2.914515,CALCULATED
CSTPOY2606001737,POY,1824,1,GAGAL - selalu unit_cost=1,2.899543,CALCULATED
CSTPOY2606001738,POY,1825,1,GAGAL - selalu unit_cost=1,2.899543,CALCULATED
CSTPOY2606001739,POY,1826,1,GAGAL - selalu unit_cost=1,2.894559,CALCULATED
CSTPOY2606001742,POY,1829,1,GAGAL - selalu unit_cost=1,2.923512,CALCULATED
CSTPOY2606001743,POY,1830,1,GAGAL - selalu unit_cost=1,2.884601,CALCULATED
CSTPOY2606001744,POY,1831,1,GAGAL - selalu unit_cost=1,2.914515,CALCULATED
CSTPOY2606001745,POY,1832,1,GAGAL - selalu unit_cost=1,2.916514,CALCULATED
CSTPOY2606001746,POY,1833,1,GAGAL - selalu unit_cost=1,2.914515,CALCULATED
CSTPOY2606001747,POY,1834,1,GAGAL - selalu unit_cost=1,2.914515,CALCULATED
CSTPOY2606001748,POY,1835,1,GAGAL - selalu unit_cost=1,2.914515,CALCULATED
CSTPOY2606001749,POY,1836,1,GAGAL - selalu unit_cost=1,2.914515,CALCULATED
CSTPOY2606001750,POY,1837,1,GAGAL - selalu unit_cost=1,2.909222,CALCULATED
CSTPOY2606001751,POY,1838,1,GAGAL - selalu unit_cost=1,2.910320,CALCULATED
CSTPOY2606001752,POY,1839,1,GAGAL - selalu unit_cost=1,2.901338,CALCULATED
CSTPOY2606001753,POY,1840,1,GAGAL - selalu unit_cost=1,2.889578,CALCULATED
CSTPOY2606001754,POY,1841,1,GAGAL - selalu unit_cost=1,2.884601,CALCULATED
CSTPOY2606001770,POY,1857,1,GAGAL - selalu unit_cost=1,2.924513,CALCULATED
CSTPOY2606001774,POY,1861,1,GAGAL - selalu unit_cost=1,2.910720,CALCULATED
CSTPOY2606001775,POY,1862,1,GAGAL - selalu unit_cost=1,2.888583,CALCULATED
CSTPOY2606001776,POY,1863,1,GAGAL - selalu unit_cost=1,2.918713,CALCULATED
CSTPOY2606001777,POY,1864,1,GAGAL - selalu unit_cost=1,2.919512,CALCULATED
CSTPOY2606001778,POY,1865,1,GAGAL - selalu unit_cost=1,2.914515,CALCULATED
CSTPOY2606001779,POY,1866,1,GAGAL - selalu unit_cost=1,2.920512,CALCULATED
CSTPOY2606001780,POY,1867,1,GAGAL - selalu unit_cost=1,2.818262,CALCULATED
CSTPOY2606001781,POY,1868,1,GAGAL - selalu unit_cost=1,2.850156,CALCULATED
CSTPOY2606001782,POY,1869,1,GAGAL - selalu unit_cost=1,2.859193,CALCULATED
CSTPOY2606001783,POY,1870,1,GAGAL - selalu unit_cost=1,2.887687,CALCULATED
CSTPOY2606001784,POY,1871,1,GAGAL - selalu unit_cost=1,2.923512,CALCULATED
CSTPOY2606001785,POY,1872,1,GAGAL - selalu unit_cost=1,2.911219,CALCULATED
CSTPOY2606001786,POY,1873,1,GAGAL - selalu unit_cost=1,2.914515,CALCULATED
CSTPOY2606001787,POY,1874,1,GAGAL - selalu unit_cost=1,2.921512,CALCULATED
CSTPOY2606001788,POY,1875,1,GAGAL - selalu unit_cost=1,2.899045,CALCULATED
CSTPOY2606001789,POY,1876,1,GAGAL - selalu unit_cost=1,2.894559,CALCULATED
CSTPOY2606001790,POY,1877,1,GAGAL - selalu unit_cost=1,2.894559,CALCULATED
CSTPOY2606001791,POY,1878,1,GAGAL - selalu unit_cost=1,2.904531,CALCULATED
CSTPOY2606001792,POY,1879,1,GAGAL - selalu unit_cost=1,2.904531,CALCULATED
CSTPOY2606001793,POY,1880,1,GAGAL - selalu unit_cost=1,2.894559,CALCULATED
CSTPOY2606001794,POY,1881,1,GAGAL - selalu unit_cost=1,2.894559,CALCULATED
CSTPOY2606001795,POY,1882,1,GAGAL - selalu unit_cost=1,2.894559,CALCULATED
CSTPOY2606001796,POY,1883,1,GAGAL - selalu unit_cost=1,2.904531,CALCULATED
CSTPOY2606001797,POY,1884,1,GAGAL - selalu unit_cost=1,2.904531,CALCULATED
CSTPOY2606001798,POY,1885,1,GAGAL - selalu unit_cost=1,2.894559,CALCULATED
CSTPOY2606001799,POY,1886,1,GAGAL - selalu unit_cost=1,2.899543,CALCULATED
CSTPOY2606001800,POY,1887,1,GAGAL - selalu unit_cost=1,2.915015,CALCULATED
CSTPOY2606001801,POY,1888,1,GAGAL - selalu unit_cost=1,2.920012,CALCULATED
CSTPOY2606001803,POY,1890,1,GAGAL - selalu unit_cost=1,2.917513,CALCULATED
CSTPOY2606001804,POY,1891,1,GAGAL - selalu unit_cost=1,2.895855,CALCULATED
CSTPOY2606001805,POY,1892,1,GAGAL - selalu unit_cost=1,2.874657,CALCULATED
CSTPOY2606001806,POY,1893,1,GAGAL - selalu unit_cost=1,2.884601,CALCULATED
CSTPOY2606001807,POY,1894,1,GAGAL - selalu unit_cost=1,2.904531,CALCULATED
CSTPOY2606001808,POY,1895,1,GAGAL - selalu unit_cost=1,2.919512,CALCULATED
CSTPOY2606001809,POY,1896,1,GAGAL - selalu unit_cost=1,2.914515,CALCULATED
CSTPOY2606001810,POY,1897,1,GAGAL - selalu unit_cost=1,2.904531,CALCULATED
CSTPOY2606001811,POY,1898,1,GAGAL - selalu unit_cost=1,2.914515,CALCULATED
CSTPOY2606001812,POY,1899,1,GAGAL - selalu unit_cost=1,2.914515,CALCULATED
CSTPOY2606001813,POY,1900,1,GAGAL - selalu unit_cost=1,2.909521,CALCULATED
CSTPOY2606001814,POY,1901,1,GAGAL - selalu unit_cost=1,2.904531,CALCULATED
CSTPOY2606001815,POY,1902,1,GAGAL - selalu unit_cost=1,2.914515,CALCULATED
CSTPOY2606001816,POY,1903,1,GAGAL - selalu unit_cost=1,2.919512,CALCULATED
CSTPOY2606001817,POY,1904,1,GAGAL - selalu unit_cost=1,2.921012,CALCULATED
CSTPOY2606001818,POY,1905,1,GAGAL - selalu unit_cost=1,2.910520,CALCULATED
CSTPOY2606001822,POY,1909,1,GAGAL - selalu unit_cost=1,1.422300,CALCULATED
CSTPOY2606001831,POY,1918,1,GAGAL - selalu unit_cost=1,1.235572,CALCULATED
CSTPOY2606001834,POY,1921,1,GAGAL - selalu unit_cost=1,3.022855,CALCULATED
CSTPOY2606001835,POY,1922,1,GAGAL - selalu unit_cost=1,3.024848,CALCULATED
CSTPOY2606001838,POY,1925,1,GAGAL - selalu unit_cost=1,3.013379,CALCULATED
CSTPOY2606001847,POY,1934,1,GAGAL - selalu unit_cost=1,3.109395,CALCULATED
CSTPOY2606001871,POY,1958,1,GAGAL - selalu unit_cost=1,3.115868,CALCULATED
CSTPOY2606001872,POY,1959,1,GAGAL - selalu unit_cost=1,3.112066,CALCULATED
CSTPOY2606001873,POY,1960,1,GAGAL - selalu unit_cost=1,3.119672,CALCULATED
CSTPOY2606001874,POY,1961,1,GAGAL - selalu unit_cost=1,3.091750,CALCULATED
CSTPOY2606001876,POY,1963,1,GAGAL - selalu unit_cost=1,1.353580,CALCULATED
CSTPOY2606001877,POY,1964,1,GAGAL - selalu unit_cost=1,1.349296,CALCULATED
CSTPOY2606001878,POY,1965,1,GAGAL - selalu unit_cost=1,1.361457,CALCULATED
CSTPOY2606001880,POY,1967,1,GAGAL - selalu unit_cost=1,3.046829,CALCULATED
CSTPOY2606001883,POY,1970,1,GAGAL - selalu unit_cost=1,3.027767,CALCULATED
CSTPOY2606001884,POY,1971,1,GAGAL - selalu unit_cost=1,3.017906,CALCULATED
CSTPOY2606001885,POY,1972,1,GAGAL - selalu unit_cost=1,3.019959,CALCULATED
CSTPOY2606001886,POY,1973,1,GAGAL - selalu unit_cost=1,3.022527,CALCULATED
CSTPOY2606001887,POY,1974,1,GAGAL - selalu unit_cost=1,3.020883,CALCULATED
CSTPOY2606001888,POY,1975,1,GAGAL - selalu unit_cost=1,3.026431,CALCULATED
CSTPOY2606001889,POY,1976,1,GAGAL - selalu unit_cost=1,3.019548,CALCULATED
CSTPOY2606001890,POY,1977,1,GAGAL - selalu unit_cost=1,3.024376,CALCULATED
CSTPOY2606001891,POY,1978,1,GAGAL - selalu unit_cost=1,3.012364,CALCULATED
CSTPOY2606001892,POY,1979,1,GAGAL - selalu unit_cost=1,3.022321,CALCULATED
CSTPOY2606001893,POY,1980,1,GAGAL - selalu unit_cost=1,3.021294,CALCULATED
CSTPOY2606001894,POY,1981,1,GAGAL - selalu unit_cost=1,3.003649,CALCULATED
CSTPOY2606001895,POY,1982,1,GAGAL - selalu unit_cost=1,3.018008,CALCULATED
CSTPOY2606001896,POY,1983,1,GAGAL - selalu unit_cost=1,3.023246,CALCULATED
CSTPOY2606001897,POY,1984,1,GAGAL - selalu unit_cost=1,3.023554,CALCULATED
CSTPOY2606001898,POY,1985,1,GAGAL - selalu unit_cost=1,3.008261,CALCULATED
CSTPOY2606001899,POY,1986,1,GAGAL - selalu unit_cost=1,2.982671,CALCULATED
CSTPOY2606001900,POY,1987,1,GAGAL - selalu unit_cost=1,2.998015,CALCULATED
CSTPOY2606001901,POY,1988,1,GAGAL - selalu unit_cost=1,3.008261,CALCULATED
CSTPOY2606001902,POY,1989,1,GAGAL - selalu unit_cost=1,3.008261,CALCULATED
CSTPOY2606001903,POY,1990,1,GAGAL - selalu unit_cost=1,2.987782,CALCULATED
CSTPOY2606001904,POY,1991,1,GAGAL - selalu unit_cost=1,2.987782,CALCULATED
CSTPOY2606001905,POY,1992,1,GAGAL - selalu unit_cost=1,3.018522,CALCULATED
CSTPOY2606001906,POY,1993,1,GAGAL - selalu unit_cost=1,3.018522,CALCULATED
CSTPOY2606001907,POY,1994,1,GAGAL - selalu unit_cost=1,2.987782,CALCULATED
CSTPOY2606001908,POY,1995,1,GAGAL - selalu unit_cost=1,2.998015,CALCULATED
CSTPOY2606001909,POY,1996,1,GAGAL - selalu unit_cost=1,3.018522,CALCULATED
CSTPOY2606001910,POY,1997,1,GAGAL - selalu unit_cost=1,2.998015,CALCULATED
CSTPOY2606001911,POY,1998,1,GAGAL - selalu unit_cost=1,3.009287,CALCULATED
CSTPOY2606001912,POY,1999,1,GAGAL - selalu unit_cost=1,1.520193,CALCULATED
CSTPOY2606001913,POY,2000,1,GAGAL - selalu unit_cost=1,1.344986,CALCULATED
CSTPOY2606001916,POY,2003,1,GAGAL - selalu unit_cost=1,1.318842,CALCULATED
CSTPOY2606001917,POY,2004,1,GAGAL - selalu unit_cost=1,1.282778,CALCULATED
CSTPOY2606001919,POY,2006,1,GAGAL - selalu unit_cost=1,2.994253,CALCULATED
CSTPOY2606001920,POY,2007,1,GAGAL - selalu unit_cost=1,2.993842,CALCULATED
CSTPOY2606001921,POY,2008,1,GAGAL - selalu unit_cost=1,2.994253,CALCULATED
CSTPOY2606001922,POY,2009,1,GAGAL - selalu unit_cost=1,2.991168,CALCULATED
CSTPOY2606001925,POY,2012,1,GAGAL - selalu unit_cost=1,2.994253,CALCULATED
CSTPOY2606001934,POY,2021,1,GAGAL - selalu unit_cost=1,2.994253,CALCULATED
CSTPOY2606001936,POY,2023,1,GAGAL - selalu unit_cost=1,2.994253,CALCULATED
CSTPOY2606001948,POY,2035,1,GAGAL - selalu unit_cost=1,2.996824,CALCULATED
CSTPOY2606001956,POY,2043,1,GAGAL - selalu unit_cost=1,2.994253,CALCULATED
CSTPOY2606001958,POY,2045,1,GAGAL - selalu unit_cost=1,2.990243,CALCULATED
CSTPOY2606001959,POY,2046,1,GAGAL - selalu unit_cost=1,2.986544,CALCULATED
CSTPOY2606001960,POY,2047,1,GAGAL - selalu unit_cost=1,2.996001,CALCULATED
CSTPOY2606001961,POY,2048,1,GAGAL - selalu unit_cost=1,2.990141,CALCULATED
CSTPOY2606001962,POY,2049,1,GAGAL - selalu unit_cost=1,2.966842,CALCULATED
CSTPOY2606001963,POY,2050,1,GAGAL - selalu unit_cost=1,3.001146,CALCULATED
CSTPOY2606001964,POY,2051,1,GAGAL - selalu unit_cost=1,2.997339,CALCULATED
CSTPOY2606001965,POY,2052,1,GAGAL - selalu unit_cost=1,3.001455,CALCULATED
CSTPOY2606001966,POY,2053,1,GAGAL - selalu unit_cost=1,2.992197,CALCULATED
CSTPOY2606001967,POY,2054,1,GAGAL - selalu unit_cost=1,2.988085,CALCULATED
CSTPOY2606001968,POY,2055,1,GAGAL - selalu unit_cost=1,2.999397,CALCULATED
CSTPOY2606001969,POY,2056,1,GAGAL - selalu unit_cost=1,2.994253,CALCULATED
CSTPOY2606001970,POY,2057,1,GAGAL - selalu unit_cost=1,2.992505,CALCULATED
CSTPOY2606001972,POY,2059,1,GAGAL - selalu unit_cost=1,2.994253,CALCULATED
CSTPOY2606001973,POY,2060,1,GAGAL - selalu unit_cost=1,2.994253,CALCULATED
CSTPOY2606001974,POY,2061,1,GAGAL - selalu unit_cost=1,2.954247,CALCULATED
CSTPOY2606001975,POY,2062,1,GAGAL - selalu unit_cost=1,2.977918,CALCULATED
CSTPOY2606001976,POY,2063,1,GAGAL - selalu unit_cost=1,2.996824,CALCULATED
CSTPOY2606001977,POY,2064,1,GAGAL - selalu unit_cost=1,2.986030,CALCULATED
CSTPOY2606001978,POY,2065,1,GAGAL - selalu unit_cost=1,2.968584,CALCULATED
CSTPOY2606001979,POY,2066,1,GAGAL - selalu unit_cost=1,2.986030,CALCULATED
CSTPOY2606001980,POY,2067,1,GAGAL - selalu unit_cost=1,2.986030,CALCULATED
CSTPOY2606001981,POY,2068,1,GAGAL - selalu unit_cost=1,2.987058,CALCULATED
CSTPOY2606001982,POY,2069,1,GAGAL - selalu unit_cost=1,2.992711,CALCULATED
CSTPOY2606001983,POY,2070,1,GAGAL - selalu unit_cost=1,2.995796,CALCULATED
CSTPOY2606001984,POY,2071,1,GAGAL - selalu unit_cost=1,2.985414,CALCULATED
CSTPOY2606001985,POY,2072,1,GAGAL - selalu unit_cost=1,2.991168,CALCULATED
CSTPOY2606001986,POY,2073,1,GAGAL - selalu unit_cost=1,2.973711,CALCULATED
CSTPOY2606001987,POY,2074,1,GAGAL - selalu unit_cost=1,2.994253,CALCULATED
CSTPOY2606001991,POY,2078,1,GAGAL - selalu unit_cost=1,2.990346,CALCULATED
CSTPOY2606001994,POY,2081,1,GAGAL - selalu unit_cost=1,2.999911,CALCULATED
CSTPOY2606001995,POY,2082,1,GAGAL - selalu unit_cost=1,2.991271,CALCULATED
CSTPOY2606001998,POY,2085,1,GAGAL - selalu unit_cost=1,3.003308,CALCULATED
CSTPOY2606001999,POY,2086,1,GAGAL - selalu unit_cost=1,2.999808,CALCULATED
CSTPOY2606002001,POY,2088,1,GAGAL - selalu unit_cost=1,2.990141,CALCULATED
CSTPOY2606002002,POY,2089,1,GAGAL - selalu unit_cost=1,2.985003,CALCULATED
CSTPOY2606002003,POY,2090,1,GAGAL - selalu unit_cost=1,3.000940,CALCULATED
CSTPOY2606002004,POY,2091,1,GAGAL - selalu unit_cost=1,2.981408,CALCULATED
CSTPOY2606002005,POY,2092,1,GAGAL - selalu unit_cost=1,2.958341,CALCULATED
CSTPOY2606002006,POY,2093,1,GAGAL - selalu unit_cost=1,2.978842,CALCULATED
CSTPOY2606002007,POY,2094,1,GAGAL - selalu unit_cost=1,2.966022,CALCULATED
CSTPOY2606002010,POY,2097,1,GAGAL - selalu unit_cost=1,3.000940,CALCULATED
CSTPOY2606002011,POY,2098,1,GAGAL - selalu unit_cost=1,2.985516,CALCULATED
CSTPOY2606002013,POY,2100,1,GAGAL - selalu unit_cost=1,2.974224,CALCULATED
CSTPOY2606002014,POY,2101,1,GAGAL - selalu unit_cost=1,2.986030,CALCULATED
CSTPOY2606002015,POY,2102,1,GAGAL - selalu unit_cost=1,3.001764,CALCULATED
CSTPOY2606002016,POY,2103,1,GAGAL - selalu unit_cost=1,2.987366,CALCULATED
CSTPOY2606002018,POY,2105,1,GAGAL - selalu unit_cost=1,2.993842,CALCULATED
CSTPOY2606002025,POY,2112,1,GAGAL - selalu unit_cost=1,2.990552,CALCULATED
CSTPOY2606002026,POY,2113,1,GAGAL - selalu unit_cost=1,2.983976,CALCULATED
CSTPOY2606002027,POY,2114,1,GAGAL - selalu unit_cost=1,2.983976,CALCULATED
CSTPOY2606002028,POY,2115,1,GAGAL - selalu unit_cost=1,2.983976,CALCULATED
CSTPOY2606002029,POY,2116,1,GAGAL - selalu unit_cost=1,2.992197,CALCULATED
CSTPOY2606002030,POY,2117,1,GAGAL - selalu unit_cost=1,2.988085,CALCULATED
CSTPOY2606002031,POY,2118,1,GAGAL - selalu unit_cost=1,2.993430,CALCULATED
CSTPOY2606002032,POY,2119,1,GAGAL - selalu unit_cost=1,2.981922,CALCULATED
CSTPOY2606002033,POY,2120,1,GAGAL - selalu unit_cost=1,2.990654,CALCULATED
CSTPOY2606002034,POY,2121,1,GAGAL - selalu unit_cost=1,2.991682,CALCULATED
CSTPOY2606002041,POY,2128,1,GAGAL - selalu unit_cost=1,3.031726,CALCULATED
CSTPOY2606002042,POY,2129,1,GAGAL - selalu unit_cost=1,3.031109,CALCULATED
CSTPOY2606002043,POY,2130,1,GAGAL - selalu unit_cost=1,3.009238,CALCULATED
CSTPOY2606002044,POY,2131,1,GAGAL - selalu unit_cost=1,3.033165,CALCULATED
CSTPOY2606002045,POY,2132,1,GAGAL - selalu unit_cost=1,3.032240,CALCULATED
CSTPOY2606002046,POY,2133,1,GAGAL - selalu unit_cost=1,3.030492,CALCULATED
CSTPOY2606002047,POY,2134,1,GAGAL - selalu unit_cost=1,3.032754,CALCULATED
CSTPOY2606002048,POY,2135,1,GAGAL - selalu unit_cost=1,3.033165,CALCULATED
CSTPOY2606002049,POY,2136,1,GAGAL - selalu unit_cost=1,3.018267,CALCULATED
CSTPOY2606002050,POY,2137,1,GAGAL - selalu unit_cost=1,3.003908,CALCULATED
CSTPOY2606002051,POY,2138,1,GAGAL - selalu unit_cost=1,3.024839,CALCULATED
CSTPOY2606002052,POY,2139,1,GAGAL - selalu unit_cost=1,3.029772,CALCULATED
CSTPOY2606002054,POY,2141,1,GAGAL - selalu unit_cost=1,3.028539,CALCULATED
CSTPOY2606002055,POY,2142,1,GAGAL - selalu unit_cost=1,3.024428,CALCULATED
CSTPOY2606002056,POY,2143,1,GAGAL - selalu unit_cost=1,3.024120,CALCULATED
CSTPOY2606002057,POY,2144,1,GAGAL - selalu unit_cost=1,3.027100,CALCULATED
CSTPTY2606004920,PTY,33416,1,GAGAL - selalu unit_cost=1,2.881812,CALCULATED
CSTPTY2606004921,PTY,33417,1,GAGAL - selalu unit_cost=1,2.881812,CALCULATED
CSTPTY2606004960,PTY,33456,1,GAGAL - selalu unit_cost=1,1.394584,CALCULATED
CSTPTY2606004965,PTY,33461,1,GAGAL - selalu unit_cost=1,1.532881,CALCULATED
CSTPTY2606004981,PTY,33477,1,GAGAL - selalu unit_cost=1,3.114610,CALCULATED
CSTPTY2606005012,PTY,33508,1,GAGAL - selalu unit_cost=1,1.488068,CALCULATED
CSTPTY2606005092,PTY,33588,1,GAGAL - selalu unit_cost=1,3.006587,CALCULATED
CSTPTY2606005100,PTY,33596,1,GAGAL - selalu unit_cost=1,1.321879,CALCULATED
CSTPTY2606005102,PTY,33598,1,GAGAL - selalu unit_cost=1,2.856555,CALCULATED
CSTPTY2606005621,PTY,33678,1,GAGAL - selalu unit_cost=1,1.635531,CALCULATED
CSTPTY2606005622,PTY,33679,1,GAGAL - selalu unit_cost=1,1.417734,CALCULATED
CSTPTY2606005623,PTY,33680,1,GAGAL - selalu unit_cost=1,1.396618,CALCULATED
CSTPTY2606005624,PTY,33681,1,GAGAL - selalu unit_cost=1,1.396618,CALCULATED
CSTPTY2606005625,PTY,33682,1,GAGAL - selalu unit_cost=1,1.532355,CALCULATED
CSTPTY2606005626,PTY,33683,1,GAGAL - selalu unit_cost=1,1.348581,CALCULATED
CSTPTY2606005627,PTY,33684,1,GAGAL - selalu unit_cost=1,1.510224,CALCULATED
CSTPTY2606005663,PTY,33720,1,GAGAL - selalu unit_cost=1,2.906237,CALCULATED
CSTPTY2606005664,PTY,33721,1,GAGAL - selalu unit_cost=1,2.906237,CALCULATED
CSTPTY2606005671,PTY,33728,1,GAGAL - selalu unit_cost=1,1.360589,CALCULATED
CSTPTY2606005673,PTY,33730,1,GAGAL - selalu unit_cost=1,1.397856,CALCULATED
CSTPTY2606005677,PTY,33734,1,GAGAL - selalu unit_cost=1,1.379969,CALCULATED
CSTPTY2606005678,PTY,33735,1,GAGAL - selalu unit_cost=1,1.389494,CALCULATED
CSTPTY2606005684,PTY,33741,1,GAGAL - selalu unit_cost=1,1.456964,CALCULATED
CSTPTY2606005690,PTY,33747,1,GAGAL - selalu unit_cost=1,2.906237,CALCULATED
CSTPTY2606005692,PTY,33749,1,GAGAL - selalu unit_cost=1,1.525305,CALCULATED
CSTPTY2606005693,PTY,33750,1,GAGAL - selalu unit_cost=1,2.912667,CALCULATED
CSTPTY2606005694,PTY,33751,1,GAGAL - selalu unit_cost=1,2.912667,CALCULATED
CSTPTY2606005695,PTY,33752,1,GAGAL - selalu unit_cost=1,2.912667,CALCULATED
CSTPTY2606005696,PTY,33753,1,GAGAL - selalu unit_cost=1,2.973742,CALCULATED
CSTPTY2606005704,PTY,33761,1,GAGAL - selalu unit_cost=1,1.321481,CALCULATED
CSTPTY2606005705,PTY,33762,1,GAGAL - selalu unit_cost=1,2.983730,CALCULATED
CSTPTY2606005706,PTY,33763,1,GAGAL - selalu unit_cost=1,2.983730,CALCULATED
CSTPTY2606005713,PTY,33770,1,GAGAL - selalu unit_cost=1,1.304557,CALCULATED
CSTPTY2606005724,PTY,33781,1,GAGAL - selalu unit_cost=1,2.992009,CALCULATED
CSTPTY2606005725,PTY,33782,1,GAGAL - selalu unit_cost=1,3.119935,CALCULATED
CSTPTY2606005726,PTY,33783,1,GAGAL - selalu unit_cost=1,3.119935,CALCULATED
CSTPTY2606005740,PTY,33797,1,GAGAL - selalu unit_cost=1,1.339611,CALCULATED
CSTPTY2606005748,PTY,33805,1,GAGAL - selalu unit_cost=1,3.119075,CALCULATED
CSTPTY2606005749,PTY,33806,1,GAGAL - selalu unit_cost=1,3.119075,CALCULATED
CSTPTY2606005750,PTY,33807,1,GAGAL - selalu unit_cost=1,3.119075,CALCULATED
CSTPTY2606005751,PTY,33808,1,GAGAL - selalu unit_cost=1,3.037990,CALCULATED
CSTPTY2606005752,PTY,33809,1,GAGAL - selalu unit_cost=1,3.037990,CALCULATED
CSTPTY2606005753,PTY,33810,1,GAGAL - selalu unit_cost=1,3.037990,CALCULATED
CSTPTY2606005754,PTY,33811,1,GAGAL - selalu unit_cost=1,1.582177,CALCULATED
CSTPTY2606005755,PTY,33812,1,GAGAL - selalu unit_cost=1,1.477174,CALCULATED
CSTPTY2606005760,PTY,33817,1,GAGAL - selalu unit_cost=1,3.010042,CALCULATED
CSTPTY2606005761,PTY,33818,1,GAGAL - selalu unit_cost=1,3.010042,CALCULATED
CSTPTY2606005762,PTY,33819,1,GAGAL - selalu unit_cost=1,3.010042,CALCULATED
CSTPTY2606005783,PTY,33840,1,GAGAL - selalu unit_cost=1,1.758132,CALCULATED
CSTPTY2606005802,PTY,33867,1,GAGAL - selalu unit_cost=1,1.393138,CALCULATED
CSTPTY2606005803,PTY,33868,1,GAGAL - selalu unit_cost=1,2.917192,CALCULATED
CSTPTY2606005809,PTY,33874,1,GAGAL - selalu unit_cost=1,1.342156,CALCULATED
CSTPTY2606005810,PTY,33875,1,GAGAL - selalu unit_cost=1,1.328356,CALCULATED
CSTPTY2606005811,PTY,33876,1,GAGAL - selalu unit_cost=1,2.923188,CALCULATED
CSTPTY2606005818,PTY,33883,1,GAGAL - selalu unit_cost=1,1.809535,CALCULATED
CSTPTY2606005819,PTY,33884,1,GAGAL - selalu unit_cost=1,1.314706,CALCULATED
CSTPTY2606005822,PTY,33887,1,GAGAL - selalu unit_cost=1,3.017104,CALCULATED
CSTPTY2606005823,PTY,33888,1,GAGAL - selalu unit_cost=1,2.909702,CALCULATED
CSTPTY2606005832,PTY,33897,1,GAGAL - selalu unit_cost=1,2.944741,CALCULATED
CSTPTY2606005844,PTY,33909,1,GAGAL - selalu unit_cost=1,1.318312,CALCULATED
CSTPTY2606005845,PTY,33910,1,GAGAL - selalu unit_cost=1,3.028925,CALCULATED
CSTPTY2606005857,PTY,33922,1,GAGAL - selalu unit_cost=1,3.083660,CALCULATED
CSTPTY2606005858,PTY,33923,1,GAGAL - selalu unit_cost=1,1.482871,CALCULATED
CSTPTY2606005862,PTY,33927,1,GAGAL - selalu unit_cost=1,1.363901,CALCULATED
CSTPTY2606005864,PTY,33929,1,GAGAL - selalu unit_cost=1,1.408307,CALCULATED
CSTPTY2606005865,PTY,33930,1,GAGAL - selalu unit_cost=1,1.321721,CALCULATED
CSTPTY2606005866,PTY,33931,1,GAGAL - selalu unit_cost=1,1.264561,CALCULATED
CSTPTY2606005874,PTY,33939,1,GAGAL - selalu unit_cost=1,2.925673,CALCULATED
CSTPTY2606005875,PTY,33940,1,GAGAL - selalu unit_cost=1,2.819347,CALCULATED
CSTPTY2606005876,PTY,33941,1,GAGAL - selalu unit_cost=1,2.883514,CALCULATED
CSTPTY2606005878,PTY,33943,1,GAGAL - selalu unit_cost=1,1.408623,CALCULATED
CSTPTY2606005880,PTY,33945,1,GAGAL - selalu unit_cost=1,3.149343,CALCULATED
CSTPTY2606005887,PTY,33952,1,GAGAL - selalu unit_cost=1,2.949859,CALCULATED
CSTPTY2606005898,PTY,33963,1,GAGAL - selalu unit_cost=1,1.544682,CALCULATED
CSTPTY2606005899,PTY,33964,1,GAGAL - selalu unit_cost=1,2.883514,CALCULATED
CSTPTY2606005901,PTY,33966,1,GAGAL - selalu unit_cost=1,1.301411,CALCULATED
CSTPTY2606005902,PTY,33967,1,GAGAL - selalu unit_cost=1,1.392897,CALCULATED
CSTPTY2606005908,PTY,33973,1,GAGAL - selalu unit_cost=1,3.236410,CALCULATED
CSTPTY2606005918,PTY,33983,1,GAGAL - selalu unit_cost=1,1.647189,CALCULATED
CSTPTY2606005921,PTY,33986,1,GAGAL - selalu unit_cost=1,1.381375,CALCULATED
CSTPTY2606005925,PTY,33990,1,GAGAL - selalu unit_cost=1,1.341208,CALCULATED
CSTPTY2606005926,PTY,33991,1,GAGAL - selalu unit_cost=1,1.544682,CALCULATED
CSTPTY2606005940,PTY,34005,1,GAGAL - selalu unit_cost=1,2.921933,CALCULATED
CSTPTY2606005941,PTY,34006,1,GAGAL - selalu unit_cost=1,2.921933,CALCULATED
CSTPTY2606005944,PTY,34009,1,GAGAL - selalu unit_cost=1,3.060757,CALCULATED
CSTPTY2606005945,PTY,34010,1,GAGAL - selalu unit_cost=1,3.060757,CALCULATED
CSTPTY2606005946,PTY,34011,1,GAGAL - selalu unit_cost=1,3.060757,CALCULATED
CSTPTY2606005947,PTY,34012,1,GAGAL - selalu unit_cost=1,3.060757,CALCULATED
CSTPTY2606005948,PTY,34013,1,GAGAL - selalu unit_cost=1,3.060757,CALCULATED
CSTPTY2606005949,PTY,34014,1,GAGAL - selalu unit_cost=1,3.060757,CALCULATED
CSTPTY2606005950,PTY,34015,1,GAGAL - selalu unit_cost=1,3.060757,CALCULATED
CSTPTY2606005951,PTY,34016,1,GAGAL - selalu unit_cost=1,3.060757,CALCULATED
CSTPTY2606005952,PTY,34017,1,GAGAL - selalu unit_cost=1,3.060757,CALCULATED
CSTPTY2606005953,PTY,34018,1,GAGAL - selalu unit_cost=1,3.060757,CALCULATED
CSTPTY2606005954,PTY,34019,1,GAGAL - selalu unit_cost=1,3.060757,CALCULATED
CSTPTY2606005955,PTY,34020,1,GAGAL - selalu unit_cost=1,3.060757,CALCULATED
CSTPTY2606005956,PTY,34021,1,GAGAL - selalu unit_cost=1,3.060757,CALCULATED
CSTPTY2606005976,PTY,34041,1,GAGAL - selalu unit_cost=1,2.993581,CALCULATED
CSTPTY2606005981,PTY,34046,1,GAGAL - selalu unit_cost=1,3.080071,CALCULATED
CSTPTY2606005982,PTY,34047,1,GAGAL - selalu unit_cost=1,2.967922,CALCULATED
CSTPTY2606005983,PTY,34048,1,GAGAL - selalu unit_cost=1,2.918711,CALCULATED
CSTPTY2606005984,PTY,34049,1,GAGAL - selalu unit_cost=1,1.499928,CALCULATED
CSTPTY2606006020,PTY,34085,1,GAGAL - selalu unit_cost=1,1.322612,CALCULATED
CSTPTY2606006056,PTY,34121,1,GAGAL - selalu unit_cost=1,1.419368,CALCULATED
CSTPTY2606006057,PTY,34122,1,GAGAL - selalu unit_cost=1,2.906499,CALCULATED
CSTPTY2606006058,PTY,34123,1,GAGAL - selalu unit_cost=1,2.906499,CALCULATED
CSTPTY2606006066,PTY,34131,1,GAGAL - selalu unit_cost=1,2.901710,CALCULATED
CSTPTY2606006067,PTY,34132,1,GAGAL - selalu unit_cost=1,1.308508,CALCULATED
CSTPTY2606006068,PTY,34133,1,GAGAL - selalu unit_cost=1,1.575820,CALCULATED
CSTPTY2606006069,PTY,34134,1,GAGAL - selalu unit_cost=1,1.340491,CALCULATED
CSTPTY2606006086,PTY,34151,1,GAGAL - selalu unit_cost=1,2.928757,CALCULATED
CSTPTY2606006087,PTY,34152,1,GAGAL - selalu unit_cost=1,2.933467,CALCULATED
CSTPTY2606006088,PTY,34153,1,GAGAL - selalu unit_cost=1,2.933467,CALCULATED
CSTPTY2606006089,PTY,34154,1,GAGAL - selalu unit_cost=1,2.946417,CALCULATED
CSTPTY2606006090,PTY,34155,1,GAGAL - selalu unit_cost=1,2.933467,CALCULATED
CSTPTY2606006095,PTY,34160,1,GAGAL - selalu unit_cost=1,1.339730,CALCULATED
CSTPTY2606006096,PTY,34161,1,GAGAL - selalu unit_cost=1,1.339730,CALCULATED
CSTPTY2606006097,PTY,34162,1,GAGAL - selalu unit_cost=1,1.326145,CALCULATED
CSTPTY2606006109,PTY,34174,1,GAGAL - selalu unit_cost=1,1.416519,CALCULATED
CSTPTY2606006122,PTY,34187,1,GAGAL - selalu unit_cost=1,3.025497,CALCULATED
CSTPTY2606006146,PTY,34211,1,GAGAL - selalu unit_cost=1,1.468855,CALCULATED
CSTPTY2606006162,PTY,34227,1,GAGAL - selalu unit_cost=1,3.104398,CALCULATED
CSTPTY2606006163,PTY,34228,1,GAGAL - selalu unit_cost=1,1.345674,CALCULATED
CSTPTY2606006173,PTY,34238,1,GAGAL - selalu unit_cost=1,3.015165,CALCULATED
CSTPTY2606006174,PTY,34239,1,GAGAL - selalu unit_cost=1,3.088397,CALCULATED
CSTPTY2606006177,PTY,34242,1,GAGAL - selalu unit_cost=1,1.393494,CALCULATED
CSTPTY2606006178,PTY,34243,1,GAGAL - selalu unit_cost=1,1.413334,CALCULATED
CSTPTY2606006200,PTY,34265,1,GAGAL - selalu unit_cost=1,1.461529,CALCULATED
CSTPTY2606006206,PTY,34271,1,GAGAL - selalu unit_cost=1,2.971292,CALCULATED
CSTPTY2606006212,PTY,34277,1,GAGAL - selalu unit_cost=1,1.248981,CALCULATED
CSTPTY2606006246,PTY,34311,1,GAGAL - selalu unit_cost=1,1.334460,CALCULATED
CSTPTY2606006248,PTY,34313,1,GAGAL - selalu unit_cost=1,2.915178,CALCULATED
CSTPTY2606006249,PTY,34314,1,GAGAL - selalu unit_cost=1,2.915178,CALCULATED
CSTPTY2606006253,PTY,34318,1,GAGAL - selalu unit_cost=1,2.993277,CALCULATED
CSTPTY2606006254,PTY,34319,1,GAGAL - selalu unit_cost=1,2.993277,CALCULATED
CSTPTY2606006255,PTY,34320,1,GAGAL - selalu unit_cost=1,1.351812,CALCULATED
CSTPTY2606006284,PTY,34349,1,GAGAL - selalu unit_cost=1,2.901967,CALCULATED
CSTPTY2606006294,PTY,34359,1,GAGAL - selalu unit_cost=1,1.334460,CALCULATED
CSTPTY2606006320,PTY,34385,1,GAGAL - selalu unit_cost=1,2.896527,CALCULATED
CSTPTY2606006325,PTY,34390,1,GAGAL - selalu unit_cost=1,3.058130,CALCULATED
CSTPTY2606006326,PTY,34391,1,GAGAL - selalu unit_cost=1,3.058130,CALCULATED
CSTPTY2606006327,PTY,34392,1,GAGAL - selalu unit_cost=1,3.058130,CALCULATED
CSTPTY2606006328,PTY,34393,1,GAGAL - selalu unit_cost=1,1.294819,CALCULATED
CSTPTY2606006329,PTY,34394,1,GAGAL - selalu unit_cost=1,1.348435,CALCULATED
CSTPTY2606006335,PTY,34400,1,GAGAL - selalu unit_cost=1,3.070946,CALCULATED
CSTPTY2606006337,PTY,34402,1,GAGAL - selalu unit_cost=1,2.842947,CALCULATED
CSTPTY2606006338,PTY,34403,1,GAGAL - selalu unit_cost=1,2.842947,CALCULATED
CSTPTY2606006341,PTY,34406,1,GAGAL - selalu unit_cost=1,1.345674,CALCULATED
CSTPTY2606006364,PTY,34429,1,GAGAL - selalu unit_cost=1,2.906819,CALCULATED
CSTPTY2606006365,PTY,34430,1,GAGAL - selalu unit_cost=1,2.906819,CALCULATED
CSTPTY2606006366,PTY,34431,1,GAGAL - selalu unit_cost=1,2.906819,CALCULATED
CSTPTY2606006367,PTY,34432,1,GAGAL - selalu unit_cost=1,2.871355,CALCULATED
CSTPTY2606006372,PTY,34437,1,GAGAL - selalu unit_cost=1,1.348399,CALCULATED
CSTPTY2606006374,PTY,34439,1,GAGAL - selalu unit_cost=1,1.505556,CALCULATED
CSTPTY2606006377,PTY,34442,1,GAGAL - selalu unit_cost=1,1.578649,CALCULATED
CSTPTY2606006389,PTY,34454,1,GAGAL - selalu unit_cost=1,2.926041,CALCULATED
CSTPTY2606006393,PTY,34458,1,GAGAL - selalu unit_cost=1,1.373227,CALCULATED
CSTPTY2606006395,PTY,34460,1,GAGAL - selalu unit_cost=1,1.568317,CALCULATED
CSTPTY2606006398,PTY,34463,1,GAGAL - selalu unit_cost=1,3.125079,CALCULATED
CSTPTY2606006403,PTY,34468,1,GAGAL - selalu unit_cost=1,3.047830,CALCULATED
CSTPTY2606006404,PTY,34469,1,GAGAL - selalu unit_cost=1,3.047830,CALCULATED
CSTPTY2606006405,PTY,34470,1,GAGAL - selalu unit_cost=1,3.047830,CALCULATED
CSTPTY2606006406,PTY,34471,1,GAGAL - selalu unit_cost=1,3.047830,CALCULATED
CSTPTY2606006407,PTY,34472,1,GAGAL - selalu unit_cost=1,2.970681,CALCULATED
CSTPTY2606006419,PTY,34484,1,GAGAL - selalu unit_cost=1,1.570796,CALCULATED
CSTPTY2606006424,PTY,34489,1,GAGAL - selalu unit_cost=1,1.370344,CALCULATED
CSTPTY2606006425,PTY,34490,1,GAGAL - selalu unit_cost=1,1.370344,CALCULATED
CSTPTY2606006429,PTY,34494,1,GAGAL - selalu unit_cost=1,1.048905,CALCULATED
CSTPTY2606006442,PTY,34507,1,GAGAL - selalu unit_cost=1,2.916965,CALCULATED
CSTPTY2606006444,PTY,34509,1,GAGAL - selalu unit_cost=1,1.530344,CALCULATED
CSTPTY2606006447,PTY,34512,1,GAGAL - selalu unit_cost=1,3.286686,CALCULATED
CSTPTY2606006448,PTY,34513,1,GAGAL - selalu unit_cost=1,3.286686,CALCULATED
CSTTPY2606005782,TPY,34525,1,GAGAL - selalu unit_cost=1,1.216950,CALCULATED
CSTTPY2606005783,TPY,34526,1,GAGAL - selalu unit_cost=1,1.161067,CALCULATED
CSTTPY2606005790,TPY,34533,1,GAGAL - selalu unit_cost=1,1.099555,CALCULATED
CSTTPY2606005791,TPY,34534,1,GAGAL - selalu unit_cost=1,1.099555,CALCULATED
CSTTPY2606005792,TPY,34535,1,GAGAL - selalu unit_cost=1,1.060232,CALCULATED
CSTTPY2606005793,TPY,34536,1,GAGAL - selalu unit_cost=1,1.060232,CALCULATED
CSTTPY2606005796,TPY,34539,1,GAGAL - selalu unit_cost=1,1.060232,CALCULATED
CSTTPY2606005798,TPY,34541,1,GAGAL - selalu unit_cost=1,1.125810,CALCULATED
CSTTPY2606005799,TPY,34542,1,GAGAL - selalu unit_cost=1,1.125810,CALCULATED
CSTTPY2606005800,TPY,34543,1,GAGAL - selalu unit_cost=1,1.226674,CALCULATED
CSTTPY2606005801,TPY,34544,1,GAGAL - selalu unit_cost=1,1.201319,CALCULATED
CSTTPY2606005803,TPY,34546,1,GAGAL - selalu unit_cost=1,1.109430,CALCULATED
CSTATY2606000309,ATY,34553,1,GAGAL - selalu unit_cost=1,1.142056,CALCULATED
CSTATY2606000311,ATY,34555,1,GAGAL - selalu unit_cost=1,1.090242,CALCULATED
CSTFDY2606000017,FDY,34556,1,GAGAL - selalu unit_cost=1,1.264589,CALCULATED
CSTFDY2606000018,FDY,34557,1,GAGAL - selalu unit_cost=1,1.371234,CALCULATED
CSTFDY2606000019,FDY,34558,1,GAGAL - selalu unit_cost=1,1.245684,CALCULATED
CSTPTY2606005135,PTY,34561,1,GAGAL - selalu unit_cost=1,1.129641,CALCULATED
CSTPTY2606005136,PTY,34562,1,GAGAL - selalu unit_cost=1,1.129641,CALCULATED
CSTPTY2606005137,PTY,34563,1,GAGAL - selalu unit_cost=1,1.186656,CALCULATED
CSTPTY2606005138,PTY,34564,1,GAGAL - selalu unit_cost=1,1.186656,CALCULATED
CSTPTY2606005140,PTY,34566,1,GAGAL - selalu unit_cost=1,1.147212,CALCULATED
CSTPTY2606005141,PTY,34567,1,GAGAL - selalu unit_cost=1,1.217652,CALCULATED
CSTPTY2606005142,PTY,34568,1,GAGAL - selalu unit_cost=1,1.217652,CALCULATED
CSTPTY2606006459,PTY,34573,1,GAGAL - selalu unit_cost=1,1.162812,CALCULATED
CSTPTY2606006462,PTY,34576,1,GAGAL - selalu unit_cost=1,1.130055,CALCULATED
CSTPTY2606006463,PTY,34577,1,GAGAL - selalu unit_cost=1,1.116151,CALCULATED
CSTPTY2606006465,PTY,34579,1,GAGAL - selalu unit_cost=1,1.100786,CALCULATED
CSTPTY2606006466,PTY,34580,1,GAGAL - selalu unit_cost=1,1.129661,CALCULATED
CSTPTY2606006467,PTY,34581,1,GAGAL - selalu unit_cost=1,1.233520,CALCULATED
CSTPTY2606006468,PTY,34582,1,GAGAL - selalu unit_cost=1,1.105925,CALCULATED
CSTPTY2606006469,PTY,34583,1,GAGAL - selalu unit_cost=1,1.243231,CALCULATED
CSTPTY2606006470,PTY,34584,1,GAGAL - selalu unit_cost=1,1.106472,CALCULATED
CSTPTY2606006471,PTY,34585,1,GAGAL - selalu unit_cost=1,1.106472,CALCULATED
CSTPTY2606006472,PTY,34586,1,GAGAL - selalu unit_cost=1,1.106472,CALCULATED
CSTPTY2606006473,PTY,34587,1,GAGAL - selalu unit_cost=1,1.106472,CALCULATED
CSTPTY2606006474,PTY,34588,1,GAGAL - selalu unit_cost=1,1.169174,CALCULATED
CSTPTY2606006475,PTY,34589,1,GAGAL - selalu unit_cost=1,1.256711,CALCULATED
CSTPTY2606006477,PTY,34591,1,GAGAL - selalu unit_cost=1,1.106472,CALCULATED
CSTPTY2606006478,PTY,34592,1,GAGAL - selalu unit_cost=1,1.106472,CALCULATED
CSTPTY2606006479,PTY,34593,1,GAGAL - selalu unit_cost=1,1.106472,CALCULATED
CSTPTY2606006480,PTY,34657,1,GAGAL - selalu unit_cost=1,1.241273,CALCULATED
CSTPTY2606006481,PTY,34658,1,GAGAL - selalu unit_cost=1,1.241273,CALCULATED
CSTPTY2606006482,PTY,34659,1,GAGAL - selalu unit_cost=1,1.158821,CALCULATED
CSTPTY2606006483,PTY,34660,1,GAGAL - selalu unit_cost=1,1.158821,CALCULATED
CSTPTY2606006484,PTY,34661,1,GAGAL - selalu unit_cost=1,1.207765,CALCULATED
CSTPTY2606006485,PTY,34662,1,GAGAL - selalu unit_cost=1,1.106333,CALCULATED
CSTTCY2606000245,TCY,34735,1,GAGAL - selalu unit_cost=1,1.145170,CALCULATED
CSTTCY2606000246,TCY,34736,1,GAGAL - selalu unit_cost=1,1.158712,CALCULATED
CSTTCY2606000255,TCY,34745,1,GAGAL - selalu unit_cost=1,1.173461,CALCULATED
CSTTCY2606000264,TCY,34754,1,GAGAL - selalu unit_cost=1,1.145170,CALCULATED
CSTTCY2606000265,TCY,34755,1,GAGAL - selalu unit_cost=1,1.162504,CALCULATED
CSTTCY2606000266,TCY,34756,1,GAGAL - selalu unit_cost=1,1.145170,CALCULATED
CSTTCY2606000268,TCY,34758,1,GAGAL - selalu unit_cost=1,1.197675,CALCULATED
CSTTCY2606000270,TCY,34760,1,GAGAL - selalu unit_cost=1,1.375389,CALCULATED
CSTTCY2606000011,TCY,34764,1,GAGAL - selalu unit_cost=1,1.174060,CALCULATED
CSTTCY2606000015,TCY,34768,1,GAGAL - selalu unit_cost=1,1.266509,CALCULATED
CSTTCY2606000018,TCY,34771,1,GAGAL - selalu unit_cost=1,1.174060,CALCULATED
CSTTCY2606000019,TCY,34772,1,GAGAL - selalu unit_cost=1,1.147045,CALCULATED
CSTTCY2606000020,TCY,34773,1,GAGAL - selalu unit_cost=1,1.147045,CALCULATED
CSTTCY2606000024,TCY,34777,1,GAGAL - selalu unit_cost=1,1.122890,CALCULATED
CSTTCY2606000026,TCY,34779,1,GAGAL - selalu unit_cost=1,1.088928,CALCULATED
CSTTCY2606000027,TCY,34780,1,GAGAL - selalu unit_cost=1,1.088928,CALCULATED
CSTTCY2606000028,TCY,34781,1,GAGAL - selalu unit_cost=1,1.088928,CALCULATED
CSTTCY2606000029,TCY,34782,1,GAGAL - selalu unit_cost=1,1.088928,CALCULATED
CSTTCY2606000031,TCY,34784,1,GAGAL - selalu unit_cost=1,1.088928,CALCULATED
CSTTCY2606000032,TCY,34785,1,GAGAL - selalu unit_cost=1,1.088928,CALCULATED
CSTTCY2606000033,TCY,34786,1,GAGAL - selalu unit_cost=1,1.088928,CALCULATED
CSTTCY2606000034,TCY,34787,1,GAGAL - selalu unit_cost=1,1.088928,CALCULATED
CSTTCY2606000035,TCY,34788,1,GAGAL - selalu unit_cost=1,1.088928,CALCULATED
CSTTCY2606000036,TCY,34789,1,GAGAL - selalu unit_cost=1,1.088928,CALCULATED
CSTTCY2606000039,TCY,34792,1,GAGAL - selalu unit_cost=1,1.147045,CALCULATED
CSTTCY2606000040,TCY,34793,1,GAGAL - selalu unit_cost=1,1.147045,CALCULATED
CSTTCY2606000041,TCY,34794,1,GAGAL - selalu unit_cost=1,1.147045,CALCULATED
CSTTCY2606000042,TCY,34795,1,GAGAL - selalu unit_cost=1,1.085262,CALCULATED
CSTTCY2606000043,TCY,34796,1,GAGAL - selalu unit_cost=1,1.085262,CALCULATED
CSTTCY2606000044,TCY,34797,1,GAGAL - selalu unit_cost=1,1.085262,CALCULATED
CSTTCY2606000048,TCY,34801,1,GAGAL - selalu unit_cost=1,1.116280,CALCULATED
CSTTCY2606000055,TCY,34808,1,GAGAL - selalu unit_cost=1,1.266509,CALCULATED
CSTTCY2606000061,TCY,34814,1,GAGAL - selalu unit_cost=1,1.166838,CALCULATED
CSTTCY2606000062,TCY,34815,1,GAGAL - selalu unit_cost=1,1.166838,CALCULATED
CSTTCY2606000063,TCY,34816,1,GAGAL - selalu unit_cost=1,1.166838,CALCULATED
CSTTCY2606000064,TCY,34817,1,GAGAL - selalu unit_cost=1,1.166838,CALCULATED
CSTTCY2606000065,TCY,34818,1,GAGAL - selalu unit_cost=1,1.166838,CALCULATED
CSTTCY2606000066,TCY,34819,1,GAGAL - selalu unit_cost=1,1.166838,CALCULATED
CSTTCY2606000069,TCY,34822,1,GAGAL - selalu unit_cost=1,1.135540,CALCULATED
CSTTCY2606000071,TCY,34824,1,GAGAL - selalu unit_cost=1,1.231841,CALCULATED
CSTTCY2606000075,TCY,34828,1,GAGAL - selalu unit_cost=1,1.147045,CALCULATED
CSTTCY2606000076,TCY,34829,1,GAGAL - selalu unit_cost=1,1.085262,CALCULATED
CSTTCY2606000077,TCY,34830,1,GAGAL - selalu unit_cost=1,1.085262,CALCULATED
CSTTCY2606000078,TCY,34831,1,GAGAL - selalu unit_cost=1,1.085262,CALCULATED
CSTTCY2606000079,TCY,34832,1,GAGAL - selalu unit_cost=1,1.085262,CALCULATED
CSTTCY2606000080,TCY,34833,1,GAGAL - selalu unit_cost=1,1.085262,CALCULATED
CSTTCY2606000081,TCY,34834,1,GAGAL - selalu unit_cost=1,1.085262,CALCULATED
CSTTCY2606000082,TCY,34835,1,GAGAL - selalu unit_cost=1,1.085262,CALCULATED
CSTTCY2606000083,TCY,34836,1,GAGAL - selalu unit_cost=1,1.085262,CALCULATED
CSTTCY2606000084,TCY,34837,1,GAGAL - selalu unit_cost=1,1.085262,CALCULATED
CSTTCY2606000085,TCY,34838,1,GAGAL - selalu unit_cost=1,1.085262,CALCULATED
CSTTCY2606000086,TCY,34839,1,GAGAL - selalu unit_cost=1,1.085262,CALCULATED
CSTTCY2606000104,TCY,34857,1,GAGAL - selalu unit_cost=1,1.085262,CALCULATED
CSTTCY2606000105,TCY,34858,1,GAGAL - selalu unit_cost=1,1.119224,CALCULATED
CSTTCY2606000106,TCY,34859,1,GAGAL - selalu unit_cost=1,1.119224,CALCULATED
CSTTCY2606000107,TCY,34860,1,GAGAL - selalu unit_cost=1,1.119224,CALCULATED
CSTTCY2606000108,TCY,34861,1,GAGAL - selalu unit_cost=1,1.085262,CALCULATED
CSTTCY2606000109,TCY,34862,1,GAGAL - selalu unit_cost=1,1.085262,CALCULATED
CSTTCY2606000110,TCY,34863,1,GAGAL - selalu unit_cost=1,1.085262,CALCULATED
CSTTCY2606000111,TCY,34864,1,GAGAL - selalu unit_cost=1,1.085262,CALCULATED
CSTTCY2606000112,TCY,34865,1,GAGAL - selalu unit_cost=1,1.119224,CALCULATED
CSTTCY2606000113,TCY,34866,1,GAGAL - selalu unit_cost=1,1.085262,CALCULATED
CSTTCY2606000114,TCY,34867,1,GAGAL - selalu unit_cost=1,1.085262,CALCULATED
CSTTCY2606000115,TCY,34868,1,GAGAL - selalu unit_cost=1,1.085262,CALCULATED
CSTTCY2606000116,TCY,34869,1,GAGAL - selalu unit_cost=1,1.092007,CALCULATED
CSTTCY2606000123,TCY,34876,1,GAGAL - selalu unit_cost=1,1.119224,CALCULATED
CSTTCY2606000124,TCY,34877,1,GAGAL - selalu unit_cost=1,1.119224,CALCULATED
CSTTCY2606000125,TCY,34878,1,GAGAL - selalu unit_cost=1,1.119224,CALCULATED
CSTTCY2606000126,TCY,34879,1,GAGAL - selalu unit_cost=1,1.119224,CALCULATED
CSTTCY2606000127,TCY,34880,1,GAGAL - selalu unit_cost=1,1.119224,CALCULATED
CSTTCY2606000128,TCY,34881,1,GAGAL - selalu unit_cost=1,1.085262,CALCULATED
CSTTCY2606000129,TCY,34882,1,GAGAL - selalu unit_cost=1,1.085262,CALCULATED
CSTTCY2606000130,TCY,34883,1,GAGAL - selalu unit_cost=1,1.085262,CALCULATED
CSTTCY2606000131,TCY,34884,1,GAGAL - selalu unit_cost=1,1.085262,CALCULATED
CSTTCY2606000274,TCY,34891,1,GAGAL - selalu unit_cost=1,1.123502,CALCULATED
CSTTCY2606000276,TCY,34893,1,GAGAL - selalu unit_cost=1,1.139753,CALCULATED
CSTTCY2606000278,TCY,34895,1,GAGAL - selalu unit_cost=1,1.173157,CALCULATED
CSTTCY2606000280,TCY,34897,1,GAGAL - selalu unit_cost=1,1.231841,CALCULATED
CSTTCY2606000286,TCY,34903,1,GAGAL - selalu unit_cost=1,1.112966,CALCULATED
CSTTCY2606000288,TCY,34905,1,GAGAL - selalu unit_cost=1,1.151490,CALCULATED
CSTTCY2606000289,TCY,34906,1,GAGAL - selalu unit_cost=1,1.110501,CALCULATED
CSTTCY2606000291,TCY,34908,1,GAGAL - selalu unit_cost=1,1.247487,CALCULATED
CSTTCY2606000294,TCY,34911,1,GAGAL - selalu unit_cost=1,1.118988,CALCULATED
CSTTCY2606000301,TCY,34918,1,GAGAL - selalu unit_cost=1,1.113238,CALCULATED
CSTTCY2606000302,TCY,34919,1,GAGAL - selalu unit_cost=1,1.405182,CALCULATED
CSTTCY2606000303,TCY,34920,1,GAGAL - selalu unit_cost=1,1.216493,CALCULATED
CSTTCY2606000304,TCY,34921,1,GAGAL - selalu unit_cost=1,1.116280,CALCULATED
CSTTCY2606000305,TCY,34922,1,GAGAL - selalu unit_cost=1,1.133197,CALCULATED
CSTTCY2606000306,TCY,34923,1,GAGAL - selalu unit_cost=1,1.123502,CALCULATED
CSTTCY2606000307,TCY,34924,1,GAGAL - selalu unit_cost=1,1.110501,CALCULATED
CSTTCY2606000308,TCY,34925,1,GAGAL - selalu unit_cost=1,1.103977,CALCULATED
CSTTCY2606000309,TCY,34926,1,GAGAL - selalu unit_cost=1,1.127836,CALCULATED
CSTTCY2606000313,TCY,34930,1,GAGAL - selalu unit_cost=1,1.208610,CALCULATED
CSTTCY2606000317,TCY,34934,1,GAGAL - selalu unit_cost=1,1.168710,CALCULATED
CSTTCY2606000326,TCY,34943,1,GAGAL - selalu unit_cost=1,1.194827,CALCULATED
CSTTCY2606000328,TCY,34945,1,GAGAL - selalu unit_cost=1,1.226822,CALCULATED
CSTTCY2606000329,TCY,34946,1,GAGAL - selalu unit_cost=1,1.162504,CALCULATED
CSTTCY2606000330,TCY,34947,1,GAGAL - selalu unit_cost=1,1.240012,CALCULATED
CSTTCY2606000331,TCY,34948,1,GAGAL - selalu unit_cost=1,1.116280,CALCULATED
CSTTCY2606000337,TCY,34954,1,GAGAL - selalu unit_cost=1,1.123502,CALCULATED
CSTTCY2606000339,TCY,34956,1,GAGAL - selalu unit_cost=1,1.158512,CALCULATED
CSTTCY2606000347,TCY,34964,1,GAGAL - selalu unit_cost=1,1.154800,CALCULATED
CSTTCY2606000348,TCY,34965,1,GAGAL - selalu unit_cost=1,1.154800,CALCULATED
CSTTCY2606000349,TCY,34966,1,GAGAL - selalu unit_cost=1,1.154800,CALCULATED
CSTTCY2606000350,TCY,34967,1,GAGAL - selalu unit_cost=1,1.154800,CALCULATED
CSTTCY2606000351,TCY,34968,1,GAGAL - selalu unit_cost=1,1.154800,CALCULATED
CSTTCY2606000352,TCY,34969,1,GAGAL - selalu unit_cost=1,1.154800,CALCULATED
CSTTCY2606000353,TCY,34970,1,GAGAL - selalu unit_cost=1,1.154800,CALCULATED
CSTTCY2606000358,TCY,34975,1,GAGAL - selalu unit_cost=1,1.149306,CALCULATED
CSTTCY2606000360,TCY,34977,1,GAGAL - selalu unit_cost=1,1.173157,CALCULATED
CSTTCY2606000362,TCY,34979,1,GAGAL - selalu unit_cost=1,1.202048,CALCULATED
CSTTCY2606000369,TCY,34986,1,GAGAL - selalu unit_cost=1,1.145170,CALCULATED
CSTTCY2606000372,TCY,34989,1,GAGAL - selalu unit_cost=1,1.101429,CALCULATED
CSTTCY2606000373,TCY,34990,1,GAGAL - selalu unit_cost=1,1.174060,CALCULATED
CSTTCY2606000375,TCY,34992,1,GAGAL - selalu unit_cost=1,1.111005,CALCULATED
CSTTCY2606000381,TCY,34998,1,GAGAL - selalu unit_cost=1,1.197172,CALCULATED
CSTTCY2606000383,TCY,35000,1,GAGAL - selalu unit_cost=1,1.163527,CALCULATED
CSTTCY2606000384,TCY,35001,1,GAGAL - selalu unit_cost=1,1.082114,CALCULATED
CSTTCY2606000386,TCY,35003,1,GAGAL - selalu unit_cost=1,1.145170,CALCULATED
CSTTCY2606000388,TCY,35005,1,GAGAL - selalu unit_cost=1,1.128339,CALCULATED
CSTTCY2606000389,TCY,35006,1,GAGAL - selalu unit_cost=1,1.199086,CALCULATED
CSTTCY2606000393,TCY,35010,1,GAGAL - selalu unit_cost=1,1.145170,CALCULATED
CSTTCY2606000397,TCY,35014,1,GAGAL - selalu unit_cost=1,1.162504,CALCULATED
CSTTCY2606000399,TCY,35016,1,GAGAL - selalu unit_cost=1,1.188505,CALCULATED
CSTTCY2606000401,TCY,35018,1,GAGAL - selalu unit_cost=1,1.145494,CALCULATED
CSTTCY2606000402,TCY,35019,1,GAGAL - selalu unit_cost=1,1.137805,CALCULATED
CSTTCY2606000406,TCY,35023,1,GAGAL - selalu unit_cost=1,1.135540,CALCULATED
CSTTCY2606000408,TCY,35025,1,GAGAL - selalu unit_cost=1,1.202048,CALCULATED
CSTTCY2606000410,TCY,35027,1,GAGAL - selalu unit_cost=1,1.346499,CALCULATED
CSTTCY2606000412,TCY,35029,1,GAGAL - selalu unit_cost=1,1.216950,CALCULATED
CSTTCY2606000416,TCY,35033,1,GAGAL - selalu unit_cost=1,1.314442,CALCULATED
CSTTCY2606000417,TCY,35034,1,GAGAL - selalu unit_cost=1,1.239076,CALCULATED
CSTTCY2606000419,TCY,35036,1,GAGAL - selalu unit_cost=1,1.127836,CALCULATED
CSTTCY2606000420,TCY,35037,1,GAGAL - selalu unit_cost=1,1.145170,CALCULATED
CSTTCY2606000421,TCY,35038,1,GAGAL - selalu unit_cost=1,1.231841,CALCULATED
CSTTCY2606000425,TCY,35042,1,GAGAL - selalu unit_cost=1,1.188505,CALCULATED
CSTTCY2606000428,TCY,35045,1,GAGAL - selalu unit_cost=1,1.211579,CALCULATED
CSTTCY2606000429,TCY,35046,1,GAGAL - selalu unit_cost=1,1.092414,CALCULATED
CSTTCY2606000431,TCY,35048,1,GAGAL - selalu unit_cost=1,1.188505,CALCULATED
CSTTCY2606000435,TCY,35052,1,GAGAL - selalu unit_cost=1,1.135540,CALCULATED
CSTTCY2606000436,TCY,35053,1,GAGAL - selalu unit_cost=1,1.275176,CALCULATED
CSTTCY2606000439,TCY,35056,1,GAGAL - selalu unit_cost=1,1.173157,CALCULATED
CSTTCY2606000440,TCY,35057,1,GAGAL - selalu unit_cost=1,1.158712,CALCULATED
CSTTCY2606000441,TCY,35058,1,GAGAL - selalu unit_cost=1,1.138489,CALCULATED
CSTTCY2606000444,TCY,35061,1,GAGAL - selalu unit_cost=1,1.101834,CALCULATED
CSTTCY2606000445,TCY,35062,1,GAGAL - selalu unit_cost=1,1.138489,CALCULATED
CSTTCY2606000451,TCY,35068,1,GAGAL - selalu unit_cost=1,1.127836,CALCULATED
CSTTCY2606000453,TCY,35070,1,GAGAL - selalu unit_cost=1,1.275176,CALCULATED
CSTTTY2606000563,TTY,35134,1,GAGAL - selalu unit_cost=1,1.180195,CALCULATED
CSTTTY2606000566,TTY,35137,1,GAGAL - selalu unit_cost=1,1.177337,CALCULATED
CSTTTY2606000570,TTY,35141,1,GAGAL - selalu unit_cost=1,1.234824,CALCULATED
CSTTTY2606000574,TTY,35145,1,GAGAL - selalu unit_cost=1,1.083948,CALCULATED
CSTTTY2606000580,TTY,35151,1,GAGAL - selalu unit_cost=1,1.154403,CALCULATED
CSTTTY2606000581,TTY,35152,1,GAGAL - selalu unit_cost=1,1.154403,CALCULATED
CSTTTY2606000582,TTY,35153,1,GAGAL - selalu unit_cost=1,1.154403,CALCULATED
CSTTTY2606000586,TTY,35157,1,GAGAL - selalu unit_cost=1,1.242951,CALCULATED
CSTTTY2606000587,TTY,35158,1,GAGAL - selalu unit_cost=1,1.359422,CALCULATED
CSTTTY2606000588,TTY,35159,1,GAGAL - selalu unit_cost=1,1.359422,CALCULATED
CSTTTY2606000589,TTY,35160,1,GAGAL - selalu unit_cost=1,1.359422,CALCULATED
CSTTTY2606000590,TTY,35161,1,GAGAL - selalu unit_cost=1,1.359422,CALCULATED
CSTTTY2606000591,TTY,35162,1,GAGAL - selalu unit_cost=1,1.359422,CALCULATED
CSTTTY2606000592,TTY,35163,1,GAGAL - selalu unit_cost=1,1.321849,CALCULATED
CSTTTY2606000599,TTY,35170,1,GAGAL - selalu unit_cost=1,1.216950,CALCULATED
CSTTTY2606000602,TTY,35173,1,GAGAL - selalu unit_cost=1,1.118794,CALCULATED
CSTTTY2606000603,TTY,35174,1,GAGAL - selalu unit_cost=1,1.084629,CALCULATED
CSTTTY2606000605,TTY,35176,1,GAGAL - selalu unit_cost=1,1.230409,CALCULATED
CSTTTY2606000606,TTY,35177,1,GAGAL - selalu unit_cost=1,1.401127,CALCULATED
CSTTTY2606000613,TTY,35184,1,GAGAL - selalu unit_cost=1,1.483618,CALCULATED
CSTTTY2606000616,TTY,35187,1,GAGAL - selalu unit_cost=1,1.132857,CALCULATED
CSTTTY2606000617,TTY,35188,1,GAGAL - selalu unit_cost=1,1.180467,CALCULATED
CSTTTY2606000624,TTY,35195,1,GAGAL - selalu unit_cost=1,1.135480,CALCULATED
CSTTTY2606000625,TTY,35196,1,GAGAL - selalu unit_cost=1,1.124166,CALCULATED
CSTTTY2606000626,TTY,35197,1,GAGAL - selalu unit_cost=1,1.132744,CALCULATED
CSTTTY2606000627,TTY,35198,1,GAGAL - selalu unit_cost=1,1.053515,CALCULATED
CSTTTY2606000628,TTY,35199,1,GAGAL - selalu unit_cost=1,1.053515,CALCULATED
CSTTTY2606000629,TTY,35200,1,GAGAL - selalu unit_cost=1,1.079139,CALCULATED
CSTTTY2606000630,TTY,35201,1,GAGAL - selalu unit_cost=1,1.079139,CALCULATED
CSTTTY2606000631,TTY,35202,1,GAGAL - selalu unit_cost=1,1.053515,CALCULATED
CSTTTY2606000632,TTY,35203,1,GAGAL - selalu unit_cost=1,1.079139,CALCULATED
CSTTTY2606000633,TTY,35204,1,GAGAL - selalu unit_cost=1,1.116013,CALCULATED
CSTTTY2606000634,TTY,35205,1,GAGAL - selalu unit_cost=1,1.154053,CALCULATED
CSTTTY2606000635,TTY,35206,1,GAGAL - selalu unit_cost=1,1.113437,CALCULATED
CSTTTY2606000636,TTY,35207,1,GAGAL - selalu unit_cost=1,1.147602,CALCULATED
CSTTTY2606000641,TTY,35212,1,GAGAL - selalu unit_cost=1,1.103957,CALCULATED
CSTTTY2606000644,TTY,35215,1,GAGAL - selalu unit_cost=1,1.100018,CALCULATED
CSTTTY2606000645,TTY,35216,1,GAGAL - selalu unit_cost=1,1.248640,CALCULATED
CSTTTY2606000657,TTY,35228,1,GAGAL - selalu unit_cost=1,1.154551,CALCULATED
CSTTTY2606000658,TTY,35229,1,GAGAL - selalu unit_cost=1,1.108030,CALCULATED
CSTTTY2606000659,TTY,35230,1,GAGAL - selalu unit_cost=1,1.142056,CALCULATED
CSTTTY2606000664,TTY,35235,1,GAGAL - selalu unit_cost=1,1.116418,CALCULATED
CSTTTY2606000665,TTY,35236,1,GAGAL - selalu unit_cost=1,1.097044,CALCULATED
CSTTTY2606000669,TTY,35240,1,GAGAL - selalu unit_cost=1,1.121540,CALCULATED
CSTTTY2606000674,TTY,35245,1,GAGAL - selalu unit_cost=1,1.216950,CALCULATED
CSTTTY2606000683,TTY,35254,1,GAGAL - selalu unit_cost=1,1.153117,CALCULATED
CSTTTY2606000684,TTY,35255,1,GAGAL - selalu unit_cost=1,1.242616,CALCULATED
CSTTTY2606000692,TTY,35263,1,GAGAL - selalu unit_cost=1,1.206386,CALCULATED
CSTTTY2606000693,TTY,35264,1,GAGAL - selalu unit_cost=1,1.164133,CALCULATED
CSTTTY2606000698,TTY,35269,1,GAGAL - selalu unit_cost=1,1.133626,CALCULATED
CSTTTY2606000701,TTY,35272,1,GAGAL - selalu unit_cost=1,1.090242,CALCULATED
CSTTTY2606000702,TTY,35273,1,GAGAL - selalu unit_cost=1,1.216950,CALCULATED
CSTTTY2606000703,TTY,35274,1,GAGAL - selalu unit_cost=1,1.153832,CALCULATED
CSTTTY2606000704,TTY,35275,1,GAGAL - selalu unit_cost=1,1.178293,CALCULATED
CSTTTY2606000705,TTY,35276,1,GAGAL - selalu unit_cost=1,1.234637,CALCULATED
CSTTTY2606000706,TTY,35277,1,GAGAL - selalu unit_cost=1,1.217661,CALCULATED
CSTTTY2606000707,TTY,35278,1,GAGAL - selalu unit_cost=1,1.324060,CALCULATED
CSTTTY2606000711,TTY,35282,1,GAGAL - selalu unit_cost=1,1.137724,CALCULATED
CSTTTY2606000712,TTY,35283,1,GAGAL - selalu unit_cost=1,1.106781,CALCULATED
CSTTTY2606000713,TTY,35284,1,GAGAL - selalu unit_cost=1,1.433777,CALCULATED
CSTTTY2606000715,TTY,35286,1,GAGAL - selalu unit_cost=1,1.063473,CALCULATED
CSTTTY2606000736,TTY,35307,1,GAGAL - selalu unit_cost=1,1.561765,CALCULATED
CSTTTY2606000739,TTY,35310,1,GAGAL - selalu unit_cost=1,1.217059,CALCULATED
CSTTTY2606000740,TTY,35311,1,GAGAL - selalu unit_cost=1,1.303975,CALCULATED
CSTTTY2606000741,TTY,35312,1,GAGAL - selalu unit_cost=1,1.234374,CALCULATED
CSTTTY2606000742,TTY,35313,1,GAGAL - selalu unit_cost=1,1.177337,CALCULATED
CSTTTY2606000745,TTY,35316,1,GAGAL - selalu unit_cost=1,1.180383,CALCULATED
CSTTTY2606000746,TTY,35317,1,GAGAL - selalu unit_cost=1,1.137724,CALCULATED
CSTTTY2606000747,TTY,35318,1,GAGAL - selalu unit_cost=1,1.137724,CALCULATED
CSTTTY2606000748,TTY,35319,1,GAGAL - selalu unit_cost=1,1.261888,CALCULATED
CSTTTY2606000753,TTY,35324,1,GAGAL - selalu unit_cost=1,1.302685,CALCULATED
CSTTTY2606000754,TTY,35325,1,GAGAL - selalu unit_cost=1,1.185439,CALCULATED
CSTTTY2606000755,TTY,35326,1,GAGAL - selalu unit_cost=1,1.216950,CALCULATED
CSTTTY2606000762,TTY,35333,1,GAGAL - selalu unit_cost=1,1.169414,CALCULATED
CSTTTY2606000766,TTY,35337,1,GAGAL - selalu unit_cost=1,1.173323,CALCULATED
CSTTTY2606000768,TTY,35339,1,GAGAL - selalu unit_cost=1,1.064335,CALCULATED
CSTTTY2606000785,TTY,35356,1,GAGAL - selalu unit_cost=1,1.354274,CALCULATED
CSTTTY2606000786,TTY,35357,1,GAGAL - selalu unit_cost=1,1.255682,CALCULATED
CSTTTY2606000789,TTY,35377,1,GAGAL - selalu unit_cost=1,1.216950,CALCULATED
CSTTTY2606000791,TTY,35379,1,GAGAL - selalu unit_cost=1,1.238770,CALCULATED
CSTTTY2606000792,TTY,35380,1,GAGAL - selalu unit_cost=1,1.174060,CALCULATED
CSTTTY2606000802,TTY,35390,1,GAGAL - selalu unit_cost=1,1.143239,CALCULATED
CSTTTY2606000803,TTY,35391,1,GAGAL - selalu unit_cost=1,1.113437,CALCULATED
CSTTTY2606000815,TTY,35403,1,GAGAL - selalu unit_cost=1,1.263627,CALCULATED
CSTTTY2606000818,TTY,35406,1,GAGAL - selalu unit_cost=1,1.099920,CALCULATED
CSTTTY2606000819,TTY,35407,1,GAGAL - selalu unit_cost=1,1.117377,CALCULATED
CSTTTY2606000851,TTY,35439,1,GAGAL - selalu unit_cost=1,1.311773,CALCULATED
CSTTTY2606000863,TTY,35451,1,GAGAL - selalu unit_cost=1,1.250414,CALCULATED
CSTTTY2606000868,TTY,35456,1,GAGAL - selalu unit_cost=1,1.280330,CALCULATED
CSTTTY2606000890,TTY,35478,1,GAGAL - selalu unit_cost=1,1.105197,CALCULATED
CSTTTY2606000892,TTY,35480,1,GAGAL - selalu unit_cost=1,1.110308,CALCULATED
CSTTTY2606000896,TTY,35484,1,GAGAL - selalu unit_cost=1,1.140820,CALCULATED
CSTTTY2606000897,TTY,35485,1,GAGAL - selalu unit_cost=1,1.295715,CALCULATED
CSTTTY2606000899,TTY,35487,1,GAGAL - selalu unit_cost=1,1.124408,CALCULATED
CSTTTY2606000900,TTY,35488,1,GAGAL - selalu unit_cost=1,1.174913,CALCULATED
CSTTTY2606000901,TTY,35489,1,GAGAL - selalu unit_cost=1,1.163207,CALCULATED
CSTTTY2606000910,TTY,35498,1,GAGAL - selalu unit_cost=1,1.105876,CALCULATED
CSTTTY2606000920,TTY,35508,1,GAGAL - selalu unit_cost=1,1.118687,CALCULATED
CSTTTY2606000921,TTY,35509,1,GAGAL - selalu unit_cost=1,1.179863,CALCULATED
CSTTTY2606000928,TTY,35516,1,GAGAL - selalu unit_cost=1,1.180345,CALCULATED
CSTTTY2606000929,TTY,35517,1,GAGAL - selalu unit_cost=1,1.187394,CALCULATED
CSTTTY2606000930,TTY,35518,1,GAGAL - selalu unit_cost=1,1.123605,CALCULATED
CSTTTY2606000931,TTY,35519,1,GAGAL - selalu unit_cost=1,1.129103,CALCULATED
CSTTTY2606000937,TTY,35525,1,GAGAL - selalu unit_cost=1,1.137129,CALCULATED
CSTTTY2606000973,TTY,35561,1,GAGAL - selalu unit_cost=1,1.154403,CALCULATED
CSTTTY2606000974,TTY,35562,1,GAGAL - selalu unit_cost=1,1.154403,CALCULATED
CSTTTY2606000975,TTY,35563,1,GAGAL - selalu unit_cost=1,1.154403,CALCULATED
CSTTTY2606000977,TTY,35565,1,GAGAL - selalu unit_cost=1,1.137724,CALCULATED
CSTTTY2606000981,TTY,35569,1,GAGAL - selalu unit_cost=1,1.177337,CALCULATED
CSTTTY2606000982,TTY,35570,1,GAGAL - selalu unit_cost=1,1.248640,CALCULATED
CSTTTY2606000984,TTY,35572,1,GAGAL - selalu unit_cost=1,1.164133,CALCULATED
CSTTTY2606000985,TTY,35573,1,GAGAL - selalu unit_cost=1,1.269767,CALCULATED
CSTTTY2606000986,TTY,35574,1,GAGAL - selalu unit_cost=1,1.211885,CALCULATED
CSTTTY2606000987,TTY,35575,1,GAGAL - selalu unit_cost=1,1.170332,CALCULATED
CSTTTY2606000988,TTY,35576,1,GAGAL - selalu unit_cost=1,1.239997,CALCULATED
CSTTTY2606000994,TTY,35582,1,GAGAL - selalu unit_cost=1,1.590612,CALCULATED
CSTTTY2606000995,TTY,35583,1,GAGAL - selalu unit_cost=1,1.436454,CALCULATED
CSTTTY2606000996,TTY,35584,1,GAGAL - selalu unit_cost=1,1.436454,CALCULATED
CSTTTY2606000999,TTY,35587,1,GAGAL - selalu unit_cost=1,1.330471,CALCULATED
CSTTTY2606001000,TTY,35588,1,GAGAL - selalu unit_cost=1,1.330471,CALCULATED
CSTTTY2606001002,TTY,35590,1,GAGAL - selalu unit_cost=1,1.137724,CALCULATED
CSTTTY2606001003,TTY,35591,1,GAGAL - selalu unit_cost=1,1.112933,CALCULATED
CSTTTY2606001008,TTY,35596,1,GAGAL - selalu unit_cost=1,1.250414,CALCULATED
CSTTTY2606000303,TTY,35870,1,GAGAL - selalu unit_cost=1,1.323405,CALCULATED
CSTTTY2606000306,TTY,35873,1,GAGAL - selalu unit_cost=1,1.303975,CALCULATED
CSTTTY2606000324,TTY,35891,1,GAGAL - selalu unit_cost=1,1.137941,CALCULATED
CSTTTY2606000325,TTY,35892,1,GAGAL - selalu unit_cost=1,1.137941,CALCULATED
CSTTTY2606000326,TTY,35893,1,GAGAL - selalu unit_cost=1,1.106472,CALCULATED
CSTTTY2606000327,TTY,35894,1,GAGAL - selalu unit_cost=1,1.106472,CALCULATED
CSTTTY2606000329,TTY,35896,1,GAGAL - selalu unit_cost=1,1.154403,CALCULATED
CSTTTY2606000330,TTY,35897,1,GAGAL - selalu unit_cost=1,1.154403,CALCULATED
CSTTTY2606000331,TTY,35898,1,GAGAL - selalu unit_cost=1,1.154403,CALCULATED
CSTTTY2606000360,TTY,35927,1,GAGAL - selalu unit_cost=1,1.113122,CALCULATED
CSTTTY2606000373,TTY,35940,1,GAGAL - selalu unit_cost=1,1.212667,CALCULATED
CSTTTY2606000374,TTY,35941,1,GAGAL - selalu unit_cost=1,1.212667,CALCULATED
CSTTTY2606000378,TTY,35945,1,GAGAL - selalu unit_cost=1,1.124261,CALCULATED
CSTTTY2606000381,TTY,35948,1,GAGAL - selalu unit_cost=1,1.197340,CALCULATED
CSTTTY2606000382,TTY,35949,1,GAGAL - selalu unit_cost=1,1.197340,CALCULATED
CSTTTY2606000388,TTY,35955,1,GAGAL - selalu unit_cost=1,1.115833,CALCULATED
CSTTTY2606000390,TTY,35957,1,GAGAL - selalu unit_cost=1,1.196597,CALCULATED
CSTTTY2606000395,TTY,35962,1,GAGAL - selalu unit_cost=1,1.142296,CALCULATED
CSTTTY2606000396,TTY,35963,1,GAGAL - selalu unit_cost=1,1.153832,CALCULATED
CSTTTY2606000416,TTY,35983,1,GAGAL - selalu unit_cost=1,1.167963,CALCULATED
CSTTTY2606000457,TTY,36024,1,GAGAL - selalu unit_cost=1,1.290825,CALCULATED
CSTTTY2606000459,TTY,36026,1,GAGAL - selalu unit_cost=1,1.098264,CALCULATED
CSTPTY2606006486,PTY,36048,1,GAGAL - selalu unit_cost=1,1.758067,CALCULATED
CSTTTS2606000198,TTS,36243,1,GAGAL - selalu unit_cost=1,1.767689,CALCULATED
CSTPTY2606005391,PTY,28587,1,GAGAL - selalu unit_cost=1,1.076037,CALCULATED
CSTPTY2606005394,PTY,28590,1,GAGAL - selalu unit_cost=1,1.139880,CALCULATED
CSTPTY2606005397,PTY,28593,1,GAGAL - selalu unit_cost=1,1.108597,CALCULATED
CSTPTY2606005399,PTY,28595,1,GAGAL - selalu unit_cost=1,1.139102,CALCULATED
CSTPTY2606005400,PTY,28596,1,GAGAL - selalu unit_cost=1,1.124436,CALCULATED
CSTPTY2606005402,PTY,28598,1,GAGAL - selalu unit_cost=1,1.160590,CALCULATED
CSTPTY2606005403,PTY,28599,1,GAGAL - selalu unit_cost=1,1.090624,CALCULATED
CSTPTY2606005404,PTY,28600,1,GAGAL - selalu unit_cost=1,1.132452,CALCULATED
CSTPTY2606005405,PTY,28601,1,GAGAL - selalu unit_cost=1,1.165608,CALCULATED
CSTPTY2606005409,PTY,28605,1,GAGAL - selalu unit_cost=1,1.100279,CALCULATED
CSTPTY2606005410,PTY,28606,1,GAGAL - selalu unit_cost=1,1.247632,CALCULATED
CSTPTY2606005411,PTY,28607,1,GAGAL - selalu unit_cost=1,1.193886,CALCULATED
CSTPTY2606005413,PTY,28609,1,GAGAL - selalu unit_cost=1,1.136233,CALCULATED
CSTPTY2606005434,PTY,28630,1,GAGAL - selalu unit_cost=1,1.126623,CALCULATED
CSTPTY2606005435,PTY,28631,1,GAGAL - selalu unit_cost=1,1.060435,CALCULATED
CSTPTY2606005436,PTY,28632,1,GAGAL - selalu unit_cost=1,1.141435,CALCULATED
CSTPTY2606005437,PTY,28633,1,GAGAL - selalu unit_cost=1,1.187480,CALCULATED
CSTPTY2606005441,PTY,28637,1,GAGAL - selalu unit_cost=1,1.138713,CALCULATED
CSTPTY2606005442,PTY,28638,1,GAGAL - selalu unit_cost=1,1.091163,CALCULATED
CSTPTY2606005443,PTY,28639,1,GAGAL - selalu unit_cost=1,1.123230,CALCULATED
CSTPTY2606005444,PTY,28640,1,GAGAL - selalu unit_cost=1,1.145180,CALCULATED
CSTPTY2606005446,PTY,28642,1,GAGAL - selalu unit_cost=1,1.145180,CALCULATED
CSTPTY2606005447,PTY,28643,1,GAGAL - selalu unit_cost=1,1.145180,CALCULATED
CSTPTY2606005448,PTY,28644,1,GAGAL - selalu unit_cost=1,1.099194,CALCULATED
CSTPTY2606005450,PTY,28646,1,GAGAL - selalu unit_cost=1,1.136840,CALCULATED
CSTPTY2606005458,PTY,28654,1,GAGAL - selalu unit_cost=1,1.094973,CALCULATED
CSTPTY2606005463,PTY,28659,1,GAGAL - selalu unit_cost=1,1.114544,CALCULATED
CSTPTY2606005464,PTY,28660,1,GAGAL - selalu unit_cost=1,1.145064,CALCULATED
CSTPTY2606005467,PTY,28663,1,GAGAL - selalu unit_cost=1,1.128693,CALCULATED
CSTPTY2606005468,PTY,28664,1,GAGAL - selalu unit_cost=1,1.095048,CALCULATED
CSTPTY2606005469,PTY,28665,1,GAGAL - selalu unit_cost=1,1.095048,CALCULATED
CSTPTY2606005476,PTY,28672,1,GAGAL - selalu unit_cost=1,1.097931,CALCULATED
CSTPTY2606005477,PTY,28673,1,GAGAL - selalu unit_cost=1,1.097931,CALCULATED
CSTPTY2606005478,PTY,28674,1,GAGAL - selalu unit_cost=1,1.097931,CALCULATED
CSTPTY2606005479,PTY,28675,1,GAGAL - selalu unit_cost=1,1.097931,CALCULATED
CSTPTY2606005480,PTY,28676,1,GAGAL - selalu unit_cost=1,1.058406,CALCULATED
CSTPTY2606005481,PTY,28677,1,GAGAL - selalu unit_cost=1,1.058406,CALCULATED
CSTPTY2606005482,PTY,28678,1,GAGAL - selalu unit_cost=1,1.058406,CALCULATED
CSTPTY2606005483,PTY,28679,1,GAGAL - selalu unit_cost=1,1.060152,CALCULATED
CSTPTY2606005484,PTY,28680,1,GAGAL - selalu unit_cost=1,1.060152,CALCULATED
CSTPTY2606005485,PTY,28681,1,GAGAL - selalu unit_cost=1,1.060152,CALCULATED
CSTPTY2606005488,PTY,28684,1,GAGAL - selalu unit_cost=1,1.095296,CALCULATED
CSTPTY2606005490,PTY,28686,1,GAGAL - selalu unit_cost=1,1.187822,CALCULATED
CSTPTY2606005491,PTY,28687,1,GAGAL - selalu unit_cost=1,1.139327,CALCULATED
CSTPTY2606005492,PTY,28688,1,GAGAL - selalu unit_cost=1,1.114892,CALCULATED
CSTPTY2606005494,PTY,28690,1,GAGAL - selalu unit_cost=1,1.117279,CALCULATED
CSTPTY2606005496,PTY,28692,1,GAGAL - selalu unit_cost=1,1.104122,CALCULATED
CSTPTY2606005497,PTY,28693,1,GAGAL - selalu unit_cost=1,1.112077,CALCULATED
CSTPTY2606005498,PTY,28694,1,GAGAL - selalu unit_cost=1,1.115536,CALCULATED
CSTPTY2606005500,PTY,28696,1,GAGAL - selalu unit_cost=1,1.316074,CALCULATED
CSTPTY2606005501,PTY,28697,1,GAGAL - selalu unit_cost=1,1.111551,CALCULATED
CSTPTY2606005502,PTY,28698,1,GAGAL - selalu unit_cost=1,1.102123,CALCULATED
CSTPTY2606005504,PTY,28700,1,GAGAL - selalu unit_cost=1,1.141435,CALCULATED
CSTPTY2606005505,PTY,28701,1,GAGAL - selalu unit_cost=1,1.141435,CALCULATED
CSTPTY2606005507,PTY,28703,1,GAGAL - selalu unit_cost=1,1.114261,CALCULATED
CSTPTY2606005508,PTY,28704,1,GAGAL - selalu unit_cost=1,1.128819,CALCULATED
CSTPTY2606005509,PTY,28705,1,GAGAL - selalu unit_cost=1,1.118373,CALCULATED
CSTPTY2606005510,PTY,28706,1,GAGAL - selalu unit_cost=1,1.122269,CALCULATED
CSTPTY2606005511,PTY,28707,1,GAGAL - selalu unit_cost=1,1.128114,CALCULATED
CSTPTY2606005512,PTY,28708,1,GAGAL - selalu unit_cost=1,1.137855,CALCULATED
CSTPTY2606005519,PTY,28715,1,GAGAL - selalu unit_cost=1,1.105894,CALCULATED
CSTTTY2606000551,TTY,28725,1,GAGAL - selalu unit_cost=1,1.107437,CALCULATED
CSTTTY2606000553,TTY,28727,1,GAGAL - selalu unit_cost=1,1.127236,CALCULATED
CSTTTY2606000554,TTY,28728,1,GAGAL - selalu unit_cost=1,1.135439,CALCULATED
CSTTTY2606000555,TTY,28729,1,GAGAL - selalu unit_cost=1,1.152673,CALCULATED
CSTTTY2606000556,TTY,28730,1,GAGAL - selalu unit_cost=1,1.135274,CALCULATED
CSTTTY2606000557,TTY,28731,1,GAGAL - selalu unit_cost=1,1.157337,CALCULATED
CSTTTY2606000558,TTY,28732,1,GAGAL - selalu unit_cost=1,1.131361,CALCULATED
CSTTTY2606000559,TTY,28733,1,GAGAL - selalu unit_cost=1,1.115171,CALCULATED
CSTTTY2606000560,TTY,28734,1,GAGAL - selalu unit_cost=1,1.168423,CALCULATED
CSTTTY2606000007,TTY,28735,1,GAGAL - selalu unit_cost=1,1.125810,CALCULATED
CSTTTY2606000008,TTY,28736,1,GAGAL - selalu unit_cost=1,1.125810,CALCULATED
CSTTTY2606000010,TTY,28738,1,GAGAL - selalu unit_cost=1,1.115171,CALCULATED
CSTTTY2606000011,TTY,28739,1,GAGAL - selalu unit_cost=1,1.115171,CALCULATED
CSTTTY2606000012,TTY,28740,1,GAGAL - selalu unit_cost=1,1.130306,CALCULATED
CSTPTY2606002860,PTY,28780,1,GAGAL - selalu unit_cost=1,1.434287,CALCULATED
CSTPTY2606002866,PTY,28786,1,GAGAL - selalu unit_cost=1,1.509280,CALCULATED
CSTPTY2606002884,PTY,28804,1,GAGAL - selalu unit_cost=1,3.114014,CALCULATED
CSTPTY2606002899,PTY,28819,1,GAGAL - selalu unit_cost=1,1.451505,CALCULATED
CSTPTY2606002919,PTY,28839,1,GAGAL - selalu unit_cost=1,1.474213,CALCULATED
CSTPTY2606002921,PTY,28841,1,GAGAL - selalu unit_cost=1,1.522977,CALCULATED
CSTPTY2606002941,PTY,28861,1,GAGAL - selalu unit_cost=1,1.624725,CALCULATED
CSTPTY2606005553,PTY,28895,1,GAGAL - selalu unit_cost=1,1.300754,CALCULATED
CSTPTY2606005592,PTY,28934,1,GAGAL - selalu unit_cost=1,1.521945,CALCULATED
CSTPTY2606005598,PTY,28940,1,GAGAL - selalu unit_cost=1,1.480198,CALCULATED
CSTPTY2606005601,PTY,28943,1,GAGAL - selalu unit_cost=1,2.845274,CALCULATED
CSTPTY2606005604,PTY,28946,1,GAGAL - selalu unit_cost=1,1.144067,CALCULATED
CSTPTY2606003094,PTY,30840,1,GAGAL - selalu unit_cost=1,1.293683,CALCULATED
CSTPTY2606003095,PTY,30841,1,GAGAL - selalu unit_cost=1,1.317066,CALCULATED
CSTPTY2606003099,PTY,30845,1,GAGAL - selalu unit_cost=1,1.300716,CALCULATED
CSTPTY2606003106,PTY,30852,1,GAGAL - selalu unit_cost=1,1.499332,CALCULATED
CSTPTY2606003153,PTY,31437,1,GAGAL - selalu unit_cost=1,3.048055,CALCULATED
CSTPTY2606003154,PTY,31438,1,GAGAL - selalu unit_cost=1,3.048055,CALCULATED
CSTPTY2606003155,PTY,31439,1,GAGAL - selalu unit_cost=1,3.048055,CALCULATED
CSTPTY2606003156,PTY,31440,1,GAGAL - selalu unit_cost=1,3.048055,CALCULATED
CSTPTY2606003157,PTY,31441,1,GAGAL - selalu unit_cost=1,3.048055,CALCULATED
CSTPTY2606003187,PTY,31471,1,GAGAL - selalu unit_cost=1,1.300338,CALCULATED
CSTPTY2606003215,PTY,31499,1,GAGAL - selalu unit_cost=1,2.987023,CALCULATED
CSTPTY2606003216,PTY,31500,1,GAGAL - selalu unit_cost=1,2.997133,CALCULATED
CSTPTY2606003218,PTY,31502,1,GAGAL - selalu unit_cost=1,2.926710,CALCULATED
CSTPTY2606003219,PTY,31503,1,GAGAL - selalu unit_cost=1,2.926710,CALCULATED
CSTPTY2606003220,PTY,31504,1,GAGAL - selalu unit_cost=1,2.926710,CALCULATED
CSTPTY2606003232,PTY,31516,1,GAGAL - selalu unit_cost=1,1.408284,CALCULATED
CSTPTY2606003236,PTY,31520,1,GAGAL - selalu unit_cost=1,2.992956,CALCULATED
CSTPTY2606003246,PTY,31530,1,GAGAL - selalu unit_cost=1,1.341033,CALCULATED
CSTPTY2606003260,PTY,31544,1,GAGAL - selalu unit_cost=1,2.895469,CALCULATED
CSTPTY2606003261,PTY,31545,1,GAGAL - selalu unit_cost=1,2.895469,CALCULATED
CSTPTY2606003262,PTY,31546,1,GAGAL - selalu unit_cost=1,2.895469,CALCULATED
CSTPTY2606003263,PTY,31547,1,GAGAL - selalu unit_cost=1,2.895469,CALCULATED
CSTPTY2606003264,PTY,31548,1,GAGAL - selalu unit_cost=1,2.895469,CALCULATED
CSTPTY2606003265,PTY,31549,1,GAGAL - selalu unit_cost=1,2.895469,CALCULATED
CSTPTY2606003266,PTY,31550,1,GAGAL - selalu unit_cost=1,2.895469,CALCULATED
CSTPTY2606003267,PTY,31551,1,GAGAL - selalu unit_cost=1,2.895469,CALCULATED
CSTPTY2606003268,PTY,31552,1,GAGAL - selalu unit_cost=1,2.895469,CALCULATED
CSTPTY2606003269,PTY,31553,1,GAGAL - selalu unit_cost=1,2.895469,CALCULATED
CSTPTY2606003270,PTY,31554,1,GAGAL - selalu unit_cost=1,2.895469,CALCULATED
CSTPTY2606003271,PTY,31555,1,GAGAL - selalu unit_cost=1,2.895469,CALCULATED
CSTPTY2606003272,PTY,31556,1,GAGAL - selalu unit_cost=1,2.895469,CALCULATED
CSTPTY2606003273,PTY,31557,1,GAGAL - selalu unit_cost=1,2.895469,CALCULATED
CSTPTY2606003274,PTY,31558,1,GAGAL - selalu unit_cost=1,2.895469,CALCULATED
CSTPTY2606003275,PTY,31559,1,GAGAL - selalu unit_cost=1,2.895469,CALCULATED
CSTPTY2606003276,PTY,31560,1,GAGAL - selalu unit_cost=1,2.895469,CALCULATED
CSTPTY2606003277,PTY,31561,1,GAGAL - selalu unit_cost=1,2.895469,CALCULATED
CSTPTY2606003278,PTY,31562,1,GAGAL - selalu unit_cost=1,2.895469,CALCULATED
CSTPTY2606003279,PTY,31563,1,GAGAL - selalu unit_cost=1,2.895469,CALCULATED
CSTPTY2606003280,PTY,31564,1,GAGAL - selalu unit_cost=1,2.895469,CALCULATED
CSTPTY2606003281,PTY,31565,1,GAGAL - selalu unit_cost=1,2.895469,CALCULATED
CSTPTY2606003282,PTY,31566,1,GAGAL - selalu unit_cost=1,2.895469,CALCULATED
CSTPTY2606003285,PTY,31569,1,GAGAL - selalu unit_cost=1,2.895469,CALCULATED
CSTPTY2606003286,PTY,31570,1,GAGAL - selalu unit_cost=1,2.895469,CALCULATED
CSTPTY2606003287,PTY,31571,1,GAGAL - selalu unit_cost=1,2.895469,CALCULATED
CSTPTY2606003288,PTY,31572,1,GAGAL - selalu unit_cost=1,2.895469,CALCULATED
CSTPTY2606003321,PTY,31605,1,GAGAL - selalu unit_cost=1,1.306279,CALCULATED
CSTPTY2606003322,PTY,31606,1,GAGAL - selalu unit_cost=1,1.339611,CALCULATED
CSTPTY2606003334,PTY,31618,1,GAGAL - selalu unit_cost=1,2.947514,CALCULATED
CSTPTY2606003341,PTY,31625,1,GAGAL - selalu unit_cost=1,2.882792,CALCULATED
CSTPTY2606003342,PTY,31626,1,GAGAL - selalu unit_cost=1,2.882792,CALCULATED
CSTPTY2606003343,PTY,31627,1,GAGAL - selalu unit_cost=1,2.882792,CALCULATED
CSTPTY2606003344,PTY,31628,1,GAGAL - selalu unit_cost=1,2.882792,CALCULATED
CSTPTY2606003357,PTY,31701,1,GAGAL - selalu unit_cost=1,1.310861,CALCULATED
CSTPTY2606003398,PTY,31742,1,GAGAL - selalu unit_cost=1,1.318763,CALCULATED
CSTPTY2606003403,PTY,31747,1,GAGAL - selalu unit_cost=1,2.932339,CALCULATED
CSTPTY2606003408,PTY,31752,1,GAGAL - selalu unit_cost=1,2.932339,CALCULATED
CSTPTY2606003496,PTY,31840,1,GAGAL - selalu unit_cost=1,3.000870,CALCULATED
CSTPTY2606003497,PTY,31841,1,GAGAL - selalu unit_cost=1,3.000870,CALCULATED
CSTPTY2606003498,PTY,31842,1,GAGAL - selalu unit_cost=1,3.000870,CALCULATED
CSTPTY2606003499,PTY,31843,1,GAGAL - selalu unit_cost=1,3.000870,CALCULATED
CSTPTY2606003510,PTY,31854,1,GAGAL - selalu unit_cost=1,2.970437,CALCULATED
CSTPTY2606003511,PTY,31855,1,GAGAL - selalu unit_cost=1,2.970437,CALCULATED
CSTPTY2606003512,PTY,31856,1,GAGAL - selalu unit_cost=1,2.970437,CALCULATED
CSTPTY2606003513,PTY,31857,1,GAGAL - selalu unit_cost=1,2.970437,CALCULATED
CSTPTY2606003521,PTY,31865,1,GAGAL - selalu unit_cost=1,3.126846,CALCULATED
CSTPTY2606003531,PTY,31875,1,GAGAL - selalu unit_cost=1,2.915816,CALCULATED
CSTPTY2606003532,PTY,31876,1,GAGAL - selalu unit_cost=1,2.915816,CALCULATED
CSTPTY2606003533,PTY,31877,1,GAGAL - selalu unit_cost=1,2.915816,CALCULATED
CSTPTY2606003534,PTY,31878,1,GAGAL - selalu unit_cost=1,2.915816,CALCULATED
CSTPTY2606003537,PTY,31881,1,GAGAL - selalu unit_cost=1,1.246487,CALCULATED
CSTPTY2606003573,PTY,31917,1,GAGAL - selalu unit_cost=1,2.857389,CALCULATED
CSTPTY2606003580,PTY,31924,1,GAGAL - selalu unit_cost=1,2.857389,CALCULATED
CSTPTY2606003585,PTY,31929,1,GAGAL - selalu unit_cost=1,2.857389,CALCULATED
CSTPTY2606003614,PTY,31958,1,GAGAL - selalu unit_cost=1,3.027718,CALCULATED
CSTPTY2606003615,PTY,31959,1,GAGAL - selalu unit_cost=1,3.067757,CALCULATED
CSTPTY2606003616,PTY,31960,1,GAGAL - selalu unit_cost=1,3.027718,CALCULATED
CSTPTY2606003617,PTY,31961,1,GAGAL - selalu unit_cost=1,3.027718,CALCULATED
CSTPTY2606003618,PTY,31962,1,GAGAL - selalu unit_cost=1,3.027718,CALCULATED
CSTPTY2606003633,PTY,31977,1,GAGAL - selalu unit_cost=1,3.096209,CALCULATED
CSTPTY2606003636,PTY,31980,1,GAGAL - selalu unit_cost=1,3.020499,CALCULATED
CSTPTY2606003637,PTY,31981,1,GAGAL - selalu unit_cost=1,3.034373,CALCULATED
CSTPTY2606003638,PTY,31982,1,GAGAL - selalu unit_cost=1,3.034373,CALCULATED
CSTPTY2606003639,PTY,31983,1,GAGAL - selalu unit_cost=1,3.034373,CALCULATED
CSTPTY2606003642,PTY,31986,1,GAGAL - selalu unit_cost=1,3.034373,CALCULATED
CSTPTY2606003644,PTY,31988,1,GAGAL - selalu unit_cost=1,3.034373,CALCULATED
CSTPTY2606003660,PTY,32004,1,GAGAL - selalu unit_cost=1,1.359624,CALCULATED
CSTPTY2606003662,PTY,32006,1,GAGAL - selalu unit_cost=1,3.105132,CALCULATED
CSTPTY2606003663,PTY,32007,1,GAGAL - selalu unit_cost=1,3.105132,CALCULATED
CSTPTY2606003664,PTY,32008,1,GAGAL - selalu unit_cost=1,3.105132,CALCULATED
CSTPTY2606003707,PTY,32051,1,GAGAL - selalu unit_cost=1,2.856902,CALCULATED
CSTPTY2606003708,PTY,32052,1,GAGAL - selalu unit_cost=1,2.856902,CALCULATED
CSTPTY2606003709,PTY,32053,1,GAGAL - selalu unit_cost=1,2.856902,CALCULATED
CSTPTY2606003710,PTY,32054,1,GAGAL - selalu unit_cost=1,2.856902,CALCULATED
CSTPTY2606003711,PTY,32055,1,GAGAL - selalu unit_cost=1,2.856902,CALCULATED
CSTPTY2606003712,PTY,32056,1,GAGAL - selalu unit_cost=1,2.856902,CALCULATED
CSTPTY2606003768,PTY,32112,1,GAGAL - selalu unit_cost=1,3.048011,CALCULATED
CSTPTY2606003769,PTY,32113,1,GAGAL - selalu unit_cost=1,2.992956,CALCULATED
CSTPTY2606003770,PTY,32114,1,GAGAL - selalu unit_cost=1,2.992956,CALCULATED
CSTPTY2606003774,PTY,32118,1,GAGAL - selalu unit_cost=1,3.026990,CALCULATED
CSTPTY2606003780,PTY,32124,1,GAGAL - selalu unit_cost=1,2.886218,CALCULATED
CSTPTY2606003787,PTY,32131,1,GAGAL - selalu unit_cost=1,2.962936,CALCULATED
CSTPTY2606003792,PTY,32136,1,GAGAL - selalu unit_cost=1,1.471968,CALCULATED
CSTPTY2606003793,PTY,32137,1,GAGAL - selalu unit_cost=1,1.434433,CALCULATED
CSTPTY2606003807,PTY,32151,1,GAGAL - selalu unit_cost=1,1.294775,CALCULATED
CSTPTY2606003811,PTY,32155,1,GAGAL - selalu unit_cost=1,1.416919,CALCULATED
CSTPTY2606003840,PTY,32184,1,GAGAL - selalu unit_cost=1,1.320658,CALCULATED
CSTPTY2606003844,PTY,32188,1,GAGAL - selalu unit_cost=1,2.957731,CALCULATED
CSTPTY2606003845,PTY,32189,1,GAGAL - selalu unit_cost=1,2.957731,CALCULATED
CSTPTY2606003847,PTY,32191,1,GAGAL - selalu unit_cost=1,1.623196,CALCULATED
CSTPTY2606003848,PTY,32192,1,GAGAL - selalu unit_cost=1,1.601516,CALCULATED
CSTPTY2606003875,PTY,32219,1,GAGAL - selalu unit_cost=1,2.987023,CALCULATED
CSTPTY2606003877,PTY,32221,1,GAGAL - selalu unit_cost=1,2.987023,CALCULATED
CSTPTY2606003878,PTY,32222,1,GAGAL - selalu unit_cost=1,1.700535,CALCULATED
CSTPTY2606003879,PTY,32223,1,GAGAL - selalu unit_cost=1,1.488934,CALCULATED
CSTPTY2606003881,PTY,32225,1,GAGAL - selalu unit_cost=1,2.981369,CALCULATED
CSTPTY2606003882,PTY,32226,1,GAGAL - selalu unit_cost=1,2.981369,CALCULATED
CSTPTY2606003883,PTY,32227,1,GAGAL - selalu unit_cost=1,2.981369,CALCULATED
CSTPTY2606003888,PTY,32232,1,GAGAL - selalu unit_cost=1,2.927557,CALCULATED
CSTPTY2606003926,PTY,32270,1,GAGAL - selalu unit_cost=1,2.875185,CALCULATED
CSTPTY2606003928,PTY,32272,1,GAGAL - selalu unit_cost=1,2.875185,CALCULATED
CSTPTY2606003929,PTY,32273,1,GAGAL - selalu unit_cost=1,2.875185,CALCULATED
CSTPTY2606003931,PTY,32275,1,GAGAL - selalu unit_cost=1,2.875185,CALCULATED
CSTPTY2606003939,PTY,32283,1,GAGAL - selalu unit_cost=1,2.875185,CALCULATED
CSTPTY2606003940,PTY,32284,1,GAGAL - selalu unit_cost=1,2.875185,CALCULATED
CSTPTY2606003944,PTY,32288,1,GAGAL - selalu unit_cost=1,2.877683,CALCULATED
CSTPTY2606003948,PTY,32292,1,GAGAL - selalu unit_cost=1,2.877683,CALCULATED
CSTPTY2606003949,PTY,32293,1,GAGAL - selalu unit_cost=1,2.877683,CALCULATED
CSTPTY2606003953,PTY,32297,1,GAGAL - selalu unit_cost=1,2.853473,CALCULATED
CSTPTY2606003957,PTY,32301,1,GAGAL - selalu unit_cost=1,2.877683,CALCULATED
CSTPTY2606004037,PTY,32381,1,GAGAL - selalu unit_cost=1,2.921518,CALCULATED
CSTPTY2606004091,PTY,32435,1,GAGAL - selalu unit_cost=1,1.306279,CALCULATED
CSTPTY2606004092,PTY,32436,1,GAGAL - selalu unit_cost=1,1.384441,CALCULATED
CSTPTY2606004137,PTY,32481,1,GAGAL - selalu unit_cost=1,1.412480,CALCULATED
CSTPTY2606004139,PTY,32483,1,GAGAL - selalu unit_cost=1,2.815141,CALCULATED
CSTPTY2606004141,PTY,32485,1,GAGAL - selalu unit_cost=1,2.815141,CALCULATED
CSTPTY2606004145,PTY,32489,1,GAGAL - selalu unit_cost=1,2.817629,CALCULATED
CSTPTY2606004182,PTY,32526,1,GAGAL - selalu unit_cost=1,1.280905,CALCULATED
CSTPTY2606004199,PTY,32543,1,GAGAL - selalu unit_cost=1,1.319491,CALCULATED
CSTPTY2606004240,PTY,32584,1,GAGAL - selalu unit_cost=1,2.894315,CALCULATED
CSTPTY2606004242,PTY,32586,1,GAGAL - selalu unit_cost=1,2.894315,CALCULATED
CSTPTY2606004243,PTY,32587,1,GAGAL - selalu unit_cost=1,2.894315,CALCULATED
CSTPTY2606004246,PTY,32590,1,GAGAL - selalu unit_cost=1,2.894315,CALCULATED
CSTPTY2606004247,PTY,32591,1,GAGAL - selalu unit_cost=1,2.894315,CALCULATED
CSTPTY2606004248,PTY,32592,1,GAGAL - selalu unit_cost=1,2.894315,CALCULATED
CSTPTY2606004249,PTY,32593,1,GAGAL - selalu unit_cost=1,2.894315,CALCULATED
CSTPTY2606004251,PTY,32595,1,GAGAL - selalu unit_cost=1,2.894315,CALCULATED
CSTPTY2606004252,PTY,32596,1,GAGAL - selalu unit_cost=1,2.894315,CALCULATED
CSTPTY2606004256,PTY,32600,1,GAGAL - selalu unit_cost=1,3.009841,CALCULATED
CSTPTY2606004307,PTY,32651,1,GAGAL - selalu unit_cost=1,2.882764,CALCULATED
CSTPTY2606004320,PTY,32664,1,GAGAL - selalu unit_cost=1,1.543949,CALCULATED
CSTPTY2606004358,PTY,32702,1,GAGAL - selalu unit_cost=1,2.865579,CALCULATED
CSTPTY2606004359,PTY,32703,1,GAGAL - selalu unit_cost=1,2.865579,CALCULATED
CSTPTY2606004362,PTY,32706,1,GAGAL - selalu unit_cost=1,2.865579,CALCULATED
CSTPTY2606004363,PTY,32707,1,GAGAL - selalu unit_cost=1,2.865579,CALCULATED
CSTPTY2606004368,PTY,32712,1,GAGAL - selalu unit_cost=1,1.343068,CALCULATED
CSTPTY2606004419,PTY,32763,1,GAGAL - selalu unit_cost=1,1.456346,CALCULATED
CSTPTY2606004422,PTY,32766,1,GAGAL - selalu unit_cost=1,1.373271,CALCULATED
CSTPTY2606004447,PTY,32791,1,GAGAL - selalu unit_cost=1,2.895469,CALCULATED
CSTPTY2606004448,PTY,32792,1,GAGAL - selalu unit_cost=1,2.895469,CALCULATED
CSTPTY2606004449,PTY,32793,1,GAGAL - selalu unit_cost=1,2.895469,CALCULATED
CSTPTY2606004453,PTY,32797,1,GAGAL - selalu unit_cost=1,2.905932,CALCULATED
CSTPTY2606004454,PTY,32798,1,GAGAL - selalu unit_cost=1,2.908365,CALCULATED
CSTPTY2606004471,PTY,32815,1,GAGAL - selalu unit_cost=1,1.471021,CALCULATED
CSTPTY2606004474,PTY,32818,1,GAGAL - selalu unit_cost=1,2.998548,CALCULATED
CSTPTY2606004476,PTY,32820,1,GAGAL - selalu unit_cost=1,1.440544,CALCULATED
CSTPTY2606004501,PTY,32845,1,GAGAL - selalu unit_cost=1,1.568225,CALCULATED
CSTPTY2606004505,PTY,32849,1,GAGAL - selalu unit_cost=1,2.893455,CALCULATED
CSTPTY2606004519,PTY,32863,1,GAGAL - selalu unit_cost=1,3.061859,CALCULATED
CSTPTY2606004522,PTY,32866,1,GAGAL - selalu unit_cost=1,3.061859,CALCULATED
CSTPTY2606004523,PTY,32867,1,GAGAL - selalu unit_cost=1,3.061859,CALCULATED
CSTPTY2606004524,PTY,32868,1,GAGAL - selalu unit_cost=1,3.061859,CALCULATED
CSTPTY2606004530,PTY,32874,1,GAGAL - selalu unit_cost=1,2.951310,CALCULATED
CSTPTY2606004531,PTY,32875,1,GAGAL - selalu unit_cost=1,2.951310,CALCULATED
CSTPTY2606004532,PTY,32876,1,GAGAL - selalu unit_cost=1,2.886914,CALCULATED
CSTPTY2606004533,PTY,32877,1,GAGAL - selalu unit_cost=1,2.886914,CALCULATED
CSTPTY2606004534,PTY,32878,1,GAGAL - selalu unit_cost=1,2.886914,CALCULATED
CSTPTY2606004535,PTY,32879,1,GAGAL - selalu unit_cost=1,2.886914,CALCULATED
CSTPTY2606004536,PTY,32880,1,GAGAL - selalu unit_cost=1,2.886914,CALCULATED
CSTPTY2606004537,PTY,32881,1,GAGAL - selalu unit_cost=1,2.886914,CALCULATED
CSTPTY2606004538,PTY,32882,1,GAGAL - selalu unit_cost=1,2.886914,CALCULATED
CSTPTY2606004539,PTY,32883,1,GAGAL - selalu unit_cost=1,2.886914,CALCULATED
CSTPTY2606004540,PTY,32884,1,GAGAL - selalu unit_cost=1,2.886914,CALCULATED
CSTPTY2606004542,PTY,32886,1,GAGAL - selalu unit_cost=1,2.886914,CALCULATED
CSTPTY2606004543,PTY,32887,1,GAGAL - selalu unit_cost=1,2.886914,CALCULATED
CSTPTY2606004570,PTY,32914,1,GAGAL - selalu unit_cost=1,2.881812,CALCULATED
CSTPTY2606004571,PTY,32915,1,GAGAL - selalu unit_cost=1,2.881812,CALCULATED
CSTPTY2606004572,PTY,32916,1,GAGAL - selalu unit_cost=1,2.881812,CALCULATED
CSTPTY2606004574,PTY,32918,1,GAGAL - selalu unit_cost=1,2.881812,CALCULATED
CSTPTY2606004575,PTY,32919,1,GAGAL - selalu unit_cost=1,2.881812,CALCULATED
CSTPTY2606004585,PTY,32929,1,GAGAL - selalu unit_cost=1,2.881812,CALCULATED
CSTPTY2606004586,PTY,32930,1,GAGAL - selalu unit_cost=1,2.881812,CALCULATED
CSTPTY2606004587,PTY,32931,1,GAGAL - selalu unit_cost=1,2.881812,CALCULATED
CSTPTY2606004588,PTY,32932,1,GAGAL - selalu unit_cost=1,2.881812,CALCULATED
CSTPTY2606004589,PTY,32933,1,GAGAL - selalu unit_cost=1,2.881812,CALCULATED
CSTPTY2606004590,PTY,32934,1,GAGAL - selalu unit_cost=1,2.881812,CALCULATED
CSTPTY2606004591,PTY,32935,1,GAGAL - selalu unit_cost=1,2.881812,CALCULATED
CSTPTY2606004595,PTY,32939,1,GAGAL - selalu unit_cost=1,2.881812,CALCULATED
CSTPTY2606004596,PTY,32940,1,GAGAL - selalu unit_cost=1,2.881812,CALCULATED
CSTPTY2606004597,PTY,32941,1,GAGAL - selalu unit_cost=1,2.881812,CALCULATED
CSTPTY2606004598,PTY,32942,1,GAGAL - selalu unit_cost=1,2.881812,CALCULATED
CSTPTY2606004599,PTY,32943,1,GAGAL - selalu unit_cost=1,2.881812,CALCULATED
CSTPTY2606004600,PTY,32944,1,GAGAL - selalu unit_cost=1,2.881812,CALCULATED
CSTPTY2606004601,PTY,32945,1,GAGAL - selalu unit_cost=1,2.881812,CALCULATED
CSTPTY2606004602,PTY,32946,1,GAGAL - selalu unit_cost=1,2.881812,CALCULATED
CSTPTY2606004603,PTY,32947,1,GAGAL - selalu unit_cost=1,2.881812,CALCULATED
CSTPTY2606004604,PTY,32948,1,GAGAL - selalu unit_cost=1,2.881812,CALCULATED
CSTPTY2606004605,PTY,32949,1,GAGAL - selalu unit_cost=1,2.881812,CALCULATED
CSTPTY2606004606,PTY,32950,1,GAGAL - selalu unit_cost=1,2.881812,CALCULATED
CSTPTY2606004607,PTY,32951,1,GAGAL - selalu unit_cost=1,2.881812,CALCULATED
CSTPTY2606004608,PTY,32952,1,GAGAL - selalu unit_cost=1,2.881812,CALCULATED
CSTPTY2606004609,PTY,32953,1,GAGAL - selalu unit_cost=1,2.881812,CALCULATED
CSTPTY2606004611,PTY,32955,1,GAGAL - selalu unit_cost=1,2.881812,CALCULATED
CSTPTY2606004612,PTY,32956,1,GAGAL - selalu unit_cost=1,2.881812,CALCULATED
CSTPTY2606004613,PTY,32957,1,GAGAL - selalu unit_cost=1,2.881812,CALCULATED
CSTPTY2606004614,PTY,32958,1,GAGAL - selalu unit_cost=1,2.881812,CALCULATED
CSTPTY2606004615,PTY,32959,1,GAGAL - selalu unit_cost=1,2.881812,CALCULATED
CSTPTY2606004617,PTY,32961,1,GAGAL - selalu unit_cost=1,2.881812,CALCULATED
CSTPTY2606004619,PTY,32963,1,GAGAL - selalu unit_cost=1,2.881812,CALCULATED
CSTPTY2606004620,PTY,32964,1,GAGAL - selalu unit_cost=1,2.881812,CALCULATED
CSTPTY2606004621,PTY,32965,1,GAGAL - selalu unit_cost=1,2.881812,CALCULATED
CSTPTY2606004622,PTY,32966,1,GAGAL - selalu unit_cost=1,2.881812,CALCULATED
CSTPTY2606004623,PTY,32967,1,GAGAL - selalu unit_cost=1,2.881812,CALCULATED
CSTPTY2606004624,PTY,32968,1,GAGAL - selalu unit_cost=1,2.881812,CALCULATED
CSTPTY2606004626,PTY,32970,1,GAGAL - selalu unit_cost=1,2.881812,CALCULATED
CSTPTY2606004627,PTY,32971,1,GAGAL - selalu unit_cost=1,2.881812,CALCULATED
CSTPTY2606004629,PTY,32973,1,GAGAL - selalu unit_cost=1,2.881812,CALCULATED
CSTPTY2606004630,PTY,32974,1,GAGAL - selalu unit_cost=1,2.881812,CALCULATED
CSTPTY2606004632,PTY,32976,1,GAGAL - selalu unit_cost=1,2.881812,CALCULATED
CSTPTY2606004633,PTY,32977,1,GAGAL - selalu unit_cost=1,2.881812,CALCULATED
CSTPTY2606004634,PTY,32978,1,GAGAL - selalu unit_cost=1,2.881812,CALCULATED
CSTPTY2606004641,PTY,32985,1,GAGAL - selalu unit_cost=1,1.267574,CALCULATED
CSTPTY2606004650,PTY,32994,1,GAGAL - selalu unit_cost=1,1.569451,CALCULATED
CSTPTY2606004651,PTY,32995,1,GAGAL - selalu unit_cost=1,1.471329,CALCULATED
CSTPTY2606004655,PTY,32999,1,GAGAL - selalu unit_cost=1,1.450778,CALCULATED
CSTPTY2606004657,PTY,33001,1,GAGAL - selalu unit_cost=1,3.276606,CALCULATED
CSTPTY2606004662,PTY,33006,1,GAGAL - selalu unit_cost=1,1.496592,CALCULATED
CSTPTY2606004669,PTY,33013,1,GAGAL - selalu unit_cost=1,3.078200,CALCULATED
CSTPTY2606004670,PTY,33014,1,GAGAL - selalu unit_cost=1,3.078200,CALCULATED
CSTPTY2606004671,PTY,33015,1,GAGAL - selalu unit_cost=1,3.078200,CALCULATED
CSTPTY2606004672,PTY,33016,1,GAGAL - selalu unit_cost=1,3.078200,CALCULATED
CSTPTY2606004673,PTY,33017,1,GAGAL - selalu unit_cost=1,3.078200,CALCULATED
CSTPTY2606004674,PTY,33018,1,GAGAL - selalu unit_cost=1,3.078200,CALCULATED
CSTPTY2606004675,PTY,33019,1,GAGAL - selalu unit_cost=1,3.078200,CALCULATED
CSTPTY2606004676,PTY,33020,1,GAGAL - selalu unit_cost=1,3.078200,CALCULATED
CSTPTY2606004677,PTY,33021,1,GAGAL - selalu unit_cost=1,3.078200,CALCULATED
CSTPTY2606004685,PTY,33029,1,GAGAL - selalu unit_cost=1,2.977299,CALCULATED
CSTPTY2606004686,PTY,33030,1,GAGAL - selalu unit_cost=1,2.977299,CALCULATED
CSTPTY2606004687,PTY,33031,1,GAGAL - selalu unit_cost=1,2.977299,CALCULATED
CSTPTY2606004688,PTY,33032,1,GAGAL - selalu unit_cost=1,2.977299,CALCULATED
CSTPTY2606004689,PTY,33033,1,GAGAL - selalu unit_cost=1,2.977299,CALCULATED
CSTPTY2606004690,PTY,33034,1,GAGAL - selalu unit_cost=1,2.977299,CALCULATED
CSTPTY2606004691,PTY,33035,1,GAGAL - selalu unit_cost=1,2.977299,CALCULATED
CSTPTY2606004692,PTY,33036,1,GAGAL - selalu unit_cost=1,2.977299,CALCULATED
CSTPTY2606004693,PTY,33037,1,GAGAL - selalu unit_cost=1,2.977299,CALCULATED
CSTPTY2606004694,PTY,33038,1,GAGAL - selalu unit_cost=1,2.977299,CALCULATED
CSTPTY2606004695,PTY,33039,1,GAGAL - selalu unit_cost=1,2.977299,CALCULATED
CSTPTY2606004696,PTY,33040,1,GAGAL - selalu unit_cost=1,2.977299,CALCULATED
CSTPTY2606004697,PTY,33041,1,GAGAL - selalu unit_cost=1,2.977299,CALCULATED
CSTPTY2606004698,PTY,33042,1,GAGAL - selalu unit_cost=1,2.977299,CALCULATED
CSTPTY2606004699,PTY,33043,1,GAGAL - selalu unit_cost=1,2.977299,CALCULATED
CSTPTY2606004700,PTY,33044,1,GAGAL - selalu unit_cost=1,2.977299,CALCULATED
CSTPTY2606004701,PTY,33045,1,GAGAL - selalu unit_cost=1,2.977299,CALCULATED
CSTPTY2606004702,PTY,33046,1,GAGAL - selalu unit_cost=1,2.977299,CALCULATED
CSTPTY2606004703,PTY,33047,1,GAGAL - selalu unit_cost=1,2.977299,CALCULATED
CSTPTY2606004704,PTY,33048,1,GAGAL - selalu unit_cost=1,2.977299,CALCULATED
CSTPTY2606004705,PTY,33049,1,GAGAL - selalu unit_cost=1,2.977299,CALCULATED
CSTPTY2606004707,PTY,33051,1,GAGAL - selalu unit_cost=1,2.977299,CALCULATED
CSTPTY2606004708,PTY,33052,1,GAGAL - selalu unit_cost=1,2.977299,CALCULATED
CSTPTY2606004709,PTY,33053,1,GAGAL - selalu unit_cost=1,2.977299,CALCULATED
CSTPTY2606004710,PTY,33054,1,GAGAL - selalu unit_cost=1,2.977299,CALCULATED
CSTPTY2606004711,PTY,33055,1,GAGAL - selalu unit_cost=1,2.977299,CALCULATED
CSTPTY2606004712,PTY,33056,1,GAGAL - selalu unit_cost=1,2.977299,CALCULATED
CSTPTY2606004713,PTY,33057,1,GAGAL - selalu unit_cost=1,2.977299,CALCULATED
CSTPTY2606004714,PTY,33058,1,GAGAL - selalu unit_cost=1,2.977299,CALCULATED
CSTPTY2606004715,PTY,33059,1,GAGAL - selalu unit_cost=1,2.977299,CALCULATED
CSTPTY2606004716,PTY,33060,1,GAGAL - selalu unit_cost=1,2.977299,CALCULATED
CSTPTY2606004717,PTY,33061,1,GAGAL - selalu unit_cost=1,2.977299,CALCULATED
CSTPTY2606004718,PTY,33062,1,GAGAL - selalu unit_cost=1,2.977299,CALCULATED
CSTPTY2606004719,PTY,33063,1,GAGAL - selalu unit_cost=1,2.977299,CALCULATED
CSTPTY2606004720,PTY,33064,1,GAGAL - selalu unit_cost=1,2.977299,CALCULATED
CSTPTY2606004721,PTY,33065,1,GAGAL - selalu unit_cost=1,2.977299,CALCULATED
CSTPTY2606004722,PTY,33066,1,GAGAL - selalu unit_cost=1,2.977299,CALCULATED
CSTPTY2606004723,PTY,33067,1,GAGAL - selalu unit_cost=1,2.977299,CALCULATED
CSTPTY2606004724,PTY,33068,1,GAGAL - selalu unit_cost=1,2.977299,CALCULATED
CSTPTY2606004725,PTY,33069,1,GAGAL - selalu unit_cost=1,2.977299,CALCULATED
CSTPTY2606004726,PTY,33070,1,GAGAL - selalu unit_cost=1,2.977299,CALCULATED
CSTPTY2606004727,PTY,33071,1,GAGAL - selalu unit_cost=1,2.977299,CALCULATED
CSTPTY2606004783,PTY,33127,1,GAGAL - selalu unit_cost=1,2.844092,CALCULATED
CSTPTY2606004788,PTY,33132,1,GAGAL - selalu unit_cost=1,1.348435,CALCULATED
CSTPTY2606004803,PTY,33147,1,GAGAL - selalu unit_cost=1,1.489612,CALCULATED
CSTPTY2606004821,PTY,33317,1,GAGAL - selalu unit_cost=1,1.384600,CALCULATED
CSTPTY2606004827,PTY,33323,1,GAGAL - selalu unit_cost=1,2.884770,CALCULATED
CSTPTY2606004828,PTY,33324,1,GAGAL - selalu unit_cost=1,2.884770,CALCULATED
CSTPTY2606004829,PTY,33325,1,GAGAL - selalu unit_cost=1,2.878594,CALCULATED
CSTPTY2606004830,PTY,33326,1,GAGAL - selalu unit_cost=1,2.878594,CALCULATED
CSTPTY2606004831,PTY,33327,1,GAGAL - selalu unit_cost=1,2.878594,CALCULATED
CSTPTY2606004833,PTY,33329,1,GAGAL - selalu unit_cost=1,2.878594,CALCULATED
CSTPTY2606004835,PTY,33331,1,GAGAL - selalu unit_cost=1,2.878594,CALCULATED
CSTPTY2606004837,PTY,33333,1,GAGAL - selalu unit_cost=1,2.820069,CALCULATED
CSTPTY2606004838,PTY,33334,1,GAGAL - selalu unit_cost=1,2.878594,CALCULATED
CSTPTY2606004839,PTY,33335,1,GAGAL - selalu unit_cost=1,2.820069,CALCULATED
CSTPTY2606004840,PTY,33336,1,GAGAL - selalu unit_cost=1,2.820069,CALCULATED
CSTPTY2606004841,PTY,33337,1,GAGAL - selalu unit_cost=1,2.820069,CALCULATED
CSTPTY2606004842,PTY,33338,1,GAGAL - selalu unit_cost=1,2.820069,CALCULATED
CSTPTY2606004843,PTY,33339,1,GAGAL - selalu unit_cost=1,2.820069,CALCULATED
CSTPTY2606004844,PTY,33340,1,GAGAL - selalu unit_cost=1,2.820069,CALCULATED
CSTPTY2606004845,PTY,33341,1,GAGAL - selalu unit_cost=1,2.820069,CALCULATED
CSTPTY2606004846,PTY,33342,1,GAGAL - selalu unit_cost=1,2.820069,CALCULATED
CSTPTY2606004847,PTY,33343,1,GAGAL - selalu unit_cost=1,2.820069,CALCULATED
CSTPTY2606004849,PTY,33345,1,GAGAL - selalu unit_cost=1,2.820069,CALCULATED
CSTPTY2606004852,PTY,33348,1,GAGAL - selalu unit_cost=1,2.820069,CALCULATED
CSTPTY2606004854,PTY,33350,1,GAGAL - selalu unit_cost=1,2.820069,CALCULATED
CSTPTY2606004855,PTY,33351,1,GAGAL - selalu unit_cost=1,2.820069,CALCULATED
CSTPTY2606004856,PTY,33352,1,GAGAL - selalu unit_cost=1,2.820069,CALCULATED
CSTPTY2606004857,PTY,33353,1,GAGAL - selalu unit_cost=1,2.820069,CALCULATED
CSTPTY2606004858,PTY,33354,1,GAGAL - selalu unit_cost=1,2.820069,CALCULATED
CSTPTY2606004859,PTY,33355,1,GAGAL - selalu unit_cost=1,2.820069,CALCULATED
CSTPTY2606004860,PTY,33356,1,GAGAL - selalu unit_cost=1,2.820069,CALCULATED
CSTPTY2606004861,PTY,33357,1,GAGAL - selalu unit_cost=1,2.820069,CALCULATED
CSTPTY2606004862,PTY,33358,1,GAGAL - selalu unit_cost=1,2.820069,CALCULATED
CSTPTY2606004863,PTY,33359,1,GAGAL - selalu unit_cost=1,2.820069,CALCULATED
CSTPTY2606004864,PTY,33360,1,GAGAL - selalu unit_cost=1,2.820069,CALCULATED
CSTPTY2606004865,PTY,33361,1,GAGAL - selalu unit_cost=1,2.820069,CALCULATED
CSTPTY2606004866,PTY,33362,1,GAGAL - selalu unit_cost=1,2.820069,CALCULATED
CSTPTY2606004868,PTY,33364,1,GAGAL - selalu unit_cost=1,2.820069,CALCULATED
CSTPTY2606004869,PTY,33365,1,GAGAL - selalu unit_cost=1,2.820069,CALCULATED
CSTPTY2606004870,PTY,33366,1,GAGAL - selalu unit_cost=1,2.820069,CALCULATED
CSTPTY2606004872,PTY,33368,1,GAGAL - selalu unit_cost=1,2.820069,CALCULATED
CSTPTY2606004873,PTY,33369,1,GAGAL - selalu unit_cost=1,2.820069,CALCULATED
CSTPTY2606004874,PTY,33370,1,GAGAL - selalu unit_cost=1,2.820069,CALCULATED
CSTPTY2606004875,PTY,33371,1,GAGAL - selalu unit_cost=1,2.820069,CALCULATED
CSTPTY2606004876,PTY,33372,1,GAGAL - selalu unit_cost=1,2.820069,CALCULATED
CSTPTY2606004877,PTY,33373,1,GAGAL - selalu unit_cost=1,2.820069,CALCULATED
CSTPTY2606004878,PTY,33374,1,GAGAL - selalu unit_cost=1,2.820069,CALCULATED
CSTPTY2606004898,PTY,33394,1,GAGAL - selalu unit_cost=1,2.881812,CALCULATED
CSTPTY2606004900,PTY,33396,1,GAGAL - selalu unit_cost=1,2.881812,CALCULATED
CSTPTY2606004901,PTY,33397,1,GAGAL - selalu unit_cost=1,2.881812,CALCULATED
CSTPTY2606004902,PTY,33398,1,GAGAL - selalu unit_cost=1,2.881812,CALCULATED
CSTPTY2606004903,PTY,33399,1,GAGAL - selalu unit_cost=1,2.881812,CALCULATED
CSTPTY2606004905,PTY,33401,1,GAGAL - selalu unit_cost=1,2.881812,CALCULATED
CSTPTY2606004907,PTY,33403,1,GAGAL - selalu unit_cost=1,2.881812,CALCULATED
CSTPTY2606004908,PTY,33404,1,GAGAL - selalu unit_cost=1,2.881812,CALCULATED
CSTPTY2606004909,PTY,33405,1,GAGAL - selalu unit_cost=1,2.881812,CALCULATED
CSTPTY2606004910,PTY,33406,1,GAGAL - selalu unit_cost=1,2.881812,CALCULATED
CSTPTY2606004911,PTY,33407,1,GAGAL - selalu unit_cost=1,2.881812,CALCULATED
CSTPTY2606004912,PTY,33408,1,GAGAL - selalu unit_cost=1,2.881812,CALCULATED
CSTPTY2606004915,PTY,33411,1,GAGAL - selalu unit_cost=1,2.881812,CALCULATED
CSTPTY2606004916,PTY,33412,1,GAGAL - selalu unit_cost=1,2.881812,CALCULATED
CSTPTY2606004917,PTY,33413,1,GAGAL - selalu unit_cost=1,2.881812,CALCULATED
CSTPTY2606004918,PTY,33414,1,GAGAL - selalu unit_cost=1,2.881812,CALCULATED
CSTPTY2606004919,PTY,33415,1,GAGAL - selalu unit_cost=1,2.881812,CALCULATED
CSTMB2607003265,MB,39783,139,OK - selalu resolve benar,8.118503,APPROVED
CSTMB2607003280,MB,39798,107,OK - selalu resolve benar,15.322149,APPROVED
CSTMB2607003277,MB,39795,77,OK - selalu resolve benar,15.126815,APPROVED
CSTTTY2606000361,TTY,35928,44,OK - selalu resolve benar,2.121635,CALCULATED
CSTTCY2606000005,TCY,27770,25,OK - selalu resolve benar,2.175911,CALCULATED
CSTTCY2606000060,TCY,34813,21,OK - selalu resolve benar,2.205685,CALCULATED
CSTTCY2606000003,TCY,27768,18,OK - selalu resolve benar,2.152402,CALCULATED
CSTTTY2606000323,TTY,35890,14,OK - selalu resolve benar,2.096721,CALCULATED
CSTTTY2606000322,TTY,35889,13,OK - selalu resolve benar,2.096721,CALCULATED
CSTFDY2606000016,FDY,28167,11,OK - selalu resolve benar,0.202387,CALCULATED
CSTTTY2606000375,TTY,35942,9,OK - selalu resolve benar,2.221180,CALCULATED
CSTTCY2606000008,TCY,27773,9,OK - selalu resolve benar,2.148408,CALCULATED
CSTMB2607003271,MB,39789,9,OK - selalu resolve benar,7.894929,APPROVED
CSTTCY2606000058,TCY,34811,5,OK - selalu resolve benar,2.205685,CALCULATED
CSTTTY2606000409,TTY,35976,5,OK - selalu resolve benar,2.180065,CALCULATED
CSTMB2607003279,MB,39797,4,OK - selalu resolve benar,6.857496,APPROVED
CSTPTY2606000920,PTY,8807,4,OK - selalu resolve benar,0.313374,CALCULATED
CSTPOY2606003489,POY,3576,4,OK - selalu resolve benar,2.941756,CALCULATED
CSTATY2606000017,ATY,23317,4,OK - selalu resolve benar,2.584542,CALCULATED
CSTPTY2606002791,PTY,28343,3,OK - selalu resolve benar,2.190181,CALCULATED
CSTIDY2606000115,IDY,27617,3,OK - selalu resolve benar,0.108182,CALCULATED
CSTPTY2606002837,PTY,28394,3,OK - selalu resolve benar,2.114710,CALCULATED
CSTPTY2606002619,PTY,27714,3,OK - selalu resolve benar,2.800584,CALCULATED
CSTPOY2606003798,POY,3885,3,OK - selalu resolve benar,0.198976,CALCULATED
CSTATY2606000120,ATY,23264,3,OK - selalu resolve benar,2.350336,CALCULATED
CSTPTY2606002794,PTY,28346,2,OK - selalu resolve benar,2.185334,CALCULATED
CSTTTY2606000790,TTY,35378,2,OK - selalu resolve benar,0.136351,CALCULATED
CSTTTY2606000371,TTY,35938,2,OK - selalu resolve benar,2.121635,CALCULATED
CSTTTY2606000585,TTY,35156,2,OK - selalu resolve benar,2.135700,CALCULATED
CSTTTY2606000730,TTY,35301,2,OK - selalu resolve benar,0.151259,CALCULATED
CSTTCY2606000248,TCY,34738,2,OK - selalu resolve benar,3.140528,CALCULATED
CSTMB2607003266,MB,39784,2,OK - selalu resolve benar,9.390688,APPROVED
CSTATY2606000183,ATY,23380,2,OK - selalu resolve benar,0.400502,CALCULATED
CSTIDY2606000040,IDY,27542,2,OK - selalu resolve benar,0.114730,CALCULATED
CSTTCY2606000059,TCY,34812,2,OK - selalu resolve benar,0.188659,CALCULATED
CSTPOY2606003819,POY,27176,2,OK - selalu resolve benar,0.323957,CALCULATED
CSTPTY2606005493,PTY,28689,2,OK - selalu resolve benar,0.112247,CALCULATED
CSTFDY2606000003,FDY,28154,2,OK - selalu resolve benar,0.124083,CALCULATED
CSTTTY2606000435,TTY,36002,2,OK - selalu resolve benar,2.075648,CALCULATED
CSTTTY2606000916,TTY,35504,2,OK - selalu resolve benar,0.290475,CALCULATED
CSTPTY2606005206,PTY,28402,2,OK - selalu resolve benar,2.151899,CALCULATED
CSTMB2607003822,MB,40340,2,OK - selalu resolve benar,5.460237,APPROVED
CSTTTY2606000917,TTY,35505,2,OK - selalu resolve benar,0.290763,CALCULATED
CSTMB2607003900,MB,40418,2,OK - selalu resolve benar,12.451134,APPROVED
CSTTCY2606000013,TCY,34766,2,OK - selalu resolve benar,2.205685,CALCULATED
CSTTCY2606000014,TCY,34767,2,OK - selalu resolve benar,2.205685,CALCULATED
CSTPTY2606005239,PTY,28435,2,OK - selalu resolve benar,2.187104,CALCULATED
CSTPTY2606005236,PTY,28432,2,OK - selalu resolve benar,3.232726,CALCULATED
CSTPTY2606002805,PTY,28357,2,OK - selalu resolve benar,2.188797,CALCULATED
CSTTTY2606000472,TTY,36039,2,OK - selalu resolve benar,2.112471,CALCULATED
CSTPOY2606004002,POY,27501,2,OK - selalu resolve benar,0.316313,CALCULATED
CSTATY2606000016,ATY,23316,2,OK - selalu resolve benar,2.990880,CALCULATED
CSTTCY2606000046,TCY,34799,2,OK - selalu resolve benar,0.136657,CALCULATED
CSTPTY2606006380,PTY,34445,2,OK - selalu resolve benar,0.156975,CALCULATED
CSTIDY2606000074,IDY,27576,2,OK - selalu resolve benar,0.042267,CALCULATED
CSTPTY2606002800,PTY,28352,2,OK - selalu resolve benar,2.221515,CALCULATED
CSTPTY2606002799,PTY,28351,2,OK - selalu resolve benar,2.145895,CALCULATED
CSTATY2606000015,ATY,23315,2,OK - selalu resolve benar,3.145263,CALCULATED
CSTPTY2606005455,PTY,28651,1,OK - selalu resolve benar,2.241092,CALCULATED
CSTPTY2606005456,PTY,28652,1,OK - selalu resolve benar,2.139471,CALCULATED
CSTPTY2606005457,PTY,28653,1,OK - selalu resolve benar,2.105499,CALCULATED
CSTTCY2606000224,TCY,27792,1,OK - selalu resolve benar,0.018038,CALCULATED
CSTPTY2606005459,PTY,28655,1,OK - selalu resolve benar,2.143650,CALCULATED
CSTPTY2606005460,PTY,28656,1,OK - selalu resolve benar,2.189909,CALCULATED
CSTPTY2606005461,PTY,28657,1,OK - selalu resolve benar,2.199887,CALCULATED
CSTPTY2606005386,PTY,28582,1,OK - selalu resolve benar,2.355047,CALCULATED
CSTTCY2606000222,TCY,27790,1,OK - selalu resolve benar,0.055363,CALCULATED
CSTTCY2606000206,TCY,27774,1,OK - selalu resolve benar,2.175911,CALCULATED
CSTPTY2606005465,PTY,28661,1,OK - selalu resolve benar,2.155069,CALCULATED
CSTPTY2606005466,PTY,28662,1,OK - selalu resolve benar,2.188168,CALCULATED
CSTTCY2606000004,TCY,27769,1,OK - selalu resolve benar,2.175911,CALCULATED
CSTPTY2606005474,PTY,28670,1,OK - selalu resolve benar,0.179948,CALCULATED
CSTPTY2606005475,PTY,28671,1,OK - selalu resolve benar,0.402983,CALCULATED
CSTPTY2606004779,PTY,33123,1,OK - selalu resolve benar,0.278256,CALCULATED
CSTTCY2606000001,TCY,27766,1,OK - selalu resolve benar,2.148408,CALCULATED
CSTTTY2606000856,TTY,35444,1,OK - selalu resolve benar,2.133792,CALCULATED
CSTTCY2606000205,TCY,27765,1,OK - selalu resolve benar,2.148408,CALCULATED
CSTPTY2606004787,PTY,33131,1,OK - selalu resolve benar,0.153773,CALCULATED
CSTTCY2606000418,TCY,35035,1,OK - selalu resolve benar,2.091775,CALCULATED
CSTPTY2606005486,PTY,28682,1,OK - selalu resolve benar,2.114019,CALCULATED
CSTPTY2606005487,PTY,28683,1,OK - selalu resolve benar,2.196169,CALCULATED
CSTNTY2606000001,NTY,27641,1,OK - selalu resolve benar,0.095500,CALCULATED
CSTPTY2606004825,PTY,33321,1,OK - selalu resolve benar,0.455734,CALCULATED
CSTITY2606000017,ITY,27634,1,OK - selalu resolve benar,2.083770,CALCULATED
CSTTTY2606000866,TTY,35454,1,OK - selalu resolve benar,2.225463,CALCULATED
CSTTTY2606000377,TTY,35944,1,OK - selalu resolve benar,0.115748,CALCULATED
CSTPTY2606005495,PTY,28691,1,OK - selalu resolve benar,2.168959,CALCULATED
CSTTCY2606000422,TCY,35039,1,OK - selalu resolve benar,2.097158,CALCULATED
CSTPTY2606005145,PTY,34571,1,OK - selalu resolve benar,2.177121,CALCULATED
CSTIDY2606000018,IDY,27520,1,OK - selalu resolve benar,0.027288,CALCULATED
CSTPTY2606005499,PTY,28695,1,OK - selalu resolve benar,2.139149,CALCULATED
CSTITY2606000016,ITY,27633,1,OK - selalu resolve benar,2.170105,CALCULATED
CSTTCY2606000424,TCY,35041,1,OK - selalu resolve benar,2.131112,CALCULATED
CSTITY2606000004,ITY,27621,1,OK - selalu resolve benar,2.134172,CALCULATED
CSTPTY2606006460,PTY,34574,1,OK - selalu resolve benar,2.184507,CALCULATED
CSTPTY2606006461,PTY,34575,1,OK - selalu resolve benar,2.184507,CALCULATED
CSTPTY2606005385,PTY,28581,1,OK - selalu resolve benar,2.205062,CALCULATED
CSTTTY2606000869,TTY,35457,1,OK - selalu resolve benar,2.288843,CALCULATED
CSTTTY2606000870,TTY,35458,1,OK - selalu resolve benar,2.090045,CALCULATED
CSTPTY2606006464,PTY,34578,1,OK - selalu resolve benar,6.152847,CALCULATED
CSTTTY2606000871,TTY,35459,1,OK - selalu resolve benar,2.090045,CALCULATED
CSTTCY2606000430,TCY,35047,1,OK - selalu resolve benar,2.138335,CALCULATED
CSTTTY2606000872,TTY,35460,1,OK - selalu resolve benar,2.090045,CALCULATED
CSTPTY2606005517,PTY,28713,1,OK - selalu resolve benar,2.190333,CALCULATED
CSTPTY2606005518,PTY,28714,1,OK - selalu resolve benar,2.182928,CALCULATED
CSTTCY2606000433,TCY,35050,1,OK - selalu resolve benar,4.205364,CALCULATED
CSTPTY2606005520,PTY,28716,1,OK - selalu resolve benar,2.177377,CALCULATED
CSTPTY2606005378,PTY,28574,1,OK - selalu resolve benar,2.165392,CALCULATED
CSTTTY2606000550,TTY,28724,1,OK - selalu resolve benar,0.093891,CALCULATED
CSTTCY2606000434,TCY,35051,1,OK - selalu resolve benar,2.183262,CALCULATED
CSTTTY2606000552,TTY,28726,1,OK - selalu resolve benar,2.140399,CALCULATED
CSTTTY2606000873,TTY,35461,1,OK - selalu resolve benar,2.090045,CALCULATED
CSTTTY2606000874,TTY,35462,1,OK - selalu resolve benar,2.090045,CALCULATED
CSTTTY2606000875,TTY,35463,1,OK - selalu resolve benar,2.090045,CALCULATED
CSTIDY2606000114,IDY,27616,1,OK - selalu resolve benar,0.088766,CALCULATED
CSTTTY2606000876,TTY,35464,1,OK - selalu resolve benar,2.090045,CALCULATED
CSTIDY2606000113,IDY,27615,1,OK - selalu resolve benar,0.079058,CALCULATED
CSTTTY2606000877,TTY,35465,1,OK - selalu resolve benar,2.090045,CALCULATED
CSTTCY2606000443,TCY,35060,1,OK - selalu resolve benar,2.123890,CALCULATED
CSTPTY2606006476,PTY,34590,1,OK - selalu resolve benar,6.230568,CALCULATED
CSTTTY2606000009,TTY,28737,1,OK - selalu resolve benar,0.101625,CALCULATED
CSTTTY2606000878,TTY,35466,1,OK - selalu resolve benar,2.090045,CALCULATED
CSTTTY2606000879,TTY,35467,1,OK - selalu resolve benar,2.090045,CALCULATED
CSTTCY2606000446,TCY,35063,1,OK - selalu resolve benar,2.147002,CALCULATED
CSTTCY2606000448,TCY,35065,1,OK - selalu resolve benar,2.148488,CALCULATED
CSTPTY2606005377,PTY,28573,1,OK - selalu resolve benar,2.170441,CALCULATED
CSTTCY2606000450,TCY,35067,1,OK - selalu resolve benar,2.132015,CALCULATED
CSTPTY2606005375,PTY,28571,1,OK - selalu resolve benar,2.209023,CALCULATED
CSTTTY2606000880,TTY,35468,1,OK - selalu resolve benar,2.090045,CALCULATED
CSTTTY2606000881,TTY,35469,1,OK - selalu resolve benar,2.090045,CALCULATED
CSTTTY2606000882,TTY,35470,1,OK - selalu resolve benar,2.090045,CALCULATED
CSTPTY2606005370,PTY,28566,1,OK - selalu resolve benar,2.227311,CALCULATED
CSTPTY2606005366,PTY,28562,1,OK - selalu resolve benar,2.162062,CALCULATED
CSTTTY2606000883,TTY,35471,1,OK - selalu resolve benar,2.090045,CALCULATED
CSTPTY2606005363,PTY,28559,1,OK - selalu resolve benar,2.129642,CALCULATED
CSTIDY2606000112,IDY,27614,1,OK - selalu resolve benar,0.062231,CALCULATED
CSTPTY2606005361,PTY,28557,1,OK - selalu resolve benar,2.134042,CALCULATED
CSTTTY2606000567,TTY,35138,1,OK - selalu resolve benar,2.875931,CALCULATED
CSTTCY2606000247,TCY,34737,1,OK - selalu resolve benar,6.172387,CALCULATED
CSTPTY2606005360,PTY,28556,1,OK - selalu resolve benar,2.122710,CALCULATED
CSTPTY2606005357,PTY,28553,1,OK - selalu resolve benar,2.194533,CALCULATED
CSTIDY2606000111,IDY,27613,1,OK - selalu resolve benar,0.036405,CALCULATED
CSTPTY2606005334,PTY,28530,1,OK - selalu resolve benar,2.183811,CALCULATED
CSTTCY2606000249,TCY,34739,1,OK - selalu resolve benar,2.128920,CALCULATED
CSTTCY2606000251,TCY,34741,1,OK - selalu resolve benar,4.110039,CALCULATED
CSTTCY2606000252,TCY,34742,1,OK - selalu resolve benar,2.106014,CALCULATED
CSTPTY2606005332,PTY,28528,1,OK - selalu resolve benar,3.198975,CALCULATED
CSTIDY2606000013,IDY,27515,1,OK - selalu resolve benar,0.092986,CALCULATED
CSTTCY2606000254,TCY,34744,1,OK - selalu resolve benar,2.127501,CALCULATED
CSTTTY2606000884,TTY,35472,1,OK - selalu resolve benar,2.090045,CALCULATED
CSTTCY2606000256,TCY,34746,1,OK - selalu resolve benar,2.124793,CALCULATED
CSTIDY2606000110,IDY,27612,1,OK - selalu resolve benar,0.036369,CALCULATED
CSTIDY2606000109,IDY,27611,1,OK - selalu resolve benar,0.033169,CALCULATED
CSTIDY2606000108,IDY,27610,1,OK - selalu resolve benar,0.033136,CALCULATED
CSTIDY2606000107,IDY,27609,1,OK - selalu resolve benar,0.082294,CALCULATED
CSTIDY2606000106,IDY,27608,1,OK - selalu resolve benar,0.036405,CALCULATED
CSTIDY2606000101,IDY,27603,1,OK - selalu resolve benar,0.022118,CALCULATED
CSTTCY2606000258,TCY,34748,1,OK - selalu resolve benar,2.128914,CALCULATED
CSTIDY2606000100,IDY,27602,1,OK - selalu resolve benar,0.073947,CALCULATED
CSTTCY2606000259,TCY,34749,1,OK - selalu resolve benar,2.100927,CALCULATED
CSTPTY2606005331,PTY,28527,1,OK - selalu resolve benar,2.140581,CALCULATED
CSTPTY2606005314,PTY,28510,1,OK - selalu resolve benar,2.137039,CALCULATED
CSTTCY2606000260,TCY,34750,1,OK - selalu resolve benar,2.128914,CALCULATED
CSTPTY2606005284,PTY,28480,1,OK - selalu resolve benar,2.205679,CALCULATED
CSTTCY2606000261,TCY,34751,1,OK - selalu resolve benar,2.128914,CALCULATED
CSTPTY2606005283,PTY,28479,1,OK - selalu resolve benar,2.115389,CALCULATED
CSTTCY2606000262,TCY,34752,1,OK - selalu resolve benar,2.128914,CALCULATED
CSTIDY2606000098,IDY,27600,1,OK - selalu resolve benar,0.079684,CALCULATED
CSTTCY2606000263,TCY,34753,1,OK - selalu resolve benar,2.181889,CALCULATED
CSTIDY2606000091,IDY,27593,1,OK - selalu resolve benar,0.037195,CALCULATED
CSTTTY2606000573,TTY,35144,1,OK - selalu resolve benar,2.098702,CALCULATED
CSTTTY2606000885,TTY,35473,1,OK - selalu resolve benar,2.090045,CALCULATED
CSTATY2606000038,ATY,23338,1,OK - selalu resolve benar,0.310218,CALCULATED
CSTTTY2606000886,TTY,35474,1,OK - selalu resolve benar,2.090045,CALCULATED
CSTTCY2606000269,TCY,34759,1,OK - selalu resolve benar,3.098135,CALCULATED
CSTTTY2606000887,TTY,35475,1,OK - selalu resolve benar,2.090045,CALCULATED
CSTIDY2606000090,IDY,27592,1,OK - selalu resolve benar,0.030995,CALCULATED
CSTIDY2606000012,IDY,27514,1,OK - selalu resolve benar,0.559592,CALCULATED
CSTTTY2606000888,TTY,35476,1,OK - selalu resolve benar,2.090045,CALCULATED
CSTTCY2606000012,TCY,34765,1,OK - selalu resolve benar,2.205685,CALCULATED
CSTTTY2606000584,TTY,35155,1,OK - selalu resolve benar,2.124252,CALCULATED
CSTIDY2606000011,IDY,27513,1,OK - selalu resolve benar,0.217995,CALCULATED
CSTIDY2606000089,IDY,27591,1,OK - selalu resolve benar,0.030965,CALCULATED
CSTIDY2606000088,IDY,27590,1,OK - selalu resolve benar,0.118961,CALCULATED
CSTTTY2606000889,TTY,35477,1,OK - selalu resolve benar,2.090045,CALCULATED
CSTIDY2606000087,IDY,27589,1,OK - selalu resolve benar,0.222060,CALCULATED
CSTPTY2606005275,PTY,28471,1,OK - selalu resolve benar,6.159503,CALCULATED
CSTIDY2606000086,IDY,27588,1,OK - selalu resolve benar,0.266472,CALCULATED
CSTPOY2606003748,POY,3835,1,OK - selalu resolve benar,3.037819,CALCULATED
CSTIDY2606000085,IDY,27587,1,OK - selalu resolve benar,0.221841,CALCULATED
CSTIDY2606000084,IDY,27586,1,OK - selalu resolve benar,0.130373,CALCULATED
CSTIDY2606000083,IDY,27585,1,OK - selalu resolve benar,0.157542,CALCULATED
CSTTTY2606000895,TTY,35483,1,OK - selalu resolve benar,2.177088,CALCULATED
CSTIDY2606000082,IDY,27584,1,OK - selalu resolve benar,0.170002,CALCULATED
CSTTTY2606000380,TTY,35947,1,OK - selalu resolve benar,0.184819,CALCULATED
CSTIDY2606000081,IDY,27583,1,OK - selalu resolve benar,0.233689,CALCULATED
CSTMB2607003274,MB,39792,1,OK - selalu resolve benar,10.701575,APPROVED
CSTTCY2606000030,TCY,34783,1,OK - selalu resolve benar,2.165263,CALCULATED
CSTPTY2606003400,PTY,31744,1,OK - selalu resolve benar,5.527083,CALCULATED
CSTPTY2606003401,PTY,31745,1,OK - selalu resolve benar,5.527083,CALCULATED
CSTPTY2606005274,PTY,28470,1,OK - selalu resolve benar,6.113439,CALCULATED
CSTPOY2606003705,POY,3792,1,OK - selalu resolve benar,0.326023,CALCULATED
CSTPTY2606005259,PTY,28455,1,OK - selalu resolve benar,3.203979,CALCULATED
CSTTTY2606000600,TTY,35171,1,OK - selalu resolve benar,2.134661,CALCULATED
CSTTTY2606000601,TTY,35172,1,OK - selalu resolve benar,2.149576,CALCULATED
CSTPOY2606003653,POY,3740,1,OK - selalu resolve benar,6.441226,CALCULATED
CSTIDY2606000080,IDY,27582,1,OK - selalu resolve benar,0.157386,CALCULATED
CSTTTY2606000604,TTY,35175,1,OK - selalu resolve benar,2.183426,CALCULATED
CSTTTY2606000609,TTY,35180,1,OK - selalu resolve benar,0.176884,CALCULATED
CSTTTY2606000610,TTY,35181,1,OK - selalu resolve benar,0.294310,CALCULATED
CSTTTY2606000611,TTY,35182,1,OK - selalu resolve benar,0.469257,CALCULATED
CSTTTY2606000612,TTY,35183,1,OK - selalu resolve benar,0.471097,CALCULATED
CSTIDY2606000009,IDY,27511,1,OK - selalu resolve benar,0.044279,CALCULATED
CSTPTY2606005256,PTY,28452,1,OK - selalu resolve benar,2.171972,CALCULATED
CSTPTY2606005249,PTY,28445,1,OK - selalu resolve benar,2.183634,CALCULATED
CSTMB2607003278,MB,39796,1,OK - selalu resolve benar,18.735104,APPROVED
CSTPTY2606005248,PTY,28444,1,OK - selalu resolve benar,2.183634,CALCULATED
CSTPOY2606003650,POY,3737,1,OK - selalu resolve benar,3.037312,CALCULATED
CSTPTY2606005247,PTY,28443,1,OK - selalu resolve benar,2.183634,CALCULATED
CSTTCY2606000056,TCY,34809,1,OK - selalu resolve benar,0.257996,CALCULATED
CSTPTY2606005246,PTY,28442,1,OK - selalu resolve benar,2.183634,CALCULATED
CSTPTY2606005245,PTY,28441,1,OK - selalu resolve benar,2.183634,CALCULATED
CSTIDY2606000008,IDY,27510,1,OK - selalu resolve benar,0.044279,CALCULATED
CSTTTY2606000923,TTY,35511,1,OK - selalu resolve benar,6.210915,CALCULATED
CSTTTY2606000619,TTY,35190,1,OK - selalu resolve benar,6.150838,CALCULATED
CSTIDY2606000071,IDY,27573,1,OK - selalu resolve benar,0.022140,CALCULATED
CSTPTY2606005738,PTY,33795,1,OK - selalu resolve benar,2.858955,CALCULATED
CSTPTY2606005244,PTY,28440,1,OK - selalu resolve benar,2.561025,CALCULATED
CSTPTY2606005241,PTY,28437,1,OK - selalu resolve benar,2.182954,CALCULATED
CSTPOY2606003610,POY,3697,1,OK - selalu resolve benar,6.515476,CALCULATED
CSTPTY2606005231,PTY,28427,1,OK - selalu resolve benar,2.169486,CALCULATED
CSTPTY2606005230,PTY,28426,1,OK - selalu resolve benar,2.169486,CALCULATED
CSTPTY2606005229,PTY,28425,1,OK - selalu resolve benar,2.232401,CALCULATED
CSTPTY2606005228,PTY,28424,1,OK - selalu resolve benar,2.232401,CALCULATED
CSTPTY2606005223,PTY,28419,1,OK - selalu resolve benar,2.152801,CALCULATED
CSTPTY2606005218,PTY,28414,1,OK - selalu resolve benar,2.315981,CALCULATED
CSTPTY2606005216,PTY,28412,1,OK - selalu resolve benar,2.211372,CALCULATED
CSTIDY2606000007,IDY,27509,1,OK - selalu resolve benar,0.256223,CALCULATED
CSTPOY2606003510,POY,3597,1,OK - selalu resolve benar,6.543263,CALCULATED
CSTIDY2606000006,IDY,27508,1,OK - selalu resolve benar,0.162278,CALCULATED
CSTTTY2606000944,TTY,35532,1,OK - selalu resolve benar,2.159658,CALCULATED
CSTIDY2606000004,IDY,27506,1,OK - selalu resolve benar,0.022680,CALCULATED
CSTIDY2606000003,IDY,27505,1,OK - selalu resolve benar,0.117660,CALCULATED
CSTIDY2606000002,IDY,27504,1,OK - selalu resolve benar,0.101224,CALCULATED
CSTIDY2606000070,IDY,27572,1,OK - selalu resolve benar,0.244577,CALCULATED
CSTTTY2606000945,TTY,35533,1,OK - selalu resolve benar,2.188708,CALCULATED
CSTMB2607003284,MB,39802,1,OK - selalu resolve benar,5.316978,APPROVED
CSTPTY2606005215,PTY,28411,1,OK - selalu resolve benar,2.128564,CALCULATED
CSTPTY2606005213,PTY,28409,1,OK - selalu resolve benar,2.198595,CALCULATED
CSTPTY2606005207,PTY,28403,1,OK - selalu resolve benar,2.051189,CALCULATED
CSTPOY2606000008,POY,95,1,OK - selalu resolve benar,2.933964,CALCULATED
CSTTTY2606000980,TTY,35568,1,OK - selalu resolve benar,2.185850,CALCULATED
CSTIDY2606000069,IDY,27571,1,OK - selalu resolve benar,0.244577,CALCULATED
CSTPOY2606000007,POY,94,1,OK - selalu resolve benar,6.547844,CALCULATED
CSTMB2607003285,MB,39803,1,OK - selalu resolve benar,10.294542,APPROVED
CSTTTY2606000642,TTY,35213,1,OK - selalu resolve benar,2.131942,CALCULATED
CSTPTY2606005205,PTY,28401,1,OK - selalu resolve benar,2.151899,CALCULATED
CSTPTY2606002838,PTY,28395,1,OK - selalu resolve benar,2.173718,CALCULATED
CSTTTY2606000983,TTY,35571,1,OK - selalu resolve benar,2.172646,CALCULATED
CSTMB2607003286,MB,39804,1,OK - selalu resolve benar,19.054885,APPROVED
CSTTTY2606000646,TTY,35217,1,OK - selalu resolve benar,2.199271,CALCULATED
CSTIDY2606000068,IDY,27570,1,OK - selalu resolve benar,0.156589,CALCULATED
CSTIDY2606000067,IDY,27569,1,OK - selalu resolve benar,0.116765,CALCULATED
CSTPOY2606004001,POY,27500,1,OK - selalu resolve benar,0.326023,CALCULATED
CSTPTY2606002789,PTY,28341,1,OK - selalu resolve benar,2.161142,CALCULATED
CSTPTY2606002788,PTY,28340,1,OK - selalu resolve benar,2.161142,CALCULATED
CSTIDY2606000061,IDY,27563,1,OK - selalu resolve benar,0.120783,CALCULATED
CSTPTY2606002787,PTY,28339,1,OK - selalu resolve benar,2.161142,CALCULATED
CSTPOY2606000004,POY,91,1,OK - selalu resolve benar,6.445345,CALCULATED
CSTTTY2606000461,TTY,36028,1,OK - selalu resolve benar,2.112471,CALCULATED
CSTPTY2606005846,PTY,33911,1,OK - selalu resolve benar,0.485959,CALCULATED
CSTIDY2606000060,IDY,27562,1,OK - selalu resolve benar,0.118287,CALCULATED
CSTIDY2606000059,IDY,27561,1,OK - selalu resolve benar,0.115448,CALCULATED
CSTIDY2606000057,IDY,27559,1,OK - selalu resolve benar,0.161807,CALCULATED
CSTIDY2606000055,IDY,27557,1,OK - selalu resolve benar,0.117506,CALCULATED
CSTPTY2606002786,PTY,28338,1,OK - selalu resolve benar,2.161142,CALCULATED
CSTPTY2606002770,PTY,28322,1,OK - selalu resolve benar,2.130712,CALCULATED
CSTIDY2606000054,IDY,27556,1,OK - selalu resolve benar,0.099221,CALCULATED
CSTPTY2606002755,PTY,28307,1,OK - selalu resolve benar,2.077433,CALCULATED
CSTTTY2606000462,TTY,36029,1,OK - selalu resolve benar,2.112471,CALCULATED
CSTTTY2606000663,TTY,35234,1,OK - selalu resolve benar,0.518141,CALCULATED
CSTPTY2606002733,PTY,28285,1,OK - selalu resolve benar,2.162664,CALCULATED
CSTTTY2606000463,TTY,36030,1,OK - selalu resolve benar,2.112471,CALCULATED
CSTPTY2606002732,PTY,28284,1,OK - selalu resolve benar,2.162664,CALCULATED
CSTPTY2606002731,PTY,28283,1,OK - selalu resolve benar,2.162664,CALCULATED
CSTPTY2606002730,PTY,28282,1,OK - selalu resolve benar,2.162664,CALCULATED
CSTPTY2606002729,PTY,28281,1,OK - selalu resolve benar,2.162664,CALCULATED
CSTPTY2606002728,PTY,28280,1,OK - selalu resolve benar,2.162664,CALCULATED
CSTPTY2606002727,PTY,28279,1,OK - selalu resolve benar,2.162664,CALCULATED
CSTPTY2606002726,PTY,28278,1,OK - selalu resolve benar,2.162664,CALCULATED
CSTIDY2606000053,IDY,27555,1,OK - selalu resolve benar,0.096644,CALCULATED
CSTTTY2606000464,TTY,36031,1,OK - selalu resolve benar,2.112471,CALCULATED
CSTTTY2606000465,TTY,36032,1,OK - selalu resolve benar,2.112471,CALCULATED
CSTTTY2606000673,TTY,35244,1,OK - selalu resolve benar,0.208437,CALCULATED
CSTTTY2606000466,TTY,36033,1,OK - selalu resolve benar,2.112471,CALCULATED
CSTTTY2606000675,TTY,35246,1,OK - selalu resolve benar,0.214368,CALCULATED
CSTPTY2606002725,PTY,28277,1,OK - selalu resolve benar,2.162664,CALCULATED
CSTTTY2606000467,TTY,36034,1,OK - selalu resolve benar,2.112471,CALCULATED
CSTPOY2606003978,POY,27477,1,OK - selalu resolve benar,0.269930,CALCULATED
CSTPTY2606004093,PTY,32437,1,OK - selalu resolve benar,2.755107,CALCULATED
CSTIDY2606000052,IDY,27554,1,OK - selalu resolve benar,0.092192,CALCULATED
CSTPTY2606002724,PTY,28276,1,OK - selalu resolve benar,2.162664,CALCULATED
CSTTTY2606000468,TTY,36035,1,OK - selalu resolve benar,2.112471,CALCULATED
CSTTTY2606000469,TTY,36036,1,OK - selalu resolve benar,2.112471,CALCULATED
CSTTTY2606000470,TTY,36037,1,OK - selalu resolve benar,2.112471,CALCULATED
CSTPTY2606002723,PTY,28275,1,OK - selalu resolve benar,2.162664,CALCULATED
CSTTTY2606000694,TTY,35265,1,OK - selalu resolve benar,2.111008,CALCULATED
CSTPTY2606002722,PTY,28274,1,OK - selalu resolve benar,2.162664,CALCULATED
CSTPTY2606002721,PTY,28273,1,OK - selalu resolve benar,2.162664,CALCULATED
CSTTTY2606001004,TTY,35592,1,OK - selalu resolve benar,2.220398,CALCULATED
CSTTTY2606000699,TTY,35270,1,OK - selalu resolve benar,2.161072,CALCULATED
CSTTTY2606001005,TTY,35593,1,OK - selalu resolve benar,2.198766,CALCULATED
CSTTTY2606000471,TTY,36038,1,OK - selalu resolve benar,2.112471,CALCULATED
CSTPTY2606002720,PTY,28272,1,OK - selalu resolve benar,2.162664,CALCULATED
CSTPTY2606002719,PTY,28271,1,OK - selalu resolve benar,2.162664,CALCULATED
CSTTTY2606000030,TTY,35597,1,OK - selalu resolve benar,2.112471,CALCULATED
CSTPOY2606003973,POY,27472,1,OK - selalu resolve benar,3.158781,CALCULATED
CSTPOY2606003967,POY,27466,1,OK - selalu resolve benar,0.293660,CALCULATED
CSTPTY2606002718,PTY,28270,1,OK - selalu resolve benar,2.162664,CALCULATED
CSTPOY2606003818,POY,27175,1,OK - selalu resolve benar,0.326023,CALCULATED
CSTPTY2606001484,PTY,9371,1,OK - selalu resolve benar,0.611860,CALCULATED
CSTPTY2606002717,PTY,28269,1,OK - selalu resolve benar,2.162664,CALCULATED
CSTTCY2606000275,TCY,34892,1,OK - selalu resolve benar,2.121181,CALCULATED
CSTPTY2606001238,PTY,9125,1,OK - selalu resolve benar,6.047765,CALCULATED
CSTPTY2606002716,PTY,28268,1,OK - selalu resolve benar,2.162664,CALCULATED
CSTTCY2606000277,TCY,34894,1,OK - selalu resolve benar,2.181670,CALCULATED
CSTPTY2606002714,PTY,28266,1,OK - selalu resolve benar,2.162664,CALCULATED
CSTPTY2606002700,PTY,28252,1,OK - selalu resolve benar,0.129043,CALCULATED
CSTPTY2606000922,PTY,8809,1,OK - selalu resolve benar,0.384711,CALCULATED
CSTTCY2606000279,TCY,34896,1,OK - selalu resolve benar,2.298134,CALCULATED
CSTTCY2606000282,TCY,34899,1,OK - selalu resolve benar,0.238974,CALCULATED
CSTFDY2606000014,FDY,28165,1,OK - selalu resolve benar,0.140396,CALCULATED
CSTTCY2606000284,TCY,34901,1,OK - selalu resolve benar,0.067320,CALCULATED
CSTFDY2606000012,FDY,28163,1,OK - selalu resolve benar,0.092288,CALCULATED
CSTFDY2606000011,FDY,28162,1,OK - selalu resolve benar,0.092288,CALCULATED
CSTFDY2606000010,FDY,28161,1,OK - selalu resolve benar,0.092288,CALCULATED
CSTTCY2606000285,TCY,34902,1,OK - selalu resolve benar,0.075987,CALCULATED
CSTFDY2606000009,FDY,28160,1,OK - selalu resolve benar,0.155098,CALCULATED
CSTPTY2606005960,PTY,34025,1,OK - selalu resolve benar,0.624078,CALCULATED
CSTPTY2606005965,PTY,34030,1,OK - selalu resolve benar,0.922008,CALCULATED
CSTIDY2606000051,IDY,27553,1,OK - selalu resolve benar,0.094301,CALCULATED
CSTTCY2606000287,TCY,34904,1,OK - selalu resolve benar,0.114989,CALCULATED
CSTTTY2606000473,TTY,36040,1,OK - selalu resolve benar,2.112471,CALCULATED
CSTPOY2606003799,POY,3886,1,OK - selalu resolve benar,0.198976,CALCULATED
CSTATY2606000284,ATY,23481,1,OK - selalu resolve benar,0.421546,CALCULATED
CSTFDY2606000008,FDY,28159,1,OK - selalu resolve benar,0.155098,CALCULATED
CSTFDY2606000007,FDY,28158,1,OK - selalu resolve benar,0.155098,CALCULATED
CSTTTY2606000728,TTY,35299,1,OK - selalu resolve benar,0.151259,CALCULATED
CSTIDY2606000050,IDY,27552,1,OK - selalu resolve benar,0.092192,CALCULATED
CSTFDY2606000006,FDY,28157,1,OK - selalu resolve benar,0.202387,CALCULATED
CSTFDY2606000005,FDY,28156,1,OK - selalu resolve benar,0.115600,CALCULATED
CSTTCY2606000296,TCY,34913,1,OK - selalu resolve benar,2.136602,CALCULATED
CSTTTY2606000732,TTY,35303,1,OK - selalu resolve benar,0.180666,CALCULATED
CSTTTY2606000734,TTY,35305,1,OK - selalu resolve benar,0.566871,CALCULATED
CSTPOY2606003795,POY,3882,1,OK - selalu resolve benar,3.353555,CALCULATED
CSTTTY2606000737,TTY,35308,1,OK - selalu resolve benar,2.243633,CALCULATED
CSTPOY2606003794,POY,3881,1,OK - selalu resolve benar,7.947697,CALCULATED
CSTTTY2606000474,TTY,36041,1,OK - selalu resolve benar,2.112471,CALCULATED
CSTTCY2606000310,TCY,34927,1,OK - selalu resolve benar,2.119014,CALCULATED
CSTTCY2606000311,TCY,34928,1,OK - selalu resolve benar,2.094870,CALCULATED
CSTTTY2606000743,TTY,35314,1,OK - selalu resolve benar,3.140455,CALCULATED
CSTTTY2606000744,TTY,35315,1,OK - selalu resolve benar,2.150514,CALCULATED
CSTTCY2606000318,TCY,34935,1,OK - selalu resolve benar,6.166067,CALCULATED
CSTIDY2606000049,IDY,27551,1,OK - selalu resolve benar,0.093962,CALCULATED
CSTPTY2606006100,PTY,34165,1,OK - selalu resolve benar,0.328989,CALCULATED
CSTFDY2606000001,FDY,28152,1,OK - selalu resolve benar,0.115486,CALCULATED
CSTIDY2606000048,IDY,27550,1,OK - selalu resolve benar,0.099623,CALCULATED
CSTTCY2606000319,TCY,34936,1,OK - selalu resolve benar,6.166067,CALCULATED
CSTIDY2606000047,IDY,27549,1,OK - selalu resolve benar,0.099524,CALCULATED
CSTTTY2606000530,TTY,27863,1,OK - selalu resolve benar,2.066442,CALCULATED
CSTPTY2606006115,PTY,34180,1,OK - selalu resolve benar,0.603633,CALCULATED
CSTPTY2606006116,PTY,34181,1,OK - selalu resolve benar,0.937246,CALCULATED
CSTTTY2606000529,TTY,27862,1,OK - selalu resolve benar,0.018007,CALCULATED
CSTTTY2606000528,TTY,27861,1,OK - selalu resolve benar,0.073572,CALCULATED
CSTTTY2606000520,TTY,27853,1,OK - selalu resolve benar,2.031007,CALCULATED
CSTTTY2606000503,TTY,27836,1,OK - selalu resolve benar,2.105051,CALCULATED
CSTTTY2606000502,TTY,27835,1,OK - selalu resolve benar,0.118220,CALCULATED
CSTTCY2606000320,TCY,34937,1,OK - selalu resolve benar,6.219902,CALCULATED
CSTTCY2606000321,TCY,34938,1,OK - selalu resolve benar,2.096728,CALCULATED
CSTPTY2606006152,PTY,34217,1,OK - selalu resolve benar,0.351339,CALCULATED
CSTIDY2606000046,IDY,27548,1,OK - selalu resolve benar,0.150752,CALCULATED
CSTTCY2606000323,TCY,34940,1,OK - selalu resolve benar,3.222469,CALCULATED
CSTTCY2606000324,TCY,34941,1,OK - selalu resolve benar,2.112232,CALCULATED
CSTTTY2606000475,TTY,36042,1,OK - selalu resolve benar,2.112471,CALCULATED
CSTTTY2606000486,TTY,27819,1,OK - selalu resolve benar,2.069351,CALCULATED
CSTTTY2606000485,TTY,27818,1,OK - selalu resolve benar,0.106676,CALCULATED
CSTTTY2606000483,TTY,27816,1,OK - selalu resolve benar,2.114658,CALCULATED
CSTTCY2606000327,TCY,34944,1,OK - selalu resolve benar,2.104157,CALCULATED
CSTTTY2606000476,TTY,36043,1,OK - selalu resolve benar,2.112471,CALCULATED
CSTTTY2606000477,TTY,36044,1,OK - selalu resolve benar,2.112471,CALCULATED
CSTPOY2606003793,POY,3880,1,OK - selalu resolve benar,8.013214,CALCULATED
CSTTTY2606000749,TTY,35320,1,OK - selalu resolve benar,2.132679,CALCULATED
CSTTCY2606000332,TCY,34949,1,OK - selalu resolve benar,2.256000,CALCULATED
CSTIDY2606000045,IDY,27547,1,OK - selalu resolve benar,0.076075,CALCULATED
CSTTCY2606000333,TCY,34950,1,OK - selalu resolve benar,2.256000,CALCULATED
CSTIDY2606000044,IDY,27546,1,OK - selalu resolve benar,0.150603,CALCULATED
CSTTCY2606000334,TCY,34951,1,OK - selalu resolve benar,2.256000,CALCULATED
CSTTCY2606000335,TCY,34952,1,OK - selalu resolve benar,2.110347,CALCULATED
CSTTCY2606000336,TCY,34953,1,OK - selalu resolve benar,2.138335,CALCULATED
CSTTTY2606000750,TTY,35321,1,OK - selalu resolve benar,2.132679,CALCULATED
CSTTTY2606000751,TTY,35322,1,OK - selalu resolve benar,2.141990,CALCULATED
CSTTCY2606000340,TCY,34957,1,OK - selalu resolve benar,2.124793,CALCULATED
CSTTTY2606000482,TTY,27815,1,OK - selalu resolve benar,0.101658,CALCULATED
CSTIDY2606000043,IDY,27545,1,OK - selalu resolve benar,0.076000,CALCULATED
CSTIDY2606000039,IDY,27541,1,OK - selalu resolve benar,0.229490,CALCULATED
CSTIDY2606000038,IDY,27540,1,OK - selalu resolve benar,0.076000,CALCULATED
CSTIDY2606000036,IDY,27538,1,OK - selalu resolve benar,0.044279,CALCULATED
CSTTTY2606000479,TTY,27812,1,OK - selalu resolve benar,2.031007,CALCULATED
CSTIDY2606000035,IDY,27537,1,OK - selalu resolve benar,0.229718,CALCULATED
CSTTCY2606000242,TCY,27810,1,OK - selalu resolve benar,2.105051,CALCULATED
CSTIDY2606000034,IDY,27536,1,OK - selalu resolve benar,0.076075,CALCULATED
CSTTCY2606000341,TCY,34958,1,OK - selalu resolve benar,2.124793,CALCULATED
CSTTCY2606000342,TCY,34959,1,OK - selalu resolve benar,2.124793,CALCULATED
CSTTCY2606000343,TCY,34960,1,OK - selalu resolve benar,2.124793,CALCULATED
CSTTCY2606000344,TCY,34961,1,OK - selalu resolve benar,2.124793,CALCULATED
CSTTCY2606000345,TCY,34962,1,OK - selalu resolve benar,2.124793,CALCULATED
CSTTCY2606000239,TCY,27807,1,OK - selalu resolve benar,2.069351,CALCULATED
CSTTCY2606000346,TCY,34963,1,OK - selalu resolve benar,2.124793,CALCULATED
CSTTTY2606000752,TTY,35323,1,OK - selalu resolve benar,2.141990,CALCULATED
CSTTCY2606000236,TCY,27804,1,OK - selalu resolve benar,2.114658,CALCULATED
CSTTTY2606000478,TTY,36045,1,OK - selalu resolve benar,2.112471,CALCULATED
CSTTCY2606000233,TCY,27801,1,OK - selalu resolve benar,2.066442,CALCULATED
CSTTTY2606000337,TTY,35904,1,OK - selalu resolve benar,0.341215,CALCULATED
CSTIDY2606000029,IDY,27531,1,OK - selalu resolve benar,0.277301,CALCULATED
CSTTCY2606000230,TCY,27798,1,OK - selalu resolve benar,0.077960,CALCULATED
CSTTCY2606000228,TCY,27796,1,OK - selalu resolve benar,0.057502,CALCULATED
CSTTCY2606000226,TCY,27794,1,OK - selalu resolve benar,0.101570,CALCULATED
CSTTTY2606000764,TTY,35335,1,OK - selalu resolve benar,3.625600,CALCULATED
CSTTTY2606000338,TTY,35905,1,OK - selalu resolve benar,0.227476,CALCULATED
CSTTCY2606000354,TCY,34971,1,OK - selalu resolve benar,2.123042,CALCULATED
CSTTCY2606000357,TCY,34974,1,OK - selalu resolve benar,2.104576,CALCULATED
CSTPTY2606004656,PTY,33000,1,OK - selalu resolve benar,2.735128,CALCULATED
CSTPTY2606006371,PTY,34436,1,OK - selalu resolve benar,0.477265,CALCULATED
CSTPOY2606003784,POY,3871,1,OK - selalu resolve benar,0.443960,CALCULATED
CSTTCY2606000359,TCY,34976,1,OK - selalu resolve benar,2.119014,CALCULATED
CSTTTY2606000771,TTY,35342,1,OK - selalu resolve benar,2.157835,CALCULATED
CSTIDY2606000028,IDY,27530,1,OK - selalu resolve benar,0.148178,CALCULATED
CSTPTY2606006379,PTY,34444,1,OK - selalu resolve benar,0.149774,CALCULATED
CSTTCY2606000361,TCY,34978,1,OK - selalu resolve benar,2.153683,CALCULATED
CSTTTY2606000358,TTY,35925,1,OK - selalu resolve benar,2.205249,CALCULATED
CSTTCY2606000363,TCY,34980,1,OK - selalu resolve benar,2.122729,CALCULATED
CSTMB2607000099,MB,36617,1,OK - selalu resolve benar,3.278983,APPROVED
CSTTCY2606000374,TCY,34991,1,OK - selalu resolve benar,2.090355,CALCULATED
CSTTCY2606000377,TCY,34994,1,OK - selalu resolve benar,2.135020,CALCULATED
CSTPTY2606006410,PTY,34475,1,OK - selalu resolve benar,0.687063,CALCULATED
CSTPTY2606006411,PTY,34476,1,OK - selalu resolve benar,0.774581,CALCULATED
CSTTCY2606000379,TCY,34996,1,OK - selalu resolve benar,2.136349,CALCULATED
CSTIDY2606000027,IDY,27529,1,OK - selalu resolve benar,0.266472,CALCULATED
CSTIDY2606000026,IDY,27528,1,OK - selalu resolve benar,0.113406,CALCULATED
CSTTCY2606000380,TCY,34997,1,OK - selalu resolve benar,2.132015,CALCULATED
CSTTTY2606000364,TTY,35931,1,OK - selalu resolve benar,2.185850,CALCULATED
CSTTTY2606000365,TTY,35932,1,OK - selalu resolve benar,2.185850,CALCULATED
CSTTTY2606000366,TTY,35933,1,OK - selalu resolve benar,2.185850,CALCULATED
CSTTTY2606000367,TTY,35934,1,OK - selalu resolve benar,2.185850,CALCULATED
CSTTTY2606000804,TTY,35392,1,OK - selalu resolve benar,0.145056,CALCULATED
CSTPTY2606005389,PTY,28585,1,OK - selalu resolve benar,2.102421,CALCULATED
CSTTTY2606000809,TTY,35397,1,OK - selalu resolve benar,2.180065,CALCULATED
CSTPTY2606005390,PTY,28586,1,OK - selalu resolve benar,2.166006,CALCULATED
CSTIDY2606000023,IDY,27525,1,OK - selalu resolve benar,0.061991,CALCULATED
CSTPTY2606005392,PTY,28588,1,OK - selalu resolve benar,2.199652,CALCULATED
CSTPTY2606005393,PTY,28589,1,OK - selalu resolve benar,2.204563,CALCULATED
CSTIDY2606000022,IDY,27524,1,OK - selalu resolve benar,0.061991,CALCULATED
CSTPTY2606005396,PTY,28592,1,OK - selalu resolve benar,2.064395,CALCULATED
CSTIDY2606000021,IDY,27523,1,OK - selalu resolve benar,0.373061,CALCULATED
CSTTCY2606000391,TCY,35008,1,OK - selalu resolve benar,2.171096,CALCULATED
CSTTCY2606000392,TCY,35009,1,OK - selalu resolve benar,2.171096,CALCULATED
CSTPTY2606005401,PTY,28597,1,OK - selalu resolve benar,2.143589,CALCULATED
CSTTTY2606000811,TTY,35399,1,OK - selalu resolve benar,0.161775,CALCULATED
CSTTCY2606000396,TCY,35013,1,OK - selalu resolve benar,2.136349,CALCULATED
CSTPOY2606003753,POY,3840,1,OK - selalu resolve benar,0.329704,CALCULATED
CSTTCY2606000398,TCY,35015,1,OK - selalu resolve benar,5.184555,CALCULATED
CSTMB2607000540,MB,37058,1,OK - selalu resolve benar,11.149641,APPROVED
CSTTTY2606000824,TTY,35412,1,OK - selalu resolve benar,2.233842,CALCULATED
CSTPTY2606005412,PTY,28608,1,OK - selalu resolve benar,2.204412,CALCULATED
CSTTCY2606000403,TCY,35020,1,OK - selalu resolve benar,2.160003,CALCULATED
CSTPTY2606005414,PTY,28610,1,OK - selalu resolve benar,2.131353,CALCULATED
CSTPTY2606005415,PTY,28611,1,OK - selalu resolve benar,2.131353,CALCULATED
CSTPTY2606005416,PTY,28612,1,OK - selalu resolve benar,2.131353,CALCULATED
CSTPTY2606005417,PTY,28613,1,OK - selalu resolve benar,2.131353,CALCULATED
CSTPTY2606005418,PTY,28614,1,OK - selalu resolve benar,2.131353,CALCULATED
CSTPTY2606005419,PTY,28615,1,OK - selalu resolve benar,2.131353,CALCULATED
CSTPTY2606005420,PTY,28616,1,OK - selalu resolve benar,2.131353,CALCULATED
CSTPTY2606005421,PTY,28617,1,OK - selalu resolve benar,2.131353,CALCULATED
CSTPTY2606005422,PTY,28618,1,OK - selalu resolve benar,2.131353,CALCULATED
CSTPTY2606005423,PTY,28619,1,OK - selalu resolve benar,2.131353,CALCULATED
CSTPTY2606005424,PTY,28620,1,OK - selalu resolve benar,2.131353,CALCULATED
CSTPTY2606005425,PTY,28621,1,OK - selalu resolve benar,2.131353,CALCULATED
CSTPTY2606005426,PTY,28622,1,OK - selalu resolve benar,2.131353,CALCULATED
CSTPTY2606005427,PTY,28623,1,OK - selalu resolve benar,2.131353,CALCULATED
CSTPTY2606005428,PTY,28624,1,OK - selalu resolve benar,2.131353,CALCULATED
CSTPTY2606005429,PTY,28625,1,OK - selalu resolve benar,2.131353,CALCULATED
CSTPTY2606005430,PTY,28626,1,OK - selalu resolve benar,2.131353,CALCULATED
CSTPTY2606005431,PTY,28627,1,OK - selalu resolve benar,2.131353,CALCULATED
CSTPTY2606005432,PTY,28628,1,OK - selalu resolve benar,2.131353,CALCULATED
CSTPTY2606005433,PTY,28629,1,OK - selalu resolve benar,2.131353,CALCULATED
CSTTCY2606000404,TCY,35021,1,OK - selalu resolve benar,8.940030,CALCULATED
CSTTPY2606005802,TPY,34545,1,OK - selalu resolve benar,2.117943,CALCULATED
CSTTCY2606000405,TCY,35022,1,OK - selalu resolve benar,7.722930,CALCULATED
CSTIDY2606000020,IDY,27522,1,OK - selalu resolve benar,0.373061,CALCULATED
CSTPTY2606005438,PTY,28634,1,OK - selalu resolve benar,2.187104,CALCULATED
CSTPTY2606005439,PTY,28635,1,OK - selalu resolve benar,2.196247,CALCULATED
CSTPTY2606005440,PTY,28636,1,OK - selalu resolve benar,2.193828,CALCULATED
CSTIDY2606000019,IDY,27521,1,OK - selalu resolve benar,0.175567,CALCULATED
CSTTPY2606005806,TPY,34549,1,OK - selalu resolve benar,2.098702,CALCULATED
CSTTTY2606000848,TTY,35436,1,OK - selalu resolve benar,0.300552,CALCULATED
CSTTTY2606000849,TTY,35437,1,OK - selalu resolve benar,0.300552,CALCULATED
CSTPTY2606005445,PTY,28641,1,OK - selalu resolve benar,2.170804,CALCULATED
CSTTTY2606000850,TTY,35438,1,OK - selalu resolve benar,0.300254,CALCULATED
CSTTCY2606000414,TCY,35031,1,OK - selalu resolve benar,2.181670,CALCULATED
CSTFDY2606000020,FDY,34559,1,OK - selalu resolve benar,0.172714,CALCULATED
CSTPTY2606005451,PTY,28647,1,OK - selalu resolve benar,6.145411,CALCULATED
CSTPTY2606005452,PTY,28648,1,OK - selalu resolve benar,6.175001,CALCULATED
CSTPTY2606005453,PTY,28649,1,OK - selalu resolve benar,6.180988,CALCULATED
CSTPTY2606005454,PTY,28650,1,OK - selalu resolve benar,6.182812,CALCULATED
